date,stock_index,open_price,close_price,daily_high,daily_low,trading_volume,gdp_growth_rate_pct,inflation_pct,unemployment_rate_pct,interest_pct,consumer_confidence_index,gov_debt_billion,corporate_profits_billion,forex_usd_eur,forex_usd_jpy,crude_oil_bbl,gold_price_oz,real_estate_index,retail_sales_billion,bankruptcy_pct,ma_deals,vc_funding_billion,consumer_spending_billion_usd,import_billion_usd,export_billion_usd,year
2000-01-01,Dow Jones,2128.75,2138.48,2143.7,2100.55,2670411.0,-0.37,6.06,6.1,6.06,87.0,27271.0,1645.0,1.04,119.87,47.2,1052.34,390.23,5207.0,2.12,3.0,76.64,4589.0,310.32,258.26,2000
2000-01-02,S&P 500,2046.82,2036.18,2082.83,2009.53,690220415.0,3.19,4.95,6.62,2.19,101.0,16160.0,1008.0,1.0,98.22,52.84,1695.915,346.23,4156.0,2.12,21.0,5.67,10101.0,1243.49,1028.91,2000
2000-01-03,Dow Jones,1987.92,1985.26,2022.28,1978.37,315284661.0,5.54,9.13,2.6,0.82,92.0,29962.0,4562.0,0.83,123.685,78.8,2339.49,439.46,340.0,0.79,48.0,39.43,13665.0,1663.32,1415.78,2000
2000-01-04,Dow Jones,4625.02,4660.47,4665.26,1972.405,13098297.0,10.0,3.77,2.6,3.71,112.0,12745.0,4183.0,0.95,149.15,28.18,1308.54,213.07,8456.0,4.22,16.0,12.83,5192.0,594.47,500.74,2000
2000-01-05,S&P 500,1998.18,1982.18,2044.31,1966.44,385306746.0,10.0,2.2,8.2,4.56,99.0,22293.0,3440.0,1.43,113.71,44.205,2210.08,405.49,1596.0,2.21,24.0,86.37,10688.0,194.88,149.44,2000
2000-01-06,S&P 500,2087.8,2124.76,2153.18,2085.18,82664194.0,1.42,6.08,3.24,1.09,88.0,15880.0,2525.0,1.39,140.0,60.23,2338.39,441.06,1596.0,0.82,45.0,96.8,8613.0,2037.36,1726.98,2000
2000-01-07,Dow Jones,4037.59,2475.7,4055.78,3948.97,653722138.0,7.64,6.24,4.52,8.24,91.0,17830.0,3318.0,1.225,138.8,89.075,1309.15,319.6,1596.0,9.55,31.0,32.63,1303.0,215.46,166.07,2000
2000-01-08,NASDAQ,2798.96,2826.64,3135.9,2766.89,423890033.0,7.08,4.39,13.01,3.77,66.0,20092.0,2265.0,1.06,136.86,117.92,896.46,265.51,1011.0,7.33,37.0,98.89,3771.0,778.95,663.19,2000
2000-01-09,Dow Jones,4106.84,4141.59,2216.02,4062.99,867172199.0,5.97,4.87,9.42,9.18,92.0,27069.0,1113.0,1.02,112.13,120.535,2358.55,479.46,5193.0,5.18,30.0,75.26,13164.0,758.83,640.27,2000
2000-01-10,Dow Jones,1261.46,1229.64,1296.14,1195.84,174582201.0,1.95,9.6,10.24,1.97,98.0,3940.0,3306.0,0.9,142.71,123.15,1361.82,167.59,6147.0,7.43,24.0,0.22,13774.0,1845.21,1543.27,2000
2000-01-11,Dow Jones,2950.28,2943.31,2952.27,2925.46,320527008.0,-0.14,7.33,4.44,1.04,54.0,2045.0,1972.0,1.24,105.71,142.1,823.35,114.51,2861.0,6.11,9.0,48.58,7649.0,195.07,172.58,2000
2000-01-12,Dow Jones,1134.45,2107.29,1176.42,1075.37,715127821.0,4.13,7.33,12.77,5.08,50.0,13344.0,305.0,1.19,108.59,132.185,1607.36,171.66,705.0,1.78,48.0,83.43,7071.0,2106.77,1785.26,2000
2000-01-13,S&P 500,1250.61,1271.27,1293.68,1216.82,90792126.0,8.14,2.12,13.28,2.3,116.0,20391.0,915.0,1.1,97.9,122.27,996.99,373.38,1138.0,6.33,1.0,53.43,8113.0,998.73,857.85,2000
2000-01-14,Dow Jones,4625.75,4629.28,4661.11,4577.74,595281205.0,8.26,9.76,13.28,9.41,73.0,529.0,165.0,1.4,109.015,114.29249999999999,2332.89,415.58,1138.0,6.81,24.0,55.04,225.0,502.37,405.67,2000
2000-01-16,S&P 500,3129.68,3099.33,3163.53,3055.58,487813508.0,1.43,9.15,12.98,4.42,64.0,529.0,2151.0,0.98,120.13,106.315,1317.51,267.95,7930.0,3.2,15.0,39.56,10713.0,428.91,361.19,2000
2000-01-17,NASDAQ,2644.38,2615.55,2682.99,2682.79,965696140.0,1.97,3.04,11.51,9.3,64.0,28836.0,102.0,1.06,138.18,90.36,2143.77,487.03,4309.0,3.83,15.0,2.84,13591.0,225.67,192.6,2000
2000-01-18,NASDAQ,2389.37,2343.52,2413.03,2310.0,3991992.0,9.66,7.42,11.54,4.15,93.0,4179.0,424.0,0.91,98.43,113.38,2170.79,277.72,6698.0,6.03,2.0,62.21,14990.0,802.75,668.76,2000
2000-01-19,NASDAQ,4599.33,4581.54,4630.22,4534.98,215525643.0,5.17,7.14,3.37,1.38,114.0,15264.0,704.0,1.21,146.91,123.47,2332.18,492.52,6698.0,1.27,24.0,76.7,11054.0,1342.57,1128.32,2000
2000-01-20,NASDAQ,1087.29,1093.26,1116.08,1067.4,995760162.0,1.11,2.95,3.37,3.38,80.0,25604.0,4991.0,1.21,80.92,106.69,1645.57,467.25,6188.0,7.43,17.0,79.04,7061.0,791.11,659.57,2000
2000-01-21,S&P 500,3655.16,3690.95,3735.65,3607.51,992784081.0,-4.61,2.95,3.37,5.23,69.0,22031.0,4991.0,1.41,145.12,103.6225,2477.43,262.86,4543.0,3.46,38.0,62.5,3790.0,507.04,446.82,2000
2000-01-22,S&P 500,4853.58,4870.27,4895.16,4818.44,349254868.0,3.48,6.27,2.11,2.26,59.0,625.0,2746.0,1.4,142.86,100.555,1677.52,164.4,1552.0,6.92,24.0,34.19,3259.0,926.63,764.88,2000
2000-01-23,NASDAQ,3240.67,3234.21,3282.76,3232.11,487813508.0,-3.56,4.81,4.06,4.93,60.0,5408.0,3222.0,1.39,84.71,94.42,2144.2,135.93,2553.0,9.33,39.0,2.36,6242.0,2275.96,867.02,2000
2000-01-25,S&P 500,1209.03,1230.95,1251.48,1184.81,487813508.0,6.29,4.81,5.12,8.79,87.0,7142.0,3222.0,1.26,134.97,120.94999999999999,2400.2,405.28,5280.0,7.38,49.0,42.96,3414.0,361.48,291.75,2000
2000-01-26,S&P 500,2675.17,2718.19,2729.69,2652.15,834168124.0,1.91,8.51,14.61,0.97,73.0,20142.0,446.0,1.34,108.27,147.48,1964.53,170.42,5280.0,1.93,48.0,60.16,2677.0,2038.3,1719.6,2000
2000-01-27,S&P 500,2040.63,2043.39,2063.69,2012.31,97750245.0,1.44,8.03,9.76,2.03,88.0,9345.0,4254.0,0.86,110.46000000000001,144.29,931.07,227.28,3087.0,7.32,2.0,19.54,12464.0,1094.52,915.86,2000
2000-01-29,Dow Jones,4925.19,4880.47,2069.3199999999997,4857.01,67457001.0,-0.67,3.81,8.46,6.15,99.0,25025.0,4254.0,1.01,112.65,27.2,2314.38,284.35,300.0,7.73,4.0,8.77,11190.0,1986.81,1680.21,2000
2000-01-30,Dow Jones,2026.12,2048.73,2074.95,1984.56,447750702.0,-1.26,8.31,4.85,3.93,56.0,14148.0,3489.0,1.16,98.43,27.235,2176.25,341.55,7925.0,8.69,19.0,79.9,3724.0,279.81,222.99,2000
2000-02-02,NASDAQ,3261.32,3264.57,3296.68,3261.2,835366797.0,7.31,5.07,2.34,1.45,86.0,8453.0,210.0,1.31,82.96,27.27,2249.67,414.39,2860.0,2.75,5.0,91.95,10210.0,601.7,508.47,2000
2000-02-03,NASDAQ,2855.73,2862.17,2874.45,2834.94,328505418.0,-2.07,1.42,14.32,6.43,103.0,25366.0,122.0,1.08,135.38,75.08,975.83,381.15,5325.0,3.46,27.0,15.96,5396.0,2278.9,1931.24,2000
2000-02-04,Dow Jones,4888.02,4898.08,4903.540000000001,3097.87,83911814.0,-2.85,6.92,11.37,1.57,104.0,11683.0,3916.0,1.43,133.95,118.52,1034.84,375.02,5021.0,5.21,22.0,17.11,5396.0,444.54,377.86,2000
2000-02-05,NASDAQ,3434.11,3400.74,3473.83,3360.8,869602526.0,-4.61,6.92,3.07,2.92,80.0,28717.0,2063.0,1.24,102.61,149.74,2016.4,159.79,3813.0,4.34,23.0,19.03,4920.0,316.91,266.15,2000
2000-02-06,Dow Jones,2398.03,2386.0,2402.98,2338.74,926087447.0,-1.44,2.61,10.72,2.19,114.0,11269.0,4982.0,1.48,113.06,97.41,939.75,289.69,5752.0,6.01,9.0,50.34,13292.0,1919.89,266.15,2000
2000-02-07,Dow Jones,1456.38,1468.1,2172.165,1425.95,828085337.0,6.61,9.57,10.72,2.14,108.0,11431.0,1807.0,1.2650000000000001,114.735,142.28,1399.36,330.87,9230.0,7.59,9.0,87.43,2963.0,485.58,413.58,2000
2000-02-09,Dow Jones,1730.125,1924.03,1941.35,1855.06,820512481.0,5.94,7.87,11.86,5.85,98.0,6387.0,3915.0,1.05,116.41,76.52,2092.49,403.43,9230.0,9.7,8.0,59.1,4132.0,320.87,274.55,2000
2000-02-10,S&P 500,2003.87,2046.13,2094.78,1965.1,299234285.0,5.94,6.24,3.13,2.17,67.0,21528.0,846.0,1.24,149.77,106.93,804.16,148.43,5290.0,7.38,17.0,65.85,13524.0,320.87,810.72,2000
2000-02-11,Unknown,4402.46,4428.68,4477.67,4373.74,322996389.0,2.76,8.39,8.36,9.91,52.0,26395.0,614.0,0.92,102.76,47.72,996.15,148.43,9055.0,9.85,2.0,89.79,3953.0,2011.01,1679.38,2000
2000-02-12,Dow Jones,3244.89,3254.06,3786.6400000000003,3210.11,112336516.0,9.75,7.59,2.13,4.51,67.0,3321.0,3139.0,1.33,116.85,81.83,968.31,265.33,2994.0,7.43,24.0,62.46,10659.0,971.93,833.32,2000
2000-02-13,S&P 500,3093.56,3062.76,3095.61,3016.54,760179396.0,-1.33,5.99,14.59,1.42,107.0,20546.0,2956.0,1.48,88.09,30.19,1340.73,154.14,2994.0,5.08,9.0,23.06,10365.0,890.28,732.61,2000
2000-02-14,S&P 500,1459.08,1475.75,1511.0,2220.0,433513212.0,0.65,9.61,11.77,1.65,74.0,15254.0,2441.0,1.35,118.95,23.79,1195.22,104.66,4719.0,4.11,26.0,70.52,490.0,1849.87,1578.58,2000
2000-02-15,Dow Jones,4440.56,4452.9,4475.450000000001,4422.14,396413202.0,-0.48,1.92,4.07,6.05,67.0,16525.0,424.0,1.23,117.54,136.08,1188.08,264.56,7390.0,7.36,34.0,77.01,12442.0,1521.12,1294.0,2000
2000-02-16,NASDAQ,3891.26,3901.51,3906.55,3855.61,931967282.0,-3.36,9.43,6.44,9.8,101.0,16718.0,3462.0,1.11,139.42,131.59,1429.67,359.42,5288.0,6.87,17.0,63.57,14238.0,143.43,573.76,2000
2000-02-17,S&P 500,1270.67,1269.65,1306.05,1267.64,173299941.0,2.35,9.43,4.09,5.93,101.0,11921.0,3590.0,1.04,149.76,60.57,1163.88,298.06,5066.0,6.69,6.0,27.43,14002.0,183.62,148.98,2000
2000-02-18,NASDAQ,3831.34,3834.21,3835.77,3812.02,368280027.0,0.68,9.43,11.97,9.52,116.0,22078.0,2607.0,1.09,149.03,79.4,980.56,120.87,9561.0,7.22,6.0,40.05,13851.0,873.71,755.9,2000
2000-02-19,NASDAQ,3174.15,3157.59,3217.66,3137.27,422317180.0,5.42,1.23,2.77,4.72,56.0,1895.0,3278.0,1.03,96.54,83.545,1699.2549999999999,192.99,7640.0,8.72,21.0,47.11,14247.0,1002.91,831.7,2000
2000-02-20,NASDAQ,1326.9,1328.8300000000002,1335.76,1318.56,58651049.0,7.26,5.4,12.93,4.72,93.0,19851.0,3424.0,1.38,103.69,87.69,2417.95,309.74,4293.0,2.28,9.0,14.62,4097.0,2282.28,1914.02,2000
2000-02-21,Unknown,2833.2,2802.96,2839.57,2801.81,676997974.0,3.16,6.11,14.25,5.25,93.0,4461.0,1662.0,1.43,99.23,37.49,1832.18,395.24,5541.0,2.28,26.0,45.28,4346.0,1133.96,1914.02,2000
2000-02-21,S&P 500,2833.2,2802.96,2839.57,2801.81,676997974.0,3.16,6.11,14.25,5.25,93.0,4461.0,1662.0,1.43,99.23,79.125,1832.18,395.24,5541.0,5.65,26.0,45.28,4346.0,798.75,650.55,2000
2000-02-22,NASDAQ,2938.79,2969.31,2978.09,2932.12,705322989.0,-4.52,9.98,10.8,7.13,100.0,3114.0,1644.0,1.46,93.98,120.76,2086.94,417.57,9004.0,6.03,44.0,16.2,14393.0,1866.23,1560.55,2000
2000-02-23,S&P 500,1663.1,1631.6799999999998,1711.11,1598.9499999999998,68204720.0,4.28,9.75,4.77,3.99,70.0,15553.0,3329.0,1.09,90.51,65.22,2452.7,307.75,8965.0,2.93,24.0,50.0,8754.0,699.61,585.58,2000
2000-02-24,NASDAQ,4782.79,4741.29,4817.45,4701.18,917879901.0,-4.17,9.66,6.68,8.71,86.0,23754.0,625.0,1.18,115.82,86.58500000000001,1060.38,358.45,4704.0,9.88,24.0,5.18,5108.0,1333.13,388.21,2000
2000-02-25,Dow Jones,4399.9,4393.52,4439.97,4344.11,277488002.0,4.25,3.48,8.2,0.78,77.0,18428.0,4733.0,1.2,141.07,107.95,1581.68,461.37,9233.0,7.86,2.0,94.86,6117.0,1367.45,1158.18,2000
2000-02-27,S&P 500,2849.18,2842.95,2866.0,2812.98,429041376.0,-2.03,4.55,10.69,5.35,106.0,12593.0,4822.0,1.295,141.09,139.36,1347.59,139.67,4571.0,3.58,42.0,46.75,6117.0,1986.39,1699.4,2000
2000-02-28,Dow Jones,2647.06,2624.74,2658.78,2577.88,726822338.0,7.29,8.52,9.2,6.27,90.0,12593.0,940.0,1.39,147.16,125.13000000000001,1842.32,283.14,3843.0,7.18,2.0,3.37,9226.0,514.27,418.75,2000
2000-02-29,Dow Jones,3603.89,3609.71,3633.74,3595.54,279297464.0,8.67,2.16,9.2,3.12,103.0,13189.0,2365.0,0.99,106.82,110.9,1860.49,343.89,6383.0,0.11,24.0,19.35,13915.0,1732.42,1470.4,2000
2000-03-01,NASDAQ,3181.73,3166.43,3209.32,3130.55,487813508.0,7.2,5.06,13.58,4.56,76.0,26856.0,4788.0,1.13,138.5,96.67,2231.79,343.89,3936.0,4.64,25.0,69.36,9535.0,1638.21,1366.78,2000
2000-03-02,S&P 500,1249.09,1292.38,1323.97,1211.34,594469609.0,-0.42,9.66,3.06,5.1,89.0,8486.0,812.0,1.39,83.66,138.53,2215.28,281.02,2528.0,3.43,39.0,11.27,3475.0,928.01,790.5,2000
2000-03-04,NASDAQ,4225.61,4225.85,4273.28,4182.55,305825400.0,8.72,6.84,12.08,7.85,119.0,21766.0,860.0,1.36,105.78,143.94,1087.12,358.04,3724.0,7.91,45.0,0.31,4968.0,1026.61,882.94,2000
2000-03-05,NASDAQ,2836.96,2819.75,2845.45,2779.09,487813508.0,-0.19,7.98,2.79,7.51,73.0,15160.0,564.0,1.21,94.34,32.7,1178.03,207.09,9544.0,3.32,33.0,46.55,11896.0,1229.33,1066.68,2000
2000-03-06,NASDAQ,1207.83,1231.54,1279.82,1206.16,728339776.0,7.3,1.76,11.17,3.75,67.0,13160.0,4291.0,1.06,110.69,114.65,1237.5966666666666,460.78,7491.0,8.65,24.0,50.34,12053.0,2057.99,1734.82,2000
2000-03-07,NASDAQ,4145.11,4098.78,4145.85,4094.23,79877029.0,-4.86,7.22,12.66,9.99,105.0,21317.0,4603.0,0.97,111.06,35.59,1297.1633333333334,125.54,8027.0,9.14,24.0,50.34,12791.0,1171.72,987.41,2000
2000-03-08,NASDAQ,1805.46,1802.94,1829.52,1800.48,404458248.0,-4.95,6.18,10.59,8.56,64.0,7534.0,3289.0,1.47,136.6,34.145,1356.73,423.68,2009.0,5.52,27.0,49.33,14798.0,946.91,987.41,2000
2000-03-09,NASDAQ,2034.48,2018.11,2051.15,2001.37,167771131.0,6.4,0.92,2.17,2.97,84.0,26132.0,4999.0,0.98,140.82,32.7,2420.04,256.93,2774.0,1.59,10.0,84.07,14798.0,1202.56,989.31,2000
2000-03-10,S&P 500,1658.83,1700.88,1723.34,1633.37,487813508.0,6.42,0.92,2.17,2.35,76.0,10137.0,1567.0,1.46,125.99,62.34,1001.11,442.86,3424.0,7.7,31.0,80.28,3242.0,816.32,694.85,2000
2000-03-11,Dow Jones,2320.86,2272.06,2349.39,2245.44,683933050.0,6.83,1.08,2.17,3.48,52.0,14080.0,4952.0,1.46,124.34,120.99,1219.02,426.05,5933.0,7.7,7.0,50.34,3009.0,2286.91,1936.98,2000
2000-03-12,Unknown,4027.01,4032.29,4054.07,4013.63,684607341.0,8.95,7.24,5.04,4.8,70.0,10660.0,2860.0,1.39,87.71,79.83,2276.14,195.72,2702.0,5.27,24.0,87.49,5313.0,332.55,269.83,2000
2000-03-13,NASDAQ,3077.54,3101.61,3122.35,2906.625,103968425.0,-3.23,1.42,14.51,8.58,88.0,17980.0,4556.0,0.87,93.46,134.75,1793.36,120.23,5897.0,0.46,4.0,64.06,5313.0,468.48,269.83,2000
2000-03-14,NASDAQ,1819.53,1818.03,1856.17,1799.62,65802593.0,-3.23,4.68,10.47,7.89,81.0,26957.0,1493.0,0.8,99.21,142.04500000000002,1730.63,378.21,254.0,5.0,40.0,10.51,12862.0,902.85,737.3,2000
2000-03-15,NASDAQ,4511.32,4469.86,4545.61,4467.58,580283044.0,8.56,3.57,5.86,8.59,99.0,1704.0,3793.0,1.36,100.63,149.34,1810.39,181.76,2774.0,3.8,12.0,93.92,1708.0,2050.75,1742.14,2000
2000-03-16,NASDAQ,4518.33,4565.58,4607.24,4503.32,856716960.0,-2.34,5.51,14.09,3.08,58.0,10612.0,4407.0,1.39,86.63,22.43,1727.245,472.2,4603.0,6.86,10.0,17.75,1790.0,1876.3,1590.7,2000
2000-03-18,Dow Jones,1955.18,1966.6,3720.7299999999996,1934.77,783125993.0,2.96,6.85,5.7,3.19,50.0,24203.0,1220.0,0.95,91.025,56.055,1644.1,229.59,725.0,6.25,24.0,46.69,327.0,894.29,749.3,2000
2000-03-19,Unknown,2804.96,2778.62,2834.22,2764.93,657295964.0,-3.75,5.16,6.93,1.54,53.0,4083.0,1671.0,1.31,95.42,89.68,872.41,229.59,785.0,7.72,2.0,62.56,10686.0,2108.77,1772.66,2000
2000-03-20,NASDAQ,4939.96,4938.31,4958.45,4931.74,223914041.0,-0.72,4.64,4.59,7.0,53.0,16756.0,4973.0,1.16,98.41,148.51,1101.17,226.81,9757.0,0.13,14.0,66.53,7442.0,2108.77,360.17,2000
2000-03-21,Dow Jones,4088.05,4080.96,4112.35,4040.0,545832152.0,2.81,3.98,4.59,1.86,53.0,11831.0,828.0,1.03,134.11,112.04,2188.26,316.5,5309.0,7.5,32.0,23.37,907.0,1982.08,1658.75,2000
2000-03-22,S&P 500,1108.67,1066.16,1124.36,1016.35,487813508.0,7.79,8.62,8.72,6.84,76.0,29050.0,3604.0,1.22,135.51,75.84,1386.58,361.95,969.0,1.3,42.0,35.31,6460.0,1982.08,1628.54,2000
2000-03-23,NASDAQ,1260.82,1221.44,1267.91,1204.96,317188026.0,5.61,3.31,13.65,6.66,64.0,8039.0,715.0,1.18,114.52,87.0,2114.86,361.95,969.0,1.3,9.0,14.54,647.0,1982.08,440.87,2000
2000-03-24,S&P 500,2855.73,2889.48,2900.17,2836.65,487813508.0,4.33,2.59,6.5,8.2,81.0,12111.0,470.0,1.0,90.43,134.07,1927.74,433.38,1004.0,4.55,24.0,12.69,12363.0,825.98,702.38,2000
2000-03-25,S&P 500,4636.88,4610.86,4642.16,4579.96,815739709.0,2.44,7.43,13.19,1.83,90.0,24024.0,3564.0,0.99,83.89,97.0,2049.775,144.31,2122.0,5.52,45.0,82.52,5616.0,1709.25,1429.35,2000
2000-03-27,Dow Jones,2991.25,2991.74,3024.78,2971.65,378329550.0,-3.21,8.47,13.19,9.99,112.0,25063.0,4956.0,1.13,131.18,59.93,2171.81,211.35,2811.0,2.45,24.0,50.34,823.0,1727.36,1456.95,2000
2000-03-28,S&P 500,1421.89,1448.76,1496.29,1376.64,791254083.0,1.14,3.28,13.86,8.58,110.0,26808.0,1047.0,1.01,122.06,70.975,1893.25,155.3,1394.0,0.71,13.0,9.68,11353.0,911.89,753.98,2000
2000-03-29,NASDAQ,2855.1499999999996,3583.31,3663.6,3555.31,335449388.0,-4.57,7.02,6.72,7.64,63.0,22810.0,1219.0,0.98,130.27,82.02,1311.36,206.26,6037.0,8.65,32.0,45.05,10613.0,2090.88,1783.81,2000
2000-03-30,S&P 500,4288.41,4296.09,3114.745,4265.89,475226213.0,-1.83,0.45,12.07,6.79,72.0,8723.0,1555.0,1.47,113.02,58.52,1689.57,443.2,9155.0,8.65,24.0,29.52,214.0,1833.36,1569.97,2000
2000-03-31,S&P 500,2521.68,2483.6,2565.89,2451.27,824342099.0,1.49,3.86,11.78,4.51,114.0,10660.0,2648.0,1.4,132.83,74.71,1840.24,350.96,1656.0,9.83,35.0,77.81,10542.0,1782.92,1569.97,2000
2000-04-01,Unknown,4102.45,4056.1,4145.58,4008.46,578975920.0,1.28,3.43,13.72,7.44,81.0,19858.0,2522.0,1.37,113.66,78.035,803.6,338.95,2402.0,8.5,22.0,9.75,6761.0,1917.48,1614.26,2000
2000-04-02,S&P 500,4857.91,4813.18,4880.08,4773.45,693648470.0,1.28,8.17,5.99,7.38,90.0,19858.0,3711.0,0.95,85.88,81.36,1939.87,333.85,836.0,8.7,0.0,45.19,4135.0,513.23,446.18,2000
2000-04-03,Dow Jones,3336.49,1848.49,1877.78,1813.07,741479396.0,3.84,9.67,5.99,6.5,75.0,4068.0,2646.0,0.93,85.59,103.31,1915.33,263.45,836.0,5.98,24.0,59.18,14246.0,357.44,331.93,2000
2000-04-04,S&P 500,3093.32,3055.1200000000003,3142.12,3038.5,83889149.0,3.25,4.61,13.24,8.06,97.0,28001.0,1440.0,1.37,138.21,31.71,940.38,266.8,5625.0,0.81,31.0,98.57,9440.0,1295.07,1057.94,2000
2000-04-05,S&P 500,2148.55,2103.07,2175.17,2079.54,773567918.0,-3.83,8.25,12.12,4.76,65.0,27298.0,3945.0,0.93,124.07,119.08,1361.1366666666668,159.33,5933.0,9.13,20.0,9.05,6551.0,1815.61,1525.09,2000
2000-04-06,S&P 500,4171.42,4165.21,4216.69,4149.48,659985095.0,9.15,7.0,7.12,1.65,80.0,28514.0,1618.0,1.15,99.54,82.78,2202.65,233.05,7625.0,1.18,43.0,11.48,13609.0,538.56,1034.89,2000
2000-04-07,Dow Jones,3310.37,3344.77,3348.92,3275.36,66932792.0,-3.51,9.67,12.99,5.81,115.0,25090.0,2059.0,0.95,133.0,66.92,1293.28,304.81,9706.0,5.17,24.0,98.81,10034.0,2184.37,1034.89,2000
2000-04-08,S&P 500,3538.33,3514.57,3547.88,3473.26,487813508.0,7.82,8.11,2.61,3.02,115.0,11814.0,2059.0,1.06,89.5,99.43,1075.76,342.41,4884.0,8.57,24.0,40.62,7782.0,2184.37,1743.75,2000
2000-04-09,S&P 500,4191.66,4183.83,4213.7,4147.26,487813508.0,-5.0,8.11,12.17,4.15,59.0,8798.0,4670.0,1.4,125.17,33.26,1967.02,128.66,8135.0,4.72,24.0,74.4,11252.0,740.22,610.41,2000
2000-04-10,Dow Jones,2583.88,2537.87,2613.12,2488.4,742520684.0,8.23,7.13,4.69,0.67,74.0,20677.0,673.0,1.42,149.26,73.82,1009.7,128.66,4836.0,1.66,40.0,78.37,11841.0,2095.25,1756.7,2000
2000-04-11,Dow Jones,4660.36,4655.27,4701.17,4641.64,210065568.0,-4.7,5.35,5.72,4.14,94.0,29640.0,2943.0,1.5,90.5,125.43,2258.67,235.77,8100.0,3.73,31.0,31.52,13282.0,2095.25,583.46,2000
2000-04-12,Dow Jones,3132.12,3139.88,3189.29,3088.37,381928032.0,6.37,0.16,8.41,8.18,73.0,29640.0,607.0,1.46,89.94,54.07,1616.22,306.03,6690.0,9.88,24.0,21.51,4261.0,1823.02,1558.96,2000
2000-04-14,Dow Jones,3783.6,3766.84,3487.63,3748.73,960919870.0,6.07,9.22,8.77,0.59,111.0,7885.0,4887.0,1.1,124.99,98.47,1891.69,354.09,4832.0,7.11,45.0,76.46,8569.0,2092.94,1766.12,2000
2000-04-16,S&P 500,2267.05,2227.71,2297.27,2222.51,418511556.0,-3.94,7.99,6.31,3.27,104.0,2294.0,1797.0,1.23,114.98,71.94,1595.66,216.57,5797.0,0.44,24.0,69.98,238.0,935.96,792.97,2000
2000-04-17,Dow Jones,4428.72,4415.4,4438.650000000001,4375.93,267908397.0,6.51,9.82,4.28,5.04,59.0,1908.0,1797.0,0.95,85.82,82.66,1699.89,435.62,2947.0,2.76,14.0,44.18,775.0,303.67,269.27,2000
2000-04-18,S&P 500,4624.57,4584.52,4649.31,4557.9,925614420.0,-3.93,8.07,11.99,4.34,104.0,1416.0,3889.0,1.4,96.89,93.38,2185.77,414.12,4211.0,3.69,42.0,50.34,7576.0,759.63,637.1,2000
2000-04-19,NASDAQ,4779.33,2134.28,2171.4,4729.6,487813508.0,8.83,0.1,7.2,9.35,71.0,21315.0,4767.0,1.18,129.87,123.55,2265.15,173.45,6494.0,0.12,9.0,42.58,10671.0,492.59,392.09,2000
2000-04-20,Dow Jones,4934.09,4980.72,5019.24,4901.3,674155416.0,-4.24,2.88,8.58,0.89,63.0,21315.0,2333.0,1.31,131.72,93.335,1961.12,362.05,8522.0,3.77,14.0,91.46,13579.0,1143.86,976.59,2000
2000-04-21,NASDAQ,1562.85,1609.86,1634.84,1530.77,671068752.0,2.19,0.31,10.38,6.99,57.0,10376.0,686.0,1.27,131.08,102.88499999999999,1300.14,462.66,7520.0,0.93,24.0,86.33,10886.0,176.63,142.91,2000
2000-04-22,S&P 500,1808.06,1844.57,1859.83,1797.59,631074167.0,5.85,0.94,13.83,8.58,64.0,14940.0,686.0,1.04,84.56,142.65,1698.57,274.24,8219.0,5.17,24.0,32.41,9358.0,1835.61,1537.12,2000
2000-04-23,Dow Jones,1736.9,1746.98,1795.67,3175.9349999999995,487813508.0,0.9,2.19,11.2,9.61,64.0,6846.0,3750.0,1.33,135.07,56.39,1022.06,469.91,6849.0,0.04,30.0,32.86,1936.0,119.1,99.77,2000
2000-04-24,S&P 500,4575.96,4596.05,4629.22,4554.28,487813508.0,-1.74,5.04,2.59,2.19,101.0,16369.0,4709.0,1.39,110.25,147.53,1191.19,108.79,618.0,2.7,24.0,78.02,11228.0,1672.69,1410.1,2000
2000-04-25,NASDAQ,3617.17,3595.69,3637.58,3567.21,629016505.0,6.39,8.48,12.9,5.55,119.0,3666.0,3349.0,1.32,113.27,73.37,1315.2,306.5,8775.0,8.66,19.0,42.71,8972.0,999.3,851.73,2000
2000-04-27,Dow Jones,3539.1800000000003,2756.85,2797.85,2710.44,608066171.0,8.84,6.16,8.14,5.24,91.0,16948.0,4136.0,1.05,139.99,66.5,2304.48,204.86,6955.0,0.65,15.0,42.29,4466.0,1749.49,1491.69,2000
2000-04-28,Dow Jones,3461.19,3459.39,3473.3,3432.95,62531772.0,0.64,9.28,14.6,1.69,68.0,21532.0,655.0,1.46,127.6,39.45,1008.5,451.02,5104.0,2.5,35.0,24.31,2447.0,2235.25,1882.88,2000
2000-04-29,NASDAQ,1333.86,1359.64,1368.23,1296.17,857936914.0,2.59,5.0,9.12,8.46,89.0,21532.0,1809.0,1.1,115.0,59.56,1984.63,224.6,5644.0,8.28,38.0,18.97,1165.0,1732.19,1479.72,2000
2000-04-30,S&P 500,4529.67,4507.86,4556.16,4485.889999999999,961746099.0,0.45,8.89,7.98,5.195,118.0,4150.0,4075.0,1.43,138.4,51.365,1659.63,109.33,9325.0,5.87,24.0,14.04,13086.0,1031.02,859.66,2000
2000-05-01,Dow Jones,4214.41,4196.21,4228.91,4158.91,214911942.0,-1.14,4.54,6.31,5.38,76.0,15215.0,4490.0,1.4,109.375,43.17,2214.01,315.88,9057.0,5.86,19.0,1.24,9912.0,236.27,859.66,2000
2000-05-02,NASDAQ,3020.83,3063.29,3094.74,3010.59,24423911.0,6.27,2.77,10.55,5.45,92.0,6898.0,3407.0,0.89,80.35,36.47,2059.76,488.35,3460.0,0.01,25.0,28.13,9912.0,918.87,798.55,2000
2000-05-03,Dow Jones,4868.51,4824.13,4874.41,4805.58,630562028.0,0.09,9.16,4.99,9.73,101.0,2515.0,1610.0,1.48,113.52,25.65,2091.55,131.64,6152.0,4.72,48.0,17.22,13738.0,799.98,682.28,2000
2000-05-04,Dow Jones,2671.04,2669.6,2703.79,2637.89,560596730.0,1.42,3.88,4.99,6.72,95.0,26397.0,2686.0,1.5,107.50999999999999,58.5,1511.19,214.52,6858.0,2.66,25.0,25.87,13738.0,1885.34,1579.2,2000
2000-05-05,S&P 500,4936.44,4977.72,4991.88,4935.53,215374897.0,1.06,5.03,2.35,6.72,63.0,16440.0,3646.0,1.22,101.5,142.32,2217.76,287.8,1087.0,3.36,24.0,7.67,5132.0,782.16,641.67,2000
2000-05-06,Dow Jones,3671.68,3682.72,3682.73,3635.56,920749207.0,5.69,3.29,5.8,2.79,113.0,4524.0,4176.0,1.35,136.27,143.42,961.06,432.19,8307.0,5.99,24.0,34.22,6505.0,1158.78,974.34,2000
2000-05-07,S&P 500,3538.69,3543.33,3549.68,3496.91,781941002.0,8.77,6.63,7.15,1.72,110.0,23198.0,3606.0,1.45,146.08,103.5,1555.51,207.56,7595.0,8.74,5.0,50.34,10250.0,2171.67,1837.97,2000
2000-05-08,Dow Jones,1663.82,1638.79,4060.38,1618.83,321197992.0,5.0,9.95,9.18,7.69,107.0,9304.0,4443.0,0.81,96.94,63.58,2490.84,237.47,7192.0,1.82,24.0,94.46,5940.0,1325.14,1125.4,2000
2000-05-09,NASDAQ,2186.89,4512.04,4571.08,4489.64,487813508.0,2.07,9.95,5.81,7.06,98.0,9343.0,3733.0,1.45,81.5,23.66,2411.79,253.8,9862.0,7.68,34.0,34.77,11335.0,1325.14,328.43,2000
2000-05-10,Dow Jones,2709.96,2745.16,2756.84,2667.4,210184575.0,6.69,9.0,5.81,6.29,78.0,13505.0,2506.0,1.24,108.16,21.35,2092.935,251.85,9862.0,0.49,24.0,3.2,3426.0,612.11,513.23,2000
2000-05-11,S&P 500,1648.93,1654.85,1693.7700000000002,1610.15,905715957.0,4.61,0.04,5.79,0.89,75.0,1887.0,1561.0,1.38,103.46,67.66,1774.08,180.14,178.0,3.27,6.0,36.3,14629.0,155.16,113.2,2000
2000-05-12,S&P 500,1050.43,1051.9,1082.33,1036.02,120588703.0,4.61,3.64,7.73,0.89,76.0,27942.0,2271.0,1.18,127.39,147.43,1336.61,466.27,1918.0,2.19,36.0,81.74,6324.0,1135.36,967.41,2000
2000-05-13,NASDAQ,3239.02,3198.98,3287.57,3182.78,196740327.0,-3.57,1.69,3.34,6.6,116.0,27196.0,502.0,1.17,114.65,136.59,2038.4,417.16,9336.0,9.16,49.0,34.08,4606.0,462.19,377.18,2000
2000-05-14,Unknown,3109.6,3061.2,3128.28,3027.26,109481716.0,-4.43,7.57,5.39,9.66,116.0,22063.0,383.0,1.43,107.92,52.57,2050.84,490.26,9903.0,1.78,15.0,29.24,9021.0,1821.56,377.18,2000
2000-05-16,NASDAQ,4561.03,4548.73,4564.21,4540.62,492728830.0,7.39,7.57,9.27,3.39,109.0,23363.0,4362.0,1.33,137.99,127.18,2237.89,118.12,9903.0,1.65,10.0,50.34,8149.0,790.16,655.99,2000
2000-05-17,Dow Jones,1317.63,1327.95,1347.76,4488.216666666666,419318465.0,-0.3,2.95,11.76,4.12,110.0,5263.0,4756.0,1.23,97.39,118.62,1180.09,146.2,4450.0,4.73,20.0,97.03,8149.0,622.22,509.58,2000
2000-05-19,S&P 500,1749.65,2313.24,1794.91,4435.8133333333335,779928276.0,8.64,7.72,6.78,7.37,52.0,20993.0,800.0,1.08,119.52,104.65,2339.23,464.43,4531.0,0.41,6.0,68.46,9685.0,1478.71,1254.73,2000
2000-05-20,Dow Jones,4432.71,3298.5299999999997,4490.36,4383.41,2033687.0,7.55,2.17,2.22,7.22,82.0,6035.0,2770.0,0.93,102.21,90.68,2110.5,492.43,9049.0,8.26,11.0,59.87,3002.0,1727.1,1481.32,2000
2000-05-21,Dow Jones,4276.25,4283.82,4289.83,4237.9,628454769.0,4.98,2.24,12.91,2.41,82.0,12520.0,2019.0,1.08,129.87,33.27,1881.77,428.8,4403.0,7.8,24.0,22.56,150.0,1727.1,407.67,2000
2000-05-22,NASDAQ,3163.18,3125.79,3198.36,3078.69,239257872.0,-1.0,2.75,12.14,2.01,62.0,3628.0,4460.0,1.0,138.755,127.25,1303.8,195.37,8405.0,2.78,20.0,73.07,7505.0,1480.51,1254.75,2000
2000-05-23,NASDAQ,3840.97,2845.2033333333334,3881.38,3830.16,487813508.0,-3.24,5.87,12.14,1.23,78.0,21750.0,2648.0,1.08,147.64,52.93,975.07,195.37,5251.0,6.14,4.0,34.78,8331.0,2241.68,1878.25,2000
2000-05-24,S&P 500,2257.4,2564.616666666667,2302.73,2218.83,345509363.0,-4.76,6.6,6.74,9.16,58.0,5585.0,2426.0,1.22,93.08,44.48,2285.8,338.64,5251.0,3.63,5.0,48.62,6122.0,289.94,248.31,2000
2000-05-25,Dow Jones,2884.67,2875.31,2932.22,2874.3,400235571.0,-3.39,0.18,14.42,2.71,81.0,11797.0,2896.0,1.23,104.99,42.93,1107.41,429.3,5251.0,7.69,42.0,50.34,9060.0,1150.72,985.47,2000
2000-05-28,S&P 500,2431.19,2471.11,2517.16,2413.85,572500435.0,-4.04,3.32,6.62,4.43,81.0,21915.0,1710.0,1.32,130.58,41.38,928.1,107.71,7771.0,8.44,2.0,46.86,8809.0,1676.9,1392.7,2000
2000-05-29,S&P 500,2976.85,2989.2,3005.25,2933.73,327327506.0,-2.96,3.32,6.62,7.28,59.0,27494.0,587.0,1.17,90.14,50.33,1735.99,418.01,9125.0,1.79,10.0,34.42,8255.0,2148.59,1810.08,2000
2000-05-30,NASDAQ,4313.0,4276.13,4325.61,4233.42,560473297.0,-2.28,7.88,14.72,8.77,74.0,27283.0,564.0,1.11,110.7,38.9,1772.65,312.1,7206.0,1.74,22.0,47.25,12994.0,160.45,146.54,2000
2000-05-31,S&P 500,2340.83,2321.8,2367.54,2320.68,271503507.0,4.48,6.26,14.97,2.23,111.0,16757.0,4423.0,0.89,118.0,27.47,2097.21,313.67,1028.0,7.34,24.0,74.52,12768.0,818.14,670.65,2000
2000-06-01,Dow Jones,1695.05,1665.23,1736.24,1634.75,825894493.0,4.48,3.38,12.07,7.02,112.0,6498.0,765.0,1.09,129.15,36.915,2206.12,482.82,1028.0,1.83,11.0,45.99,2119.0,2187.55,670.65,2000
2000-06-03,S&P 500,4303.91,4329.95,4377.1,4283.13,553485440.0,-1.24,3.38,8.43,7.02,96.0,11869.0,898.0,1.21,112.01,20.63,2064.26,226.32,9635.0,3.36,3.0,70.14,13810.0,314.5,290.96,2000
2000-06-04,Dow Jones,1402.55,3134.7749999999996,1459.94,1360.95,218426967.0,0.57,5.95,6.64,7.02,104.0,24563.0,2900.0,0.86,133.59,90.11,2347.75,235.94,5487.0,8.39,24.0,84.18,7673.0,2020.43,1711.61,2000
2000-06-05,Dow Jones,1959.5,1939.6,1968.56,1924.11,631418391.0,-3.55,7.84,6.64,0.57,75.0,11014.0,3398.0,1.03,106.46,44.7,2306.65,104.7,9489.0,1.77,24.0,52.73,14581.0,185.1,144.14,2000
2000-06-06,S&P 500,1567.89,1536.29,1603.49,1489.14,955154926.0,-1.6,7.49,11.2,5.4,62.0,18921.0,3340.0,1.49,149.1,65.40666666666667,1653.09,148.94,297.0,3.39,33.0,94.82,14869.0,635.78,144.14,2000
2000-06-07,S&P 500,2184.645,2417.42,2436.67,2382.79,946599186.0,8.47,5.72,7.84,1.93,56.0,29429.0,3455.0,1.18,146.34,86.11333333333333,1831.95,117.52,9148.0,2.86,26.0,35.41,13227.0,1803.13,1545.22,2000
2000-06-08,Dow Jones,2801.4,2798.82,2821.51,3158.535,487813508.0,9.7,3.12,2.16,0.92,83.0,29429.0,4029.0,1.0,129.52,106.82,1943.78,197.3,4497.0,2.86,44.0,25.33,10221.0,322.51,257.27,2000
2000-06-09,Dow Jones,3995.31,3967.89,4034.47,3934.28,987151513.0,4.71,7.46,8.77,7.13,83.0,1743.0,4457.0,1.44,141.78,147.6,2192.48,125.86,4600.0,7.14,15.0,69.34,4424.0,325.59,284.07,2000
2000-06-10,Dow Jones,3604.59,3616.25,3664.39,3591.98,803780777.0,8.75,2.07,14.79,7.46,72.0,24001.0,3973.0,1.375,131.24,48.58,1663.15,232.45,6965.0,4.05,24.0,17.66,13130.0,1346.51,1141.13,2000
2000-06-11,NASDAQ,3483.71,3437.74,3490.04,3421.5,1889515.0,4.64,7.79,8.8,4.88,97.0,25608.0,959.0,1.31,120.7,106.56,990.23,150.45,9285.0,7.6,13.0,90.01,5780.0,1346.51,473.97,2000
2000-06-12,NASDAQ,2409.5,2392.12,2430.53,2350.38,881189435.0,-4.5,8.05,4.37,6.93,63.0,10561.0,959.0,0.9,99.09,128.37,1455.01,150.45,945.0,6.4,37.0,38.72,12841.0,367.29,286.93,2000
2000-06-13,NASDAQ,4365.79,4362.65,4389.84,4324.56,963802405.0,2.76,8.22,2.29,5.61,101.0,20014.0,4032.0,0.91,141.99,144.46,2024.34,475.35,6390.0,3.61,47.0,69.85,12750.0,1470.71,1231.75,2000
2000-06-14,S&P 500,2885.15,2849.95,2903.9700000000003,2833.5,323231884.0,-3.52,4.73,6.61,6.48,88.0,22363.0,2245.0,1.19,112.97,100.9,1860.46,341.38,1847.0,4.32,48.0,57.06,9566.0,1529.86,1264.57,2000
2000-06-15,NASDAQ,4916.42,4964.89,3221.575,4889.72,136723587.0,5.24,4.73,13.94,6.48,90.0,2153.0,2931.0,0.97,117.53,37.01,2080.94,422.2,5607.0,7.04,9.0,5.53,4589.0,1419.67,1186.56,2000
2000-06-16,S&P 500,3536.57,3507.48,3539.18,3504.4,469963180.0,-1.21,1.0,14.96,6.83,85.0,25188.0,4778.0,0.83,126.67,27.0,1649.92,370.88,5065.0,5.35,12.0,70.94,7562.0,827.11,711.31,2000
2000-06-17,S&P 500,1505.06,1468.1,1539.34,1457.66,86383568.0,0.88,7.43,14.29,2.4,55.0,8474.0,3672.0,1.45,135.81,58.4,1096.49,424.44,5065.0,8.68,44.0,79.02,6813.0,2022.78,1702.62,2000
2000-06-19,NASDAQ,2300.42,2327.33,2337.07,2296.12,178041248.0,1.55,6.51,9.26,4.68,59.0,2804.0,1874.0,1.3,86.12,89.8,1618.15,272.08,255.0,7.18,24.0,41.67,2829.0,1530.15,1285.77,2000
2000-06-20,NASDAQ,3745.31,1806.215,3786.11,3695.69,178417092.0,-1.24,1.44,9.68,4.74,109.0,29500.0,3465.0,1.03,91.35,95.31,1149.73,272.08,255.0,9.89,32.0,50.34,9616.0,2250.48,1285.77,2000
2000-06-21,Dow Jones,1278.56,1285.1,2754.98,2650.07,888342683.0,0.02,9.35,9.68,7.86,79.0,23804.0,250.0,1.45,96.36,99.38,2469.85,275.23,7469.0,5.97,24.0,87.5,13439.0,1408.27,1285.77,2000
2000-06-22,NASDAQ,1699.53,1651.63,1723.85,1604.45,255425599.0,0.12,9.89,11.19,5.195,119.0,11998.0,3320.0,1.49,101.37,63.19,1137.88,258.48,5132.0,0.4,24.0,26.99,700.0,1972.44,1674.86,2000
2000-06-23,Dow Jones,4422.95,4376.39,4437.87,4341.719999999999,607779479.0,9.39,4.33,7.45,2.04,54.0,12838.0,3121.0,1.03,82.68,53.4,1763.53,349.75,5132.0,5.05,24.0,19.0,12991.0,1146.14,963.33,2000
2000-06-24,S&P 500,1908.72,1903.3,1940.62,1856.28,223070224.0,9.39,5.95,10.7,2.89,106.0,26777.0,4337.0,1.21,110.24,144.05,803.01,475.17,203.0,2.3,8.0,13.38,1896.0,656.16,537.36,2000
2000-06-25,Dow Jones,4348.16,4379.83,4394.24,4320.43,731722353.0,1.88,7.77,10.7,2.54,92.0,4314.0,4337.0,1.34,87.41,106.51,1231.2,276.88,1338.0,3.34,12.0,97.83,8604.0,568.68,491.74,2000
2000-06-27,S&P 500,3571.53,3530.2,3608.06,3481.35,941175727.0,7.17,9.68,10.7,4.97,55.0,4314.0,3543.0,1.3,135.12,68.97,2054.58,296.93,4303.0,2.95,36.0,75.76,8604.0,1672.73,1424.45,2000
2000-06-28,S&P 500,3776.6,3780.44,3782.46,3744.49,543647207.0,-2.64,9.68,13.75,7.23,51.0,27719.0,4289.0,1.43,114.64,82.76,1642.56,463.89,3631.0,3.1,24.0,45.02,13134.0,1092.02,899.89,2000
2000-06-29,S&P 500,3050.62,3091.94,3096.68,3049.08,836833323.0,-1.84,5.81,9.01,7.23,66.0,28956.0,860.0,0.92,106.11,67.465,820.56,370.7,3975.0,4.02,38.0,24.13,13134.0,591.11,509.63,2000
2000-06-30,Dow Jones,2221.24,2210.04,2221.58,2173.85,942336242.0,0.49,6.92,2.41,8.95,61.0,13009.0,4551.0,1.39,92.98,52.17,1444.59,267.84,8215.0,2.86,32.0,91.34,14492.0,2214.58,1881.3,2000
2000-07-01,NASDAQ,1850.58,1883.54,1891.19,1805.31,109496650.0,2.76,8.9,14.05,9.84,93.0,5538.0,4727.0,0.88,140.64,52.59,1896.13,342.76,1352.0,1.7,24.0,46.43,5877.0,1087.24,892.74,2000
2000-07-02,S&P 500,1132.76,1096.13,1136.21,1056.35,270303051.0,-3.02,8.74,11.13,6.86,103.0,16525.0,2839.0,1.2,143.26,77.9,1882.4,162.42,7179.0,7.66,5.0,56.64,8786.0,771.08,664.22,2000
2000-07-03,S&P 500,2215.79,2259.33,2309.12,2186.6,868362188.0,-3.17,9.78,7.38,8.71,103.0,13865.0,2117.0,1.04,116.31,50.71,891.61,236.78,7209.0,3.95,11.0,22.33,13544.0,962.56,821.93,2000
2000-07-04,S&P 500,3612.65,3637.79,3652.23,3579.08,965689215.0,2.41,5.12,9.78,5.33,81.0,4281.0,1016.0,1.13,144.49,44.11,1055.7450000000001,394.47,8499.0,8.32,1.0,50.34,4075.0,1480.67,1240.75,2000
2000-07-05,Dow Jones,4753.22,4797.35,4083.38,4029.685,945623111.0,-0.85,8.31,7.59,9.38,78.0,2458.0,4043.0,1.01,116.0,119.52,1219.88,324.96,5740.0,8.83,32.0,74.79,3147.0,655.57,531.68,2000
2000-07-06,Dow Jones,4408.74,4502.48,4514.53,4480.29,812175360.0,3.53,4.27,8.05,8.4,95.0,18180.0,3560.0,0.98,87.51,74.125,2315.59,225.71,1862.0,8.83,24.0,34.37,2294.0,1234.3,1048.13,2000
2000-07-07,NASDAQ,4064.26,4050.6,4111.07,4017.24,795334984.0,1.77,4.22,13.53,9.92,102.0,6841.0,1592.0,1.32,81.19,28.73,1162.8,244.92,9009.0,3.97,24.0,50.65,6472.0,229.74,185.59,2000
2000-07-08,Dow Jones,4153.79,4197.61,4223.62,4139.62,487813508.0,1.52,2.53,4.09,6.42,74.0,22607.0,3721.0,0.96,88.99,47.25,1765.35,423.91,1528.0,7.21,34.0,11.52,4095.0,2239.59,1904.52,2000
2000-07-09,S&P 500,3659.94,3637.5,3678.18,3605.5,671161793.0,-3.32,8.18,3.35,6.42,102.0,9724.0,826.0,1.09,123.59,120.58,1490.34,316.35,4376.0,1.55,30.0,85.02,1831.0,1678.26,1400.71,2000
2000-07-10,NASDAQ,2041.15,2024.37,2084.82,1993.99,857325709.0,2.76,9.86,2.04,6.42,78.0,5582.0,4961.0,0.99,102.46,126.06,1788.29,195.5,8105.0,6.61,29.0,73.78,11925.0,1023.56,854.03,2000
2000-07-11,S&P 500,4628.78,4648.86,2905.5150000000003,4621.11,516095436.0,2.76,2.56,6.08,2.96,55.0,21206.0,1709.0,0.97,125.38,118.195,1646.37,218.73,740.0,4.06,37.0,76.1,3001.0,463.5,382.47,2000
2000-07-12,S&P 500,3682.93,3709.46,3726.21,3672.59,331385665.0,8.29,0.56,3.92,3.87,87.0,27681.0,4848.0,1.24,115.56,110.33,803.48,287.15,740.0,6.56,15.0,17.9,4527.0,1502.51,1236.87,2000
2000-07-13,Dow Jones,3241.76,3284.7,3295.06,3210.68,174563587.0,-1.48,8.16,4.86,8.99,52.0,27681.0,4941.0,0.83,103.31,30.09,1397.27,405.14,5904.0,7.55,41.0,49.57,5668.0,1661.13,1388.69,2000
2000-07-14,NASDAQ,3014.99,1414.44,1462.85,1408.03,672377355.0,-3.3,6.2,2.15,1.03,84.0,14775.0,1039.0,1.35,95.31,79.17,819.07,498.98,3148.0,5.63,44.0,2.85,875.0,682.8,569.53,2000
2000-07-15,Unknown,2788.22,2818.02,2833.85,2774.96,230689263.0,-4.2,9.6,4.95,6.12,104.0,15875.0,187.0,1.18,85.67,128.25,1961.72,174.3,3327.0,6.42,39.0,31.58,11807.0,1103.94,928.96,2000
2000-07-15,Dow Jones,2788.22,2818.02,2833.85,2774.96,230689263.0,-4.2,9.6,4.95,6.12,104.0,15875.0,187.0,1.18,85.67,128.25,1961.72,174.3,3327.0,6.42,39.0,31.58,11807.0,1692.47,1418.29,2000
2000-07-16,Dow Jones,2841.43,2865.28,2899.15,2799.67,403923337.0,4.12,2.52,6.33,4.04,96.0,28259.0,662.0,1.38,134.77,110.14,2250.94,174.3,2019.0,2.14,16.0,34.87,541.0,1692.47,1352.76,2000
2000-07-17,NASDAQ,3014.01,4414.63,4472.73,4398.28,142667970.0,5.73,0.71,2.41,4.17,82.0,20112.0,1368.0,0.95,137.33,139.12,1454.01,346.89,9702.0,5.93,6.0,91.38,3148.0,531.06,430.56,2000
2000-07-18,S&P 500,3186.59,3175.31,3215.45,3150.91,967242243.0,0.59,4.92,9.9,8.9,52.0,23452.0,1590.0,1.3,117.9,26.19,1692.16,312.48,8762.0,4.6,4.0,50.34,510.0,347.05,300.77,2000
2000-07-19,Unknown,2521.6,2333.24,2524.89,2452.82,487813508.0,5.2,0.85,9.39,8.61,118.0,18359.0,4637.0,1.09,91.0,50.03,911.92,486.58,5899.0,4.28,39.0,61.81,10552.0,347.05,1739.76,2000
2000-07-21,S&P 500,1442.88,1491.17,1511.54,1423.4,270595396.0,9.03,1.26,9.74,3.09,67.0,2907.0,1672.0,1.33,146.86,40.62,1036.06,170.79,6237.0,3.11,0.0,44.06,7769.0,167.21,139.72,2000
2000-07-22,NASDAQ,2690.19,2704.4700000000003,2131.4300000000003,2659.87,170138929.0,-4.03,2.24,14.98,5.02,115.0,24427.0,4754.0,1.33,121.34,125.93,909.99,451.04,6237.0,3.05,1.0,1.93,12932.0,706.45,620.48,2000
2000-07-23,NASDAQ,1168.1,1189.87,1208.73,1130.33,608510921.0,-2.12,1.06,14.28,4.38,74.0,17819.0,4754.0,0.99,83.98,118.44,1092.46,127.48,7663.0,7.0,3.0,80.03,3273.0,1399.49,1170.01,2000
2000-07-24,Dow Jones,3959.62,4007.28,4040.48,3914.54,288691434.0,-3.97,9.54,2.03,3.86,69.0,13745.0,2900.0,1.44,118.5,120.52,2280.43,426.85,9693.0,5.58,0.0,67.22,13892.0,1974.24,1683.5,2000
2000-07-25,NASDAQ,4672.31,4660.03,4685.06,4614.26,799658194.0,-3.97,2.79,12.34,1.48,118.0,11659.0,3513.0,1.33,98.33,57.87,2469.75,426.85,9789.0,0.3,28.0,64.96,13073.0,761.54,668.63,2000
2000-07-26,Dow Jones,3420.59,2150.33,2156.68,2081.32,475599693.0,6.89,4.44,6.6,5.66,78.0,28025.0,1357.0,1.01,147.02,119.15,2294.66,165.6,678.0,0.49,20.0,80.92,14856.0,239.63,191.8,2000
2000-07-28,S&P 500,2168.87,2205.82,2988.1066666666666,2167.63,342220731.0,-3.75,6.77,5.85,6.78,76.0,2745.0,4885.0,1.11,147.61,33.88,2042.37,162.34,678.0,8.46,34.0,39.01,3036.0,248.47,207.83,2000
2000-07-29,S&P 500,4643.08,4611.15,4650.96,4591.96,487813508.0,-0.9,6.18,6.18,3.53,91.0,22573.0,4672.0,1.0,134.99,30.105,1071.5,387.34,9034.0,0.44,24.0,42.7,13864.0,661.88,560.45,2000
2000-07-30,S&P 500,4015.85,4060.62,4069.32,4008.77,739835604.0,-0.53,7.06,8.8,4.6,115.0,27713.0,4880.0,0.95,130.62,26.33,1757.39,387.34,5882.0,5.07,38.0,97.52,6882.0,372.41,308.86,2000
2000-07-31,Dow Jones,4219.63,4191.51,4257.67,2515.1800000000003,803770339.0,3.41,8.29,10.59,1.0,75.0,21221.0,2519.0,1.08,138.13,142.02,2043.71,372.55,4370.0,5.07,1.0,66.48,8178.0,457.34,358.0,2000
2000-08-01,S&P 500,1072.03,1054.65,1072.82,1021.59,456383319.0,-1.13,8.78,11.74,9.93,72.0,7072.0,1243.0,0.82,122.34,62.75,1672.89,372.55,2130.0,0.04,24.0,85.15,4929.0,1094.0,926.76,2000
2000-08-02,NASDAQ,4851.24,4876.86,4904.75,4849.04,181540597.0,-3.91,6.43,5.2,5.32,54.0,4450.0,4737.0,1.08,80.78,82.01,1742.93,420.91,5959.0,2.76,5.0,22.23,5926.0,2065.87,1719.97,2000
2000-08-04,NASDAQ,2219.0,2229.82,2255.15,2206.56,140581456.0,-0.51,5.35,6.01,5.64,68.0,23033.0,3265.0,0.99,95.33,72.01,1593.64,323.72,7281.0,0.81,34.0,39.22,5926.0,2254.1,1907.12,2000
2000-08-05,Dow Jones,4317.58,4312.04,4345.72,4290.43,191235797.0,1.79,2.77,6.72,8.77,61.0,10506.0,2714.0,0.86,110.4,75.98,1294.0,486.47,2328.0,6.07,18.0,31.76,3265.0,1001.38,862.45,2000
2000-08-06,S&P 500,2126.08,2150.32,2165.99,2092.68,316539794.0,-3.09,8.8,15.0,7.84,51.0,7985.0,847.0,0.9949999999999999,112.94,65.23,1882.94,256.15,3364.0,5.07,8.0,88.44,583.0,558.14,467.37,2000
2000-08-07,S&P 500,4491.02,4463.85,1826.4899999999998,4442.38,437059637.0,7.04,5.41,12.11,7.16,92.0,20167.0,3589.0,1.13,88.95,65.72,890.96,197.84,1834.0,1.52,32.0,50.34,7014.0,125.69,74.07,2000
2000-08-08,S&P 500,1450.32,3812.035,1486.99,1384.11,307758473.0,3.48,9.06,14.67,1.82,71.0,18180.0,2733.0,1.33,81.64,80.83,1090.58,170.92,5043.0,0.42,24.0,95.37,7063.0,942.68,797.66,2000
2000-08-10,NASDAQ,3162.79,3160.22,3172.42,3140.15,934278346.0,2.43,3.98,7.28,7.78,82.0,2147.0,1947.0,1.1600000000000001,140.02,141.68,1630.99,170.92,4209.0,7.35,31.0,3.82,1439.0,1314.8,1098.27,2000
2000-08-11,NASDAQ,1386.14,1352.94,1391.02,1314.7,754385765.0,9.12,9.48,7.07,5.94,73.0,15545.0,4125.0,0.99,132.91,90.87,2196.86,450.32,9746.0,1.77,22.0,13.89,6301.0,985.66,818.06,2000
2000-08-12,S&P 500,1967.58,1953.06,2012.47,1907.3,136440193.0,8.38,2.5,8.35,8.98,118.0,25435.0,1245.0,1.28,135.92,79.27,2035.12,413.91,2226.0,6.91,33.0,21.79,706.0,1103.04,896.92,2000
2000-08-13,Unknown,1049.62,1039.62,1067.11,1018.95,607010400.0,3.65,9.42,7.42,3.13,70.0,20336.0,2204.0,0.97,99.34,125.06,1345.21,324.85,4055.0,5.46,22.0,64.03,5361.0,1818.92,896.92,2000
2000-08-14,NASDAQ,2221.5249999999996,2830.81,2902.64,2809.63,698918762.0,9.01,9.54,12.77,2.8,95.0,28687.0,3956.0,0.82,106.2,108.52,2166.2,388.59,8292.0,5.46,45.0,18.19,10729.0,909.02,786.55,2000
2000-08-16,Dow Jones,3393.43,2605.2466666666664,2674.5666666666666,3346.29,521668783.0,0.48,5.64,5.84,6.44,54.0,8592.0,4159.0,1.1,113.06,114.98,2287.46,181.41,7030.0,1.92,0.0,79.56,9761.0,1899.45,1598.56,2000
2000-08-17,Dow Jones,2188.95,2154.12,2218.42,2140.77,871961954.0,2.76,6.47,12.07,0.51,54.0,22513.0,1908.0,1.1,125.785,125.095,1956.95,348.48,8938.0,4.57,6.0,12.56,12122.0,929.85,789.45,2000
2000-08-18,Dow Jones,2199.68,2209.46,2235.7200000000003,2177.67,628109412.0,3.84,8.7,13.11,3.85,106.0,3744.0,509.0,1.48,138.51,135.21,2376.02,290.99,6709.0,5.49,42.0,8.14,13844.0,2059.27,1717.35,2000
2000-08-19,S&P 500,3972.77,3989.24,3999.39,3932.97,67507182.0,5.83,7.76,7.47,8.65,54.0,3744.0,745.0,1.13,127.73,131.18,2322.37,341.85,7778.0,4.59,24.0,54.04,8726.0,228.36,181.59,2000
2000-08-21,NASDAQ,4611.58,4631.69,4218.985,4606.05,573882019.0,-2.75,9.82,7.47,0.53,115.0,3744.0,1651.0,1.14,149.1,70.21,2256.62,360.97,8894.0,7.41,1.0,91.1,3161.0,1449.82,1216.85,2000
2000-08-22,S&P 500,4409.06,4400.13,4438.58,4368.74,747253334.0,1.66,6.86,8.88,3.17,115.0,9194.0,1213.0,0.99,133.94,116.36,1757.13,421.45,2931.0,6.56,17.0,66.23,1917.0,1410.66,1192.08,2000
2000-08-23,NASDAQ,3671.22,3671.68,3919.435,3661.88,986247139.0,-2.35,9.75,2.58,9.18,78.0,9194.0,3687.0,0.87,130.42,30.89,1067.09,318.51,3761.0,6.56,18.0,94.62,4821.0,789.06,657.36,2000
2000-08-24,NASDAQ,3372.89,3323.63,3400.29,3298.12,985559015.0,4.93,0.57,2.38,9.06,118.0,23254.0,161.0,0.89,95.16,61.89,2210.24,242.96,4209.0,8.92,41.0,24.53,1051.0,222.12,199.11,2000
2000-08-25,NASDAQ,4569.21,4588.38,4623.52,4542.75,34354214.0,-2.63,1.39,9.97,9.06,81.0,21088.0,1335.0,0.91,143.36,141.19,2343.46,169.86,2190.0,9.94,24.0,34.25,2906.0,564.49,446.19,2000
2000-08-26,Dow Jones,1741.32,1757.45,1797.09,2894.675,819417369.0,8.56,4.51,5.94,5.76,97.0,29914.0,4443.0,0.87,113.17,98.14,943.73,206.14,1198.0,9.94,27.0,83.95,9167.0,947.68,776.73,2000
2000-08-27,Unknown,1315.88,1269.72,1347.34,1246.6,897966744.0,-1.54,3.85,11.65,3.65,51.0,26419.0,1827.0,0.95,100.84,55.09,2381.94,309.01,2050.0,3.48,34.0,81.12,14453.0,238.89,194.65,2000
2000-08-28,S&P 500,1958.04,1944.87,1965.67,1930.9,490462992.0,-0.63,3.85,13.65,2.82,118.0,28455.0,4692.0,0.8,125.84,81.94,1822.15,202.21,3478.0,7.79,24.0,66.52,9800.0,1312.19,1107.7,2000
2000-08-29,S&P 500,4178.31,4226.21,4261.72,4166.76,929870670.0,7.76,1.61,3.81,8.24,100.0,20696.0,4654.0,0.85,94.82,57.52,844.03,411.18,3924.0,1.42,12.0,50.65,4880.0,829.6,696.72,2000
2000-08-30,Dow Jones,1138.68,3778.815,1172.55,1087.04,674851300.0,1.88,9.76,11.42,1.51,84.0,9502.0,4654.0,1.24,143.53,119.87,1721.05,152.7,2982.0,5.13,5.0,1.87,14946.0,1619.78,1349.85,2000
2000-08-31,NASDAQ,3331.23,3331.42,3332.64,3322.68,129795523.0,-4.64,3.15,8.69,5.13,64.0,9502.0,3460.0,0.97,139.8,130.58,2154.47,306.57,6323.0,5.25,28.0,28.12,14946.0,1245.42,1061.17,2000
2000-09-01,S&P 500,4981.75,5022.74,5043.33,3868.05,26841045.0,2.42,4.29,3.46,6.53,114.0,1285.0,1512.0,1.04,112.54,121.75,1706.41,298.39,2110.0,9.83,24.0,15.92,6965.0,1165.64,999.08,2000
2000-09-02,Dow Jones,4033.7650000000003,4444.51,4461.16,4413.42,124700944.0,-3.73,2.75,10.47,1.48,87.0,727.0,3684.0,1.38,93.35,39.38,2002.32,155.56,593.0,9.91,39.0,5.21,14679.0,211.9,168.89,2000
2000-09-03,Dow Jones,3085.78,3093.99,3127.46,3047.11,91632469.0,9.78,5.79,9.92,5.44,66.0,5447.0,1833.0,1.34,114.76,43.6,2295.29,498.0,8213.0,7.99,24.0,77.63,12396.0,90.95,88.36,2000
2000-09-04,Dow Jones,1254.56,1284.34,1295.15,1230.84,708942352.0,3.82,0.59,8.7,5.99,94.0,7977.0,3730.0,1.14,90.44,47.82,2278.59,498.0,1951.0,4.73,33.0,13.22,11709.0,592.2,513.11,2000
2000-09-05,NASDAQ,4325.49,4361.929999999999,4391.47,4307.93,154110733.0,-1.15,1.5,14.04,7.55,50.0,17711.0,3969.0,1.23,98.89,25.56,1104.08,254.61,5478.0,5.47,19.0,35.81,3045.0,966.49,805.21,2000
2000-09-06,Dow Jones,3395.91,3391.6,3441.57,3373.55,789311629.0,3.46,7.46,8.77,2.73,52.0,17262.0,2591.0,0.86,113.79,116.09,1526.12,373.96,6747.0,3.2,24.0,97.75,4317.0,1365.92,805.21,2000
2000-09-07,Dow Jones,1459.73,1457.24,1499.62,1414.63,933755783.0,-3.85,1.87,14.88,3.29,119.0,14394.0,2139.0,1.33,81.48,75.69,988.98,386.63,7595.0,8.3,32.0,40.97,12867.0,2212.7,1845.75,2000
2000-09-08,Dow Jones,1375.43,1364.04,1421.5,1375.49,39372961.0,7.0,2.36,8.62,5.91,101.0,28887.0,4987.0,1.16,133.6,55.96,1811.67,360.46,5043.0,7.47,10.0,14.24,13709.0,1007.99,843.66,2000
2000-09-09,Dow Jones,4638.51,4685.18,4734.11,4602.62,880713113.0,8.88,7.93,3.51,9.84,102.0,28887.0,1407.0,1.2,93.78,59.98,2423.04,272.99,4736.0,7.71,23.0,69.01,7632.0,1910.63,1608.53,2000
2000-09-10,S&P 500,3676.8,3696.52,3697.05,4551.055,508829100.0,8.12,0.93,8.12,2.57,52.0,15220.0,4112.0,1.27,140.66,61.31333333333333,2422.4449999999997,454.04,7488.0,1.39,24.0,81.01,7593.0,2141.38,1796.94,2000
2000-09-12,Dow Jones,4515.92,4552.22,4572.86,4499.49,487813508.0,2.76,0.23,9.76,2.57,55.0,12056.0,4790.0,1.17,117.25,62.64666666666666,2421.85,316.81,4941.0,5.37,47.0,80.95,9424.0,1045.47,898.63,2000
2000-09-13,NASDAQ,3287.09,3285.15,3330.08,3762.46,281377679.0,2.76,0.23,11.01,8.35,95.0,12068.0,4790.0,1.15,134.37,63.98,2075.2,101.03,9710.0,1.25,24.0,27.22,2983.0,809.44,687.17,2000
2000-09-14,S&P 500,3069.79,3026.67,3082.38,3025.4300000000003,487813508.0,4.77,6.99,8.09,1.35,110.0,27414.0,1041.0,1.15,96.66,70.355,920.99,189.35,9710.0,3.69,24.0,69.34,4738.0,2057.08,1752.48,2000
2000-09-15,Dow Jones,2721.71,2726.68,2775.73,2702.87,261069967.0,4.77,0.9,3.27,3.35,92.0,26204.0,2136.0,1.33,129.53,76.73,1528.31,303.53,8532.0,0.87,31.0,12.57,1245.0,2178.21,1842.94,2000
2000-09-16,Unknown,2267.79,2259.51,2298.48,2214.72,35255909.0,1.89,8.88,8.09,1.05,105.0,22966.0,1913.0,1.1,130.46,66.12,2479.41,459.57,2500.0,9.59,43.0,42.84,14710.0,163.75,122.26,2000
2000-09-17,S&P 500,2738.38,2776.15,2815.83,2724.65,803391029.0,8.61,9.09,3.06,4.03,119.0,8982.0,3161.0,0.8,124.65,113.48,1570.51,351.45,7617.0,7.51,18.0,52.1,2218.0,1930.63,1651.94,2000
2000-09-19,Dow Jones,3654.235,3440.34,3449.51,3392.56,487813508.0,-4.86,9.91,12.27,1.5,96.0,8188.0,4467.0,1.47,134.95,25.02,1991.66,119.16,3498.0,2.05,39.0,65.04,7560.0,492.34,415.57,2000
2000-09-20,Dow Jones,4570.09,4575.86,4613.78,4539.47,588433442.0,-3.9,2.98,14.51,5.84,103.0,27800.0,1384.0,0.98,123.99,35.06,1928.68,338.91,4110.0,3.34,1.0,85.35,11838.0,450.31,371.24,2000
2000-09-21,NASDAQ,2773.52,2728.98,2774.62,2707.06,428027589.0,-3.9,0.84,3.93,0.56,90.0,559.0,495.0,1.37,121.33,46.916666666666664,1681.82,240.3,4248.0,1.44,13.0,18.51,1844.0,1885.17,1574.45,2000
2000-09-22,NASDAQ,3428.36,3475.54,3516.38,3392.02,997020931.0,-4.5,0.05,8.92,7.27,115.0,5931.0,3863.0,1.12,137.34,58.773333333333326,1025.75,314.95,4068.0,5.36,32.0,66.16,10051.0,235.0,188.63,2000
2000-09-23,Dow Jones,5223.265,3526.49,3527.19,3414.135,882279953.0,2.54,0.05,9.38,2.37,80.0,29277.0,4349.0,1.25,97.12,70.63,2004.31,406.58,9760.0,8.21,31.0,12.86,3190.0,837.85,745.76,2000
2000-09-24,Dow Jones,3366.79,3345.88,3399.65,3312.17,262680517.0,-0.29,4.09,13.99,1.73,113.0,19554.0,1190.0,1.42,96.27,41.63,2386.66,421.5,2777.0,0.19,40.0,50.34,10044.0,553.96,473.94,2000
2000-09-25,NASDAQ,3810.54,3807.48,3828.79,3797.26,161450329.0,-2.29,3.32,10.15,3.7,113.0,19554.0,2988.0,1.34,107.05,53.9,2400.88,445.71,2505.0,1.03,18.0,52.5,11456.0,707.42,601.65,2000
2000-09-26,S&P 500,1949.73,1985.52,2016.09,1903.1,964898980.0,6.25,8.37,3.89,7.82,104.0,3839.0,1822.0,1.42,85.12,105.54,1808.76,445.71,7746.0,2.29,13.0,2.82,11772.0,1083.71,919.0,2000
2000-09-27,S&P 500,3049.46,3029.95,1725.0549999999998,3016.73,942649882.0,-1.93,7.17,7.67,1.51,95.0,3839.0,4543.0,0.81,103.62,142.91,1636.74,462.25,1375.0,7.14,3.0,7.13,9368.0,2285.63,1929.03,2000
2000-09-28,NASDAQ,1416.9,1386.17,1434.02,1378.68,44923880.0,5.31,3.5,10.51,2.68,73.0,4154.0,4106.0,0.93,108.44,100.05,1306.405,376.25,7415.0,8.94,24.0,83.94,9313.0,252.08,229.02,2000
2000-09-29,S&P 500,2538.05,2158.315,2543.45,2140.485,49638538.0,0.24,7.34,11.1,0.58,86.0,4154.0,1186.0,1.1,114.65,23.44,976.07,413.57,7415.0,7.53,24.0,28.75,1091.0,344.61,314.99,2000
2000-09-30,NASDAQ,2950.67,2930.46,2954.15,2902.29,90477925.0,2.68,7.34,13.22,5.195,90.0,13687.0,1404.0,1.39,97.78,104.59,2301.3,374.19,1241.0,5.25,28.0,34.68,686.0,162.57,121.96,2000
2000-10-01,S&P 500,3608.9,3636.9,3666.35,3847.315,586610749.0,2.76,0.93,4.35,6.13,74.0,27568.0,3212.0,1.39,143.48,85.605,1795.4050000000002,448.75,1666.0,1.05,24.0,64.08,7911.0,1251.85,1047.19,2000
2000-10-02,S&P 500,4802.12,4799.28,4828.15,4792.34,389281039.0,-4.44,3.06,14.37,6.13,78.0,6048.0,1114.0,1.145,99.96,66.62,1289.51,448.75,7480.0,7.55,30.0,22.15,8849.0,1247.08,1024.14,2000
2000-10-03,Dow Jones,3402.6,3375.35,3439.71,3360.35,487813508.0,2.5,3.06,2.77,6.69,80.0,21986.0,4472.0,0.9,139.61,141.36,2058.68,403.95,6397.0,1.06,32.0,19.37,3586.0,2067.69,1772.6,2000
2000-10-04,Dow Jones,3974.38,3941.0,3999.87,3926.92,259063786.0,2.5,4.98,14.79,1.87,51.0,24402.0,320.0,1.38,111.15,107.18,1998.1,146.86,7714.0,3.48,28.0,42.21,9863.0,2162.31,1820.39,2000
2000-10-05,S&P 500,3025.06,3008.33,3046.18,2978.12,487813508.0,3.82,5.42,13.15,6.15,61.0,29477.0,3905.0,1.18,130.27,73.035,1957.72,146.86,7714.0,3.08,10.0,5.99,9447.0,1235.21,1032.98,2000
2000-10-06,S&P 500,3536.42,3580.41,3600.31,3495.58,958356686.0,-0.85,3.01,10.58,1.75,54.0,19546.0,1226.0,1.24,87.76,38.89,2060.9,296.65,5532.0,3.59,24.0,91.71,8933.0,325.31,273.42,2000
2000-10-07,Dow Jones,1283.73,1268.03,1285.05,1229.96,605488153.0,0.97,6.67,11.55,4.31,110.0,17085.0,3356.0,1.37,118.12,42.92,1721.36,220.09,4636.0,3.3,44.0,94.02,4874.0,275.52,227.58,2000
2000-10-08,Dow Jones,2017.57,2066.38,2083.16,2004.45,926303351.0,5.2,6.45,2.94,5.91,105.0,7587.0,2030.0,0.95,147.26,110.9,1063.42,325.34,5373.0,7.69,39.0,44.88,13654.0,389.06,334.91,2000
2000-10-09,Dow Jones,2447.41,2445.93,2496.21,2433.66,673738664.0,8.36,5.78,2.54,5.81,105.0,13834.0,2222.0,0.9,126.64,96.64,2497.21,371.09,3956.0,1.72,8.0,21.0,3983.0,1004.4,859.51,2000
2000-10-10,NASDAQ,2889.97,2857.89,2933.65,2809.6,759198199.0,-4.38,1.14,3.32,1.63,85.0,28237.0,572.0,1.4,137.42,79.22,2316.64,190.63,3004.0,8.46,46.0,47.11,4286.0,1834.82,1531.19,2000
2000-10-11,S&P 500,1182.59,1221.7,1238.17,1182.18,599679326.0,-3.93,4.77,3.32,0.83,78.0,9162.0,515.0,0.88,98.27,54.24,1532.96,379.97,6088.0,8.58,28.0,10.08,13757.0,863.58,741.77,2000
2000-10-12,Dow Jones,1560.1,1556.14,1589.49,3010.4750000000004,43125522.0,-0.12,4.77,9.12,0.83,87.0,9162.0,1968.0,0.95,136.01,55.555,1701.55,498.18,6398.0,4.91,36.0,39.84,8156.0,400.3,331.97,2000
2000-10-14,NASDAQ,12215.325,3245.3199999999997,4956.56,4838.77,686031319.0,-1.03,9.22,13.18,1.28,82.0,3856.0,1633.0,1.02,113.96,56.87,1884.56,169.51,3893.0,5.75,30.0,70.65,3293.0,105.12,81.98,2000
2000-10-15,NASDAQ,2325.39,2280.41,2326.29,2263.29,447657593.0,-1.68,4.81,7.79,1.71,62.0,28830.0,1562.0,0.97,93.16,27.14,2042.94,169.51,1760.0,8.21,21.0,27.64,3293.0,931.8,761.19,2000
2000-10-16,Dow Jones,2928.16,2887.83,2931.89,2865.81,729083528.0,-2.06,0.14,11.04,8.98,55.0,11048.0,1965.0,1.32,114.0,55.79,1193.66,103.79,7952.0,2.89,17.0,52.11,6084.0,1881.22,1584.64,2000
2000-10-17,NASDAQ,1784.39,1806.44,1831.96,1749.0300000000002,85250838.0,-3.04,4.39,10.49,7.81,115.0,4473.0,4109.0,1.48,116.1,139.98,1535.75,287.89,6193.0,8.38,1.0,1.45,3977.0,1329.58,1120.51,2000
2000-10-18,S&P 500,3443.12,3421.3,3491.59,3391.92,29357507.0,9.01,8.21,6.16,9.96,57.0,4473.0,3230.0,0.94,123.56,44.39,1888.4,313.32,6557.0,6.77,21.0,52.51,3977.0,1598.14,1368.2,2000
2000-10-19,Dow Jones,2122.73,2091.16,2157.39,2573.07,302184777.0,-2.84,7.8,5.16,2.91,113.0,11275.0,1836.0,1.35,140.8,46.52,2479.63,488.95,1718.0,9.87,36.0,0.43,2852.0,1526.13,1273.3,2000
2000-10-20,S&P 500,1827.97,1781.91,1831.52,1754.22,355289598.0,-1.93,7.8,6.45,5.13,113.0,4971.0,3286.0,0.83,101.34,98.0,2273.065,394.88,693.0,8.25,19.0,92.53,3285.0,1089.99,898.47,2000
2000-10-21,S&P 500,3066.29,3018.47,3075.76,2981.93,389662344.0,-1.31,2.5,12.36,2.75,72.0,28861.0,571.0,0.88,148.89,93.7,2066.5,382.38,2170.0,2.02,47.0,50.17,518.0,1089.99,708.88,2000
2000-10-23,NASDAQ,1030.66,994.1,1072.73,993.54,354842446.0,-1.31,5.64,5.3,1.6,50.0,27759.0,3026.0,1.19,108.2,40.05,956.98,305.27,1429.0,1.04,3.0,34.17,2334.0,841.74,735.93,2000
2000-10-24,NASDAQ,1876.28,1873.05,1907.16,1850.15,459837490.0,6.34,10.0,12.63,1.71,95.0,27759.0,2965.0,1.46,95.87,35.21,2109.25,496.83,1523.0,0.7,25.0,4.7,13489.0,2189.44,1858.69,2000
2000-10-25,NASDAQ,1146.89,1157.48,1189.7,1140.3,721673121.0,-3.43,6.44,2.71,1.18,111.0,3623.0,3297.0,0.88,85.0,131.94,1903.82,496.83,6030.0,7.06,24.0,53.14,7849.0,2225.53,1868.62,2000
2000-10-26,NASDAQ,1432.1,1424.94,1433.52,1391.72,476575529.0,7.54,6.94,11.09,7.09,51.0,11833.0,2561.0,0.97,96.41,105.08,1674.38,221.28,9172.0,9.13,24.0,12.32,910.0,1650.3,1391.88,2000
2000-10-27,Dow Jones,2355.44,2308.15,2396.87,2310.54,713027454.0,1.12,4.91,7.71,5.19,93.0,19191.0,3681.0,1.46,141.92,143.95,1947.56,153.51,7125.0,9.74,24.0,47.36,7754.0,503.59,442.28,2000
2000-10-29,S&P 500,3288.19,3239.24,3301.14,3229.36,860679344.0,3.64,8.13,14.06,8.85,88.0,19191.0,220.0,1.32,89.66,79.88,2086.07,285.45,9909.0,2.02,28.0,76.18,3004.0,1876.9,1558.1,2000
2000-10-30,S&P 500,3050.67,3076.86,3112.29,3023.25,461574270.0,7.33,4.95,11.75,7.53,88.0,22819.0,1875.0,1.35,81.59,116.6,2258.29,236.77,5777.0,5.6,24.0,48.28,2874.0,1876.9,1558.1,2000
2000-11-03,Dow Jones,1348.37,1346.07,1357.3,1298.36,487813508.0,-1.43,4.95,7.99,7.53,92.0,2101.0,1875.0,1.38,146.58,76.01,835.11,396.92,9364.0,8.1,37.0,26.09,7043.0,1585.54,1345.87,2000
2000-11-04,Dow Jones,8670.675,3457.19,3485.16,3450.08,786238770.0,1.36,0.47,2.98,9.93,57.0,12288.0,1875.0,0.86,98.73,78.405,873.41,459.69,3832.0,8.95,15.0,50.34,7043.0,1553.71,1297.25,2000
2000-11-05,S&P 500,1455.35,1494.09,1515.01,1419.93,299851472.0,-4.78,2.51,11.35,0.72,108.0,20661.0,1946.0,1.06,80.43,80.8,2041.6,407.21,7854.0,4.82,18.0,43.87,2075.0,1687.66,1440.38,2000
2000-11-06,S&P 500,2380.89,2420.28,2445.71,2377.49,634108113.0,8.19,3.54,5.79,5.72,60.0,21807.0,4692.0,1.11,146.1,126.6,1262.25,106.48,7488.0,5.64,10.0,42.67,10296.0,1723.86,1442.27,2000
2000-11-08,Dow Jones,4496.89,4508.4,4521.93,4471.450000000001,957518834.0,7.92,4.94,13.74,5.28,88.0,13212.0,4692.0,0.86,85.8,96.55,1858.38,495.64,7273.0,2.39,35.0,14.65,10901.0,2086.73,1729.6,2000
2000-11-10,Dow Jones,3809.04,3855.25,3885.51,3761.46,261719658.0,0.52,4.94,5.65,2.78,75.0,14247.0,3076.0,0.915,87.55,108.795,1750.1,127.25,7282.0,0.18,1.0,59.33,12589.0,2086.73,1601.05,2000
2000-11-12,NASDAQ,1525.96,1521.24,1540.89,1482.26,518136265.0,-0.1,9.22,13.52,7.68,95.0,20662.0,4545.0,1.13,84.33,32.35,2399.79,127.25,5602.0,7.76,0.0,86.46,9983.0,380.35,618.14,2000
2000-11-13,NASDAQ,2098.93,2076.8,2101.21,2046.69,426556260.0,8.33,5.0,2.0,3.03,77.0,9013.0,4970.0,1.16,119.77,87.44,2252.07,497.14,5595.0,3.02,40.0,50.34,5314.0,241.22,198.57,2000
2000-11-14,NASDAQ,2578.3,2624.19,2661.53,2555.55,733005039.0,-4.62,7.09,10.94,4.14,56.0,28737.0,2296.0,1.29,125.68,107.995,1209.37,272.98,5014.0,7.28,9.0,65.72,7858.0,1629.14,1386.15,2000
2000-11-15,NASDAQ,2687.31,2651.59,2730.2,2633.78,568358327.0,1.09,2.19,11.97,3.05,56.0,10989.0,3560.0,1.28,90.33,128.55,2341.55,457.22,5896.0,2.14,2.0,92.82,4890.0,376.42,307.68,2000
2000-11-16,Unknown,2644.08,2652.06,2676.81,2596.73,441074308.0,-4.53,7.61,4.73,3.05,115.0,22747.0,3560.0,1.15,114.19,131.04000000000002,1305.35,336.8,7452.0,5.76,7.0,72.0,925.0,2185.25,1863.17,2000
2000-11-17,Dow Jones,4630.44,4608.7,4636.99,4578.55,544828023.0,0.56,7.21,8.37,7.39,71.0,17063.0,776.0,1.04,147.47,133.53,1923.0,303.77,187.0,7.01,15.0,88.61,13579.0,1735.94,1477.48,2000
2000-11-18,NASDAQ,3856.13,3834.03,3890.94,3805.08,104815798.0,-2.41,9.04,3.16,8.78,71.0,20849.0,694.0,1.03,143.01,148.53,1901.9533333333334,264.78,5974.0,7.15,35.0,7.05,5208.0,534.96,444.34,2000
2000-11-18,Unknown,9640.325,3628.075,3890.94,3805.08,104815798.0,-2.41,9.04,3.16,8.78,71.0,20849.0,694.0,1.03,138.55,148.53,1880.9066666666665,264.78,5974.0,7.15,35.0,7.05,5208.0,1514.11,1287.43,2000
2000-11-19,Dow Jones,3431.62,3422.12,3441.92,3410.52,282017547.0,-2.41,0.34,11.71,2.12,52.0,13791.0,3984.0,1.23,130.64,81.84,1859.86,456.85,4551.0,9.83,42.0,49.32,12061.0,261.01,223.88,2000
2000-11-20,Dow Jones,2237.49,2287.37,2309.43,2235.16,487813508.0,-2.41,4.48,13.02,1.2,95.0,26788.0,3251.0,1.43,116.24,92.78999999999999,2170.53,348.45,1188.0,1.82,24.0,56.53,12384.0,1249.51,1041.56,2000
2000-11-22,S&P 500,4820.24,4828.09,4869.36,4804.55,743816310.0,-0.89,0.95,12.61,2.03,57.0,28643.0,3034.0,1.24,111.6,103.74,2443.79,296.77,3209.0,8.8,19.0,11.77,4013.0,1777.59,1530.19,2000
2000-11-23,NASDAQ,4284.79,4243.05,4291.09,4220.92,487813508.0,3.84,4.11,12.03,5.56,53.0,16537.0,4433.0,1.08,133.52,85.94,1498.08,277.63,1497.0,5.62,46.0,65.71,5904.0,1032.26,878.79,2000
2000-11-24,S&P 500,1006.26,3891.3100000000004,1051.41,965.98,286176050.0,-2.87,9.42,6.51,9.72,64.0,16185.0,3085.0,1.0625,118.8,110.605,2487.71,280.46,4860.0,8.76,7.0,50.34,3821.0,714.07,595.55,2000
2000-11-25,Dow Jones,3545.61,3539.57,3588.82,3497.72,974307080.0,-1.11,4.36,10.97,3.89,93.0,27109.0,2463.0,1.045,133.53,135.27,1261.86,224.64,2527.0,4.34,9.0,6.85,1481.0,2268.73,595.55,2000
2000-11-26,S&P 500,1204.54,1205.59,1228.82,1203.16,783834411.0,3.19,9.85,2.0,9.61,88.0,9429.0,939.0,1.0275,147.89,41.56,1585.72,353.18,2184.0,7.95,36.0,46.98,14227.0,893.19,716.78,2000
2000-11-27,S&P 500,2030.43,2006.31,2067.65,1964.61,930125849.0,-1.44,0.57,14.11,0.86,78.0,4219.0,2610.0,1.01,124.84,35.63,2093.2,120.89,9030.0,8.7,31.0,60.08,1855.0,1482.3,1267.91,2000
2000-11-28,S&P 500,1238.1,1219.75,1269.07,1212.74,543439950.0,5.19,7.18,9.15,9.31,111.0,23214.0,3869.0,1.41,122.22,84.81,2449.26,120.89,3099.0,8.46,26.0,95.82,11041.0,235.17,213.63,2000
2000-11-29,Dow Jones,3415.18,3373.88,3455.33,3329.55,605731023.0,2.37,5.81,10.06,9.31,83.0,16938.0,4787.0,1.24,108.43,147.63,890.0,266.16,4529.0,8.71,30.0,69.89,11041.0,1006.19,837.74,2000
2000-11-30,Unknown,3746.36,3726.68,3767.95,3690.19,487813508.0,6.58,5.01,10.64,9.17,75.0,11617.0,2987.0,0.8,93.77,27.68,2407.59,420.34,2566.0,2.2,2.0,50.34,14549.0,1577.24,1333.95,2000
2000-12-01,S&P 500,1457.95,1504.61,1543.9,1449.72,487813508.0,9.22,9.71,9.3,1.03,67.0,23541.0,3143.0,1.03,106.19,148.25,2497.75,391.8,980.0,4.39,38.0,21.54,14427.0,682.05,580.67,2000
2000-12-02,S&P 500,2535.36,2579.83,2602.95,2507.07,371931165.0,-3.26,1.3,13.14,9.51,67.0,26509.0,1731.0,1.04,116.41,145.8,2346.29,288.74,8050.0,1.75,5.0,15.29,14967.0,682.05,708.14,2000
2000-12-03,Unknown,2824.95,2808.44,2872.0,2792.81,340463988.0,-3.26,1.3,9.93,2.41,101.0,24882.0,1505.0,1.29,82.44,58.04,984.25,179.48,6837.0,1.81,16.0,60.77,3771.0,1336.78,1146.49,2000
2000-12-04,S&P 500,2476.21,2483.3,2507.62,2467.3,332973047.0,-0.21,6.91,13.8,3.38,103.0,18948.0,4345.0,1.29,113.31,39.525,2229.19,324.88,9828.0,4.88,9.0,22.37,4700.0,664.72,539.89,2000
2000-12-05,NASDAQ,3240.46,1525.06,1548.19,1441.14,172107590.0,-2.73,2.59,9.57,5.16,91.0,12334.0,2589.0,1.12,140.35,21.01,2351.315,479.23,6695.0,9.6,20.0,70.69,13708.0,2031.74,1729.93,2000
2000-12-07,NASDAQ,4004.71,4035.78,4076.86,3984.78,405682035.0,6.4,2.59,13.88,6.84,101.0,20178.0,3536.0,1.41,139.89,79.17999999999999,2473.44,479.23,8731.0,8.54,28.0,34.03,3011.0,417.23,365.88,2000
2000-12-08,Dow Jones,1284.03,1328.87,1356.59,1275.54,440142915.0,2.27,8.14,10.86,9.76,62.0,4355.0,105.0,1.41,92.04,137.35,1764.665,497.2,2146.0,9.37,19.0,77.33,5993.0,858.41,365.88,2000
2000-12-09,S&P 500,1320.72,1279.85,1329.71,1260.7,280977258.0,3.07,3.89,11.09,6.26,81.0,13869.0,2681.0,1.04,90.85,81.4,1474.6,457.03,2294.0,0.87,14.0,83.12,1518.0,407.53,336.17,2000
2000-12-10,S&P 500,2419.09,2385.23,2442.48,2341.65,984297575.0,-4.11,8.51,14.81,7.35,115.0,3251.0,319.0,1.1,107.53,92.275,851.46,319.82,9177.0,1.62,1.0,34.59,4582.0,1111.72,946.67,2000
2000-12-11,S&P 500,4766.9,4812.97,4861.37,4748.74,538674981.0,3.33,6.37,2.98,1.34,107.0,28709.0,3018.0,1.09,95.78,103.15,1326.18,377.9,8589.0,2.91,24.0,20.75,5163.0,1752.0,1441.84,2000
2000-12-12,S&P 500,3674.29,3678.04,3715.69,4183.76,495271864.0,6.87,1.41,7.57,6.46,88.0,1224.0,111.0,1.11,127.32,68.85,1766.15,277.22,6613.0,6.17,11.0,95.82,5163.0,309.2,264.32,2000
2000-12-13,NASDAQ,3714.68,3666.1,3755.24,3618.78,418328413.0,3.61,6.5,5.11,4.81,76.0,9945.0,2942.0,1.42,85.92,89.75,2382.45,261.64,993.0,0.62,12.0,76.13,5163.0,434.44,348.43,2000
2000-12-14,S&P 500,2447.68,2423.44,2449.32,2416.2000000000003,894455497.0,-1.02,6.5,10.2,8.91,103.0,9869.0,557.0,0.97,111.06,144.22,2483.62,277.28,7500.0,7.87,43.0,80.73,2130.0,660.57,539.9,2000
2000-12-15,Dow Jones,3374.64,3369.63,3398.03,3360.76,266850333.0,5.01,4.12,12.49,4.19,92.0,9988.0,2372.0,1.36,99.62,46.34,1519.71,265.77,759.0,0.64,43.0,22.35,11026.0,784.84,654.12,2000
2000-12-16,Dow Jones,1040.52,1059.81,1092.14,997.39,11142310.0,0.42,1.7,14.56,6.95,101.0,8549.0,266.0,1.16,117.705,79.66,1527.91,370.22,223.0,1.58,38.0,42.5,1078.0,1993.41,1649.71,2000
2000-12-17,S&P 500,3544.38,3567.7,3609.2,3524.74,487813508.0,3.17,0.22,7.91,2.67,63.0,13857.0,2073.0,0.97,135.79,22.0,1072.58,232.18,347.0,3.82,38.0,6.91,861.0,1993.41,1679.19,2000
2000-12-18,Dow Jones,4653.15,4702.69,4705.15,4652.929999999999,184397027.0,2.31,2.12,12.22,2.96,57.0,16733.0,2044.0,1.17,144.65,129.49,1647.21,232.18,9777.0,5.58,37.0,11.03,861.0,2183.08,1839.23,2000
2000-12-20,S&P 500,4494.79,4498.61,4526.03,4464.91,944054758.0,5.78,4.82,12.22,3.39,67.0,19383.0,4231.0,0.88,104.58,101.35,1081.17,112.52,7203.0,9.64,20.0,30.39,234.0,788.4,645.13,2000
2000-12-22,S&P 500,1482.23,1472.79,1498.09,1466.12,199231916.0,5.78,2.48,9.9,0.97,101.0,27550.0,4837.0,1.29,121.44,73.21,2315.24,205.3,4873.0,1.07,15.0,42.27,2673.0,948.77,784.67,2000
2000-12-23,Dow Jones,4609.81,1393.1599999999999,4623.91,4571.2,505328467.0,5.78,6.85,9.9,8.45,98.0,22001.0,339.0,0.94,128.46,109.35,1864.93,176.1,9765.0,6.31,24.0,69.82,2405.0,2202.25,784.67,2000
2000-12-24,NASDAQ,1265.78,1313.53,1340.07,1219.68,547854448.0,2.67,7.04,14.84,1.11,57.0,19511.0,1016.0,1.46,139.58,131.52,1361.86,251.58,6813.0,4.42,26.0,90.45,13817.0,306.96,255.94,2000
2000-12-25,S&P 500,1417.165,3171.2,3173.78,3098.31,79191199.0,5.51,3.58,10.35,8.93,86.0,13038.0,3052.0,1.245,89.11,92.76,2181.67,147.0,2627.0,1.26,42.0,24.68,6687.0,2123.67,1796.89,2000
2000-12-26,Unknown,1568.55,1568.38,1576.48,1538.89,731413626.0,7.83,8.81,13.53,1.69,115.0,19334.0,3538.0,1.03,146.32,54.0,985.24,253.8,7125.0,5.55,2.0,14.56,2448.0,1973.02,1667.56,2000
2000-12-27,Dow Jones,1046.83,1057.15,1928.9025000000001,1008.37,553195814.0,2.01,8.81,4.6,1.12,90.0,14553.0,955.0,0.82,124.91999999999999,55.446,2259.2,140.93,568.0,3.57,24.0,24.4,8055.0,1973.02,1849.47,2000
2000-12-28,NASDAQ,2688.14,2660.87,2281.325,2639.43,263620848.0,7.52,7.13,5.2,5.85,76.0,28044.0,2764.0,0.9,103.52,56.891999999999996,1680.6,293.4,6609.0,3.46,43.0,88.25,5245.0,683.87,580.52,2000
2000-12-30,Dow Jones,2944.0,2963.5,2986.17,2925.41,273057514.0,-2.61,0.01,3.76,5.17,87.0,9861.0,653.0,1.37,132.57,59.784,1681.27,152.0,5121.0,9.79,18.0,45.19,5210.0,1850.37,1545.78,2000
2000-12-31,NASDAQ,3308.8,3310.32,3336.1800000000003,3296.6,896031933.0,4.86,8.65,4.48,5.17,61.0,7557.0,2913.0,1.5,127.51,61.23,1218.66,331.64,2018.0,7.26,37.0,82.05,5210.0,2099.73,1545.78,2000
2001-01-01,NASDAQ,1174.96,1223.99,1262.17,1138.51,425140770.0,8.05,8.22,7.47,3.23,91.0,12131.0,1985.0,1.41,131.06,56.805,1889.44,350.1,8630.0,2.8,25.0,23.75,13657.0,273.21,212.07,2001
2001-01-02,Dow Jones,1492.01,1503.14,1525.51,1471.03,386307434.0,8.39,1.23,9.66,6.8,99.0,24749.0,3045.0,1.24,97.71,52.38,1063.14,102.21,7563.0,2.8,22.0,23.99,7243.0,1228.0,1027.52,2001
2001-01-04,Dow Jones,2372.67,2399.89,2430.81,2355.2000000000003,623148811.0,2.88,6.61,5.8,6.8,114.0,4794.0,294.0,1.2533333333333334,130.53,41.08,1733.85,131.18,3933.0,8.1,24.0,79.03,7243.0,1244.85,1076.85,2001
2001-01-05,NASDAQ,3916.69,3883.74,3922.34,2953.085,660842336.0,-0.03,6.52,13.97,8.35,102.0,10156.0,3787.0,1.2666666666666666,100.89,61.56,1462.97,395.46,4550.0,6.59,45.0,26.03,9980.0,2035.75,1727.83,2001
2001-01-06,Dow Jones,3609.17,3597.62,3616.99,3550.97,500805027.0,9.7,8.6,13.9,7.41,89.0,27268.0,1525.0,1.28,95.57,121.12,2066.84,372.61,5287.0,3.76,39.0,21.08,4823.0,435.44,1727.83,2001
2001-01-07,Dow Jones,4382.42,4367.12,4404.27,4355.03,62848013.0,-0.2,1.4,7.1,7.41,88.0,13870.0,1525.0,1.48,95.02,48.03,1792.07,119.89,6392.0,4.34,40.0,47.45,6444.0,2115.02,1772.81,2001
2001-01-08,NASDAQ,3769.97,3763.15,3789.81,3723.24,963052845.0,6.16,4.3,7.65,8.55,59.0,18614.0,2793.0,0.82,90.39,143.12,1448.27,476.5,345.0,4.55,44.0,13.51,11544.0,1658.56,1378.18,2001
2001-01-09,NASDAQ,2719.72,2747.9,2785.08,2698.07,183080684.0,2.98,0.97,11.13,9.24,59.0,8649.0,3853.0,1.02,109.88,84.08,1355.44,483.98,5895.0,9.49,48.0,74.81,11544.0,1667.9,1399.98,2001
2001-01-10,NASDAQ,3691.87,3690.29,3720.91,3644.41,280249196.0,4.13,0.97,10.62,9.24,89.0,14978.0,2071.0,1.03,98.27,33.9,1111.79,233.87,9278.0,7.6,37.0,57.78,11544.0,2281.11,1927.09,2001
2001-01-11,S&P 500,2101.52,2130.92,2150.33,2079.01,955372695.0,0.9,0.15,6.97,2.54,79.0,28370.0,599.0,1.09,142.57,56.635000000000005,868.14,152.25,8938.0,2.92,9.0,51.3,10108.0,417.57,351.82,2001
2001-01-12,S&P 500,2225.25,2232.9,2241.44,2188.03,938275278.0,9.47,8.98,7.39,9.2,51.0,1623.0,4214.0,1.24,128.24,79.37,1974.75,145.74,7136.0,6.25,42.0,87.24,6146.0,2176.86,1811.32,2001
2001-01-13,S&P 500,4155.94,4140.15,2543.45,4116.8,632029598.0,3.58,5.27,6.52,2.3,77.0,24077.0,3873.0,1.16,132.07,92.41,1466.23,145.74,8735.0,5.94,9.0,73.28,13585.0,2055.38,1715.68,2001
2001-01-14,Unknown,2785.68,2816.68,2845.46,2774.29,595104848.0,9.07,8.5,5.06,0.96,96.0,21505.0,3747.0,0.81,108.25,44.08,1441.51,283.67,8735.0,8.12,20.0,15.01,13054.0,820.1,672.82,2001
2001-01-15,NASDAQ,4193.52,4167.35,4214.69,4157.38,315112139.0,-4.89,0.6,7.96,3.61,81.0,18372.0,2966.0,1.09,111.655,63.33,1908.19,103.8,8578.0,0.95,37.0,42.1,11682.0,1038.04,882.37,2001
2001-01-16,Dow Jones,4289.69,4262.13,4315.44,4240.86,72716605.0,3.59,2.27,10.92,7.41,81.0,17148.0,786.0,1.23,115.06,111.47,2245.79,470.14,6939.0,7.01,37.0,32.19,1238.0,742.7,632.47,2001
2001-01-18,NASDAQ,4666.54,4642.62,4699.69,4612.37,267039958.0,6.18,3.87,12.13,6.55,103.0,18913.0,4021.0,1.41,83.35,94.16,1939.19,470.14,9800.0,1.3,6.0,71.93,241.0,556.66,463.87,2001
2001-01-19,Dow Jones,2723.94,2674.85,2766.57,2640.42,272709529.0,8.57,8.03,6.87,9.54,105.0,7374.0,4021.0,1.08,127.85,110.16,1643.54,429.42,434.0,7.32,11.0,47.25,14202.0,1173.76,970.81,2001
2001-01-20,NASDAQ,3026.365,2290.3,2303.2,2261.35,453415309.0,-4.93,3.87,6.87,1.38,80.0,26319.0,1866.0,0.81,88.48,119.52,1597.6,427.43,986.0,3.32,24.0,82.38,4723.0,1795.39,1511.91,2001
2001-01-21,Dow Jones,3328.79,3329.9,3354.48,2812.385,613965515.0,-5.0,2.05,2.08,1.08,80.0,4266.0,1866.0,1.0,84.01,128.88,1583.22,130.32,4367.0,7.3,32.0,41.07,5367.0,1370.25,1149.77,2001
2001-01-23,S&P 500,3404.3,3451.0,3467.66,3363.42,894416003.0,-4.56,0.79,12.32,9.68,79.0,7556.0,4260.0,1.025,131.66,137.07,1751.16,378.5,2666.0,9.86,27.0,3.3,13798.0,282.64,251.58,2001
2001-01-24,S&P 500,3822.34,3829.46,3859.21,3772.85,71694394.0,9.62,7.6,10.19,5.28,104.0,26556.0,2646.0,1.05,133.82,145.26,1336.29,134.25,1430.0,8.03,24.0,13.55,5993.0,2115.27,1760.85,2001
2001-01-25,NASDAQ,3753.62,3789.96,3794.47,3733.28,493537197.0,-1.67,4.45,8.16,0.99,113.0,26556.0,175.0,1.27,141.14,30.54,1850.99,188.96,1873.0,2.89,24.0,50.34,9344.0,2084.86,1727.97,2001
2001-01-26,Dow Jones,2498.21,2462.16,2528.51,2461.61,663250162.0,2.09,7.26,10.38,2.6,82.0,4063.0,3875.0,1.03,93.94,64.16499999999999,1708.37,258.33,8191.0,7.41,30.0,11.53,6503.0,1083.97,883.27,2001
2001-01-28,S&P 500,2722.12,2758.92,2806.88,2689.49,867962828.0,2.83,1.35,9.36,3.71,82.0,11598.0,3296.0,1.01,133.42,97.79,1539.38,440.25,4606.0,6.53,22.0,72.39,6503.0,1083.97,1472.79,2001
2001-01-29,S&P 500,1570.38,1578.69,1614.47,1539.78,487813508.0,0.7,1.43,12.4,0.91,117.0,29807.0,2174.0,0.9,91.0,84.23400000000001,1929.48,412.84,4606.0,0.6,24.0,66.25,2155.0,702.27,604.36,2001
2001-01-30,NASDAQ,4560.39,4582.19,4621.6,4521.0,167664189.0,-4.33,7.55,14.75,9.1,113.0,8349.0,1399.0,0.92,102.965,70.678,1807.76,496.11,4606.0,3.33,24.0,81.84,3475.0,1563.61,1304.41,2001
2001-01-31,NASDAQ,2383.51,2370.71,2418.7200000000003,2358.02,222426486.0,0.03,7.21,11.17,9.1,79.0,14271.0,2827.0,1.45,114.93,57.122,1963.47,197.06,8073.0,9.78,7.0,51.21,14690.0,2175.93,1304.41,2001
2001-02-01,Dow Jones,1617.84,1734.145,1647.33,1538.9,890591633.0,0.87,3.78,9.45,6.87,78.0,6535.0,4278.0,1.12,84.66,43.566,1600.395,287.13,4695.0,1.21,14.0,89.71,14519.0,350.22,300.52,2001
2001-02-02,Dow Jones,1101.79,1097.58,1124.29,1063.18,897545642.0,2.76,0.77,2.49,1.14,111.0,15604.0,3634.0,1.08,89.24,30.01,1237.32,278.69,667.0,5.97,37.0,56.99,13407.0,1630.56,1362.64,2001
2001-02-03,Dow Jones,3583.29,3572.74,3626.21,3556.6,487813508.0,-1.88,0.12,6.87,1.01,79.0,28514.0,2153.0,0.85,110.37,55.7,1751.45,371.57,9989.0,0.71,27.0,50.84,7283.0,1717.05,1450.7,2001
2001-02-04,NASDAQ,3547.61,3584.32,3632.16,3520.34,117653925.0,3.17,2.88,9.35,6.07,61.0,8459.0,1799.0,1.31,117.14,81.39,2243.4,440.06,4864.0,0.71,26.0,50.99,3474.0,1544.28,1319.58,2001
2001-02-05,Unknown,2362.42,2336.82,2387.37,2329.46,564728104.0,9.81,0.09,12.36,8.93,116.0,8459.0,4563.0,1.185,146.32,50.2,2024.01,296.67,6736.0,2.79,20.0,91.22,12162.0,1924.12,1620.77,2001
2001-02-06,Dow Jones,1286.85,1333.52,2348.8433333333332,1264.22,530867691.0,6.88,2.3,7.7,5.52,64.0,18069.0,2618.0,1.06,95.1,116.32,1631.19,296.61,5907.0,3.1,43.0,24.45,6339.0,456.2,402.47,2001
2001-02-07,Dow Jones,1998.94,2684.33,2310.3166666666666,2594.46,487813508.0,9.9,4.2,14.48,8.84,59.0,18069.0,1837.0,1.28,113.19,109.52,1861.04,343.33,9392.0,3.38,26.0,69.53,12509.0,450.71,402.47,2001
2001-02-08,NASDAQ,2711.0299999999997,2219.63,2271.79,2198.57,597120493.0,9.52,1.21,5.53,8.2,110.0,19959.0,2030.0,1.06,95.81,35.31,2090.89,396.99,145.0,2.05,46.0,24.34,4421.0,1287.63,1082.18,2001
2001-02-10,S&P 500,3423.12,3462.68,3473.14,3393.61,487813508.0,5.45,8.96,7.45,2.42,110.0,28234.0,3839.0,1.32,143.65,67.95,1162.13,396.99,9830.0,9.06,41.0,95.38,8879.0,1772.53,1082.18,2001
2001-02-12,Dow Jones,1871.57,1865.91,1883.65,1836.85,346500909.0,1.62,9.34,12.43,4.71,98.0,11651.0,3839.0,1.25,129.675,130.28,1093.16,109.24,7226.0,9.06,13.0,68.65,7386.0,1829.26,1557.1,2001
2001-02-13,NASDAQ,2343.79,4934.24,4977.63,4908.94,487813508.0,7.14,3.46,5.85,3.26,63.0,4347.0,2962.0,0.99,132.51,27.11,2331.33,243.52,860.0,2.33,20.0,42.51,7438.0,775.55,652.94,2001
2001-02-14,S&P 500,2816.01,2818.62,2837.62,2796.08,673196306.0,2.58,6.77,3.26,5.195,55.0,9294.0,2962.0,0.99,90.33,80.76,1891.48,380.57,6320.0,6.12,13.0,83.73,133.0,775.55,296.87,2001
2001-02-15,NASDAQ,3753.1,3771.88,3794.3,3747.12,553470931.0,2.58,2.05,8.76,5.195,91.0,24858.0,1203.0,1.45,143.39,81.79,1107.72,491.23,6228.0,9.7,48.0,77.34,133.0,354.78,290.88,2001
2001-02-17,NASDAQ,2942.36,3506.8366666666666,2983.52,2938.72,219593975.0,-1.2,1.3,12.36,1.48,91.0,29343.0,892.0,1.34,128.04,45.69,1980.85,375.39,5450.0,3.27,5.0,46.83,9366.0,858.77,719.79,2001
2001-02-18,NASDAQ,1110.15,3241.7933333333335,1132.76,1060.38,866426896.0,8.14,0.02,14.59,3.16,59.0,21239.0,166.0,1.25,137.33,133.26,1830.37,274.62,760.0,8.17,11.0,2.85,1644.0,277.46,224.73,2001
2001-02-19,S&P 500,3021.82,2976.75,3028.5,2955.95,487813508.0,1.9,9.32,2.72,5.61,95.0,24546.0,4410.0,1.21,124.45,145.49,1839.24,338.32,6350.0,1.35,27.0,43.01,10472.0,973.98,830.18,2001
2001-02-20,NASDAQ,4856.07,4844.7,4858.469999999999,4829.43,380207802.0,-1.85,5.55,9.69,7.13,98.0,8716.0,4611.0,0.93,124.88,91.36,1619.85,487.46,797.0,8.82,48.0,70.05,7633.0,1735.36,1468.22,2001
2001-02-21,NASDAQ,2536.83,2522.18,2575.6,2475.9,823515184.0,-1.85,9.27,10.86,6.49,58.0,8889.0,4611.0,0.82,131.07,53.3,1844.55,206.2,8066.0,9.75,28.0,23.29,11555.0,1115.11,928.77,2001
2001-02-22,Dow Jones,1155.98,1137.54,1184.51,1118.75,992930422.0,1.27,3.34,14.82,9.45,88.0,19510.0,3895.0,1.155,83.66,133.99,2284.48,291.31,9322.0,9.68,36.0,81.02,627.0,1188.18,999.4,2001
2001-02-23,NASDAQ,1853.965,1122.9199999999998,1161.86,1085.0299999999995,79103714.0,1.27,3.28,14.25,8.06,51.0,9114.0,3895.0,1.49,106.75,148.46,2418.4,377.16,924.0,1.48,37.0,50.34,627.0,1463.62,1228.53,2001
2001-02-24,Dow Jones,2551.95,2534.02,2559.44,2507.51,624213517.0,3.22,3.28,11.26,5.79,117.0,18025.0,639.0,0.94,102.405,105.92,1385.66,104.12,1078.0,5.5,2.0,3.55,6427.0,675.27,600.0,2001
2001-02-25,S&P 500,1640.1,1609.33,1668.69,2604.5733333333333,94697722.0,0.73,7.06,8.78,2.54,101.0,23819.0,216.0,1.18,98.06,63.38,1629.38,104.12,5561.0,5.85,32.0,2.84,7460.0,116.85,88.3,2001
2001-02-26,S&P 500,1093.41,1074.36,1106.09,2701.6366666666668,535238246.0,7.15,5.66,4.1,4.78,60.0,10745.0,2298.0,1.27,117.96,50.68,1264.15,327.16,9595.0,1.95,49.0,28.07,3255.0,184.77,141.52,2001
2001-02-28,S&P 500,2834.09,2825.2,2834.67,2798.7,425064082.0,0.86,0.25,9.61,8.46,60.0,12859.0,2298.0,1.2666666666666666,102.63,50.54,2153.01,327.16,6320.0,6.47,11.0,10.83,12294.0,1102.22,935.37,2001
2001-03-01,Dow Jones,2156.98,2151.45,2163.5,2109.88,487813508.0,-3.36,7.08,11.43,9.62,101.0,5027.0,3151.0,1.26,130.2,49.56,1522.48,322.53,6320.0,3.29,11.0,99.67,5613.0,859.33,1560.06,2001
2001-03-02,NASDAQ,4600.33,4607.98,4623.44,4582.08,816133217.0,8.43,3.3,11.43,6.25,54.0,23990.0,2581.0,1.37,125.02,145.76,1465.79,477.83,2431.0,3.16,10.0,99.96,5180.0,1661.81,1399.59,2001
2001-03-03,S&P 500,1464.56,1512.89,1518.73,1459.55,38687289.0,8.43,3.3,11.28,5.51,51.0,13167.0,2467.0,1.03,109.0,103.62,2245.19,139.71,7088.0,3.16,27.0,52.03,12050.0,1243.04,1039.39,2001
2001-03-04,NASDAQ,4823.68,4797.84,4872.97,4764.15,809171632.0,7.95,5.1,7.58,0.67,54.0,26869.0,2467.0,1.43,145.67,41.71,802.16,139.71,3929.0,9.57,34.0,56.84,1626.0,1399.89,1190.75,2001
2001-03-05,Dow Jones,2255.87,2274.0,2289.43,2255.48,8408040.0,0.4,5.05,11.46,1.18,81.0,26869.0,341.0,1.14,134.25,83.45,2248.72,260.22,6851.0,8.04,33.0,92.69,703.0,212.34,1190.75,2001
2001-03-06,Dow Jones,4553.61,4575.21,4581.7300000000005,4529.85,880553429.0,4.59,1.37,3.87,1.98,68.0,5403.0,564.0,1.26,98.75,77.09333333333333,1108.39,400.39,6851.0,7.59,21.0,77.0,9094.0,1666.98,1376.07,2001
2001-03-07,Dow Jones,3411.77,3422.5,3432.45,3402.13,420473637.0,8.83,2.02,4.11,1.98,53.0,5403.0,2350.0,0.87,112.58,70.73666666666666,1266.67,447.09,9414.0,0.22,38.0,16.88,1185.0,1059.27,894.43,2001
2001-03-08,S&P 500,4173.91,4265.69,4336.22,4234.32,306000439.0,-2.72,4.08,4.12,4.31,95.0,23642.0,4744.0,1.14,141.46,64.38,1414.74,121.49,9414.0,6.24,22.0,79.27,2180.0,165.34,147.32,2001
2001-03-09,NASDAQ,4936.05,4953.74,4956.94,4887.08,437182298.0,3.5,4.09,13.58,3.7,75.0,13914.0,1978.0,0.81,81.57,45.43,2297.11,474.19,2215.0,1.81,11.0,23.17,2180.0,928.86,147.32,2001
2001-03-10,NASDAQ,2153.62,2110.03,2196.74,2086.81,325963220.0,6.47,3.18,2.99,6.55,99.0,2763.0,4981.0,1.07,120.7,51.56,2344.76,127.26,2225.0,6.62,18.0,43.08,242.0,480.66,387.49,2001
2001-03-11,NASDAQ,2288.39,4854.15,4902.22,4803.67,881025512.0,6.36,1.49,12.42,5.59,75.0,25096.0,4736.0,0.84,96.24,58.720000000000006,1924.0,401.36,2225.0,6.21,24.0,53.3,11704.0,480.66,1393.98,2001
2001-03-12,Unknown,2557.93,2581.89,2594.23,2532.54,405309278.0,2.88,0.04,5.04,6.16,81.0,28774.0,2634.0,1.43,84.47,73.04,1547.05,127.63,8366.0,8.52,12.0,71.73,9677.0,395.31,315.21,2001
2001-03-12,Dow Jones,2557.93,2581.89,2594.23,2510.45,405309278.0,2.88,0.04,5.04,6.16,81.0,28774.0,2634.0,1.43,84.47,73.04,1547.05,127.63,8366.0,8.52,12.0,71.73,9677.0,973.28,828.14,2001
2001-03-13,S&P 500,2542.05,2513.15,2564.55,2488.36,881107674.0,4.37,9.7,8.09,4.98,93.0,23237.0,2005.0,1.27,143.9,86.71,1677.42,444.67,6070.0,2.55,24.0,15.1,12510.0,472.39,382.98,2001
2001-03-14,Dow Jones,2361.55,2395.71,2396.82,2315.03,280480484.0,6.36,9.43,13.91,3.14,75.0,8982.0,3909.0,1.35,137.14,126.77,1786.68,181.99,8805.0,0.27,35.0,7.71,9813.0,1340.57,1720.14,2001
2001-03-15,Dow Jones,3165.63,3118.67,3197.67,3074.17,622542337.0,7.62,4.84,9.62,9.55,110.0,15550.0,671.0,1.13,92.97,105.2,2421.78,273.63,6118.0,9.14,24.0,86.63,5334.0,1291.24,1109.91,2001
2001-03-16,Unknown,1616.58,1650.96,1671.66,1577.29,487813508.0,6.43,9.95,4.73,1.32,100.0,18878.0,2808.0,1.4,138.59,80.11,2447.58,473.05,7936.0,9.09,43.0,50.34,2008.0,1104.28,920.68,2001
2001-03-17,Dow Jones,3214.85,3210.88,3228.35,3196.07,768108334.0,0.31,6.74,5.69,9.42,100.0,17718.0,3741.0,1.41,90.25,144.03,2240.47,416.83,7936.0,4.56,29.0,52.37,5576.0,1710.81,1430.87,2001
2001-03-18,NASDAQ,3166.82,3138.5800000000004,3177.16,3111.33,53599432.0,9.95,0.69,13.97,3.46,87.0,21167.0,3604.0,1.05,113.33,47.89,1792.34,414.31,7936.0,0.78,3.0,66.27,5576.0,319.7,1430.87,2001
2001-03-19,Unknown,4047.61,4010.99,4080.31,3999.8,971204498.0,1.52,1.18,7.55,5.37,75.0,5770.0,3719.0,1.06,130.8,57.57,1464.25,405.33,7936.0,4.98,12.0,71.96,5576.0,1941.11,1657.94,2001
2001-03-20,NASDAQ,4334.6,4379.93,4400.74,4312.4,487813508.0,-4.63,9.16,9.63,1.53,94.0,14772.0,756.0,1.16,117.37,50.68333333333333,1191.48,327.77,7070.0,5.24,24.0,47.71,6835.0,407.11,340.86,2001
2001-03-21,S&P 500,2761.77,2719.04,2770.75,2694.83,813098047.0,0.44,6.3,7.98,1.17,80.0,15026.0,3251.0,1.33,139.55,43.79666666666667,1708.57,480.57,3190.0,8.22,24.0,25.8,14327.0,938.63,785.79,2001
2001-03-22,NASDAQ,2209.33,2179.24,2243.79,2137.66,641856995.0,-3.08,8.43,6.92,4.58,119.0,15026.0,1048.0,1.5,123.18,36.91,1387.57,432.65,2131.0,7.17,5.0,48.19,853.0,1778.76,1493.03,2001
2001-03-23,Dow Jones,2037.34,2022.12,2065.59,1977.32,95009609.0,-3.18,8.98,4.9,4.58,94.0,21193.0,4210.0,1.05,110.24,140.89,923.67,276.12,3506.0,0.71,43.0,95.08,14800.0,1687.43,1413.16,2001
2001-03-24,Dow Jones,1778.5,1628.5949999999998,1833.45,1757.77,377398010.0,-0.78,4.48,10.92,3.06,80.0,10606.0,4210.0,1.13,144.76,21.32,1609.58,397.02,4090.0,7.05,11.0,83.8,7874.0,1122.78,959.61,2001
2001-03-25,S&P 500,1230.59,1235.07,1240.94,1229.7,42991207.0,-4.2,0.49,10.92,3.06,110.0,11293.0,406.0,1.33,82.54,126.91,1770.85,499.24,8822.0,7.05,15.0,46.61,4459.0,440.92,393.03,2001
2001-03-26,S&P 500,2369.79,2332.35,2409.07,2289.26,572721525.0,5.33,1.88,5.57,3.06,97.0,11293.0,804.0,1.01,114.19,56.24,1839.24,448.4,8132.0,0.89,44.0,50.34,10333.0,440.92,1586.54,2001
2001-03-28,NASDAQ,4865.67,4839.55,4871.42,4808.46,929319142.0,-1.95,1.89,13.11,9.11,109.0,16053.0,777.0,0.89,138.52,78.33,1621.29,395.15,1729.0,0.77,24.0,63.86,10799.0,1747.68,1492.38,2001
2001-03-29,NASDAQ,3627.3900000000003,3609.885,3265.58,3200.94,242418630.0,-3.61,4.11,13.97,8.63,110.0,12013.0,3012.0,1.17,117.88,136.62,1915.05,459.15,3807.0,8.29,32.0,40.53,1360.0,187.86,167.06,2001
2001-03-30,S&P 500,2389.11,2380.22,2411.19,2360.24,898250563.0,-4.05,1.18,4.1,8.63,101.0,21572.0,4093.0,0.8,141.99,122.17,2433.81,231.1,6376.0,4.63,24.0,50.34,1360.0,664.8,587.69,2001
2001-03-31,Dow Jones,8304.675,3342.27,3389.52,3272.57,595559630.0,-0.98,1.67,5.95,2.76,101.0,21572.0,310.0,1.3,109.84,145.72,842.58,491.0,8358.0,5.87,38.0,75.2,1694.0,1515.79,1298.99,2001
2001-04-01,NASDAQ,1556.79,1528.54,1563.87,1523.51,487813508.0,3.58,4.46,13.18,2.76,111.0,15205.0,4594.0,1.12,102.2,90.33,1949.68,260.52,8959.0,5.77,11.0,31.77,4020.0,1388.8,1190.04,2001
2001-04-02,NASDAQ,2776.17,2762.84,2808.31,2741.66,436032239.0,9.47,4.46,4.58,9.56,75.0,16903.0,1496.0,1.17,148.17,86.37,905.97,268.47,249.0,9.78,25.0,50.34,3346.0,758.92,664.4,2001
2001-04-03,NASDAQ,3504.94,3494.03,3524.04,3478.67,569093445.0,8.13,4.68,2.05,2.43,116.0,17916.0,3560.0,0.98,126.7,21.69,1070.03,164.35,1232.0,9.16,24.0,57.0,1695.0,328.31,260.6,2001
2001-04-04,S&P 500,2955.59,3003.24,3051.08,2910.34,788555067.0,8.14,4.29,13.32,8.18,98.0,9516.0,4453.0,0.92,134.085,53.19,1214.5549999999998,138.64,7762.0,8.49,12.0,69.99,3340.0,1899.22,1596.79,2001
2001-04-05,S&P 500,2607.12,2652.59,2669.09,2563.65,38254050.0,-2.36,6.44,6.24,4.01,93.0,14447.0,2262.0,1.29,141.47,84.69,1359.08,314.64,4810.0,3.83,9.0,53.81,7319.0,417.28,380.22,2001
2001-04-06,S&P 500,4975.39,5005.4,5053.51,4963.51,411571975.0,-1.03,9.37,7.39,9.86,85.0,20158.0,4529.0,0.95,127.82,101.25999999999999,2213.21,341.11,5300.0,1.45,33.0,63.08,3399.0,1155.58,1000.38,2001
2001-04-07,S&P 500,4521.26,4495.43,4566.33,4491.37,420099334.0,-3.85,1.08,7.8,4.0,102.0,12353.0,4544.0,1.35,124.66,126.94,2255.6,341.11,639.0,5.92,30.0,8.25,7515.0,542.46,472.96,2001
2001-04-08,S&P 500,3493.62,3450.42,3507.14,3419.06,819851011.0,6.68,0.99,13.03,3.84,93.0,28869.0,2380.0,0.94,131.0,119.78,1437.42,342.64,1921.0,4.4,24.0,66.56,2479.0,234.46,224.53,2001
2001-04-09,Dow Jones,3277.51,3259.2,3317.69,3242.38,487813508.0,-3.95,8.53,6.39,6.56,71.0,14853.0,4644.0,1.23,131.68,112.62,1533.21,257.87,8766.0,2.26,2.0,19.5,3035.0,151.57,111.94,2001
2001-04-11,S&P 500,1805.25,1805.84,1818.47,1803.64,14900306.0,-1.28,7.66,10.02,9.77,56.0,29157.0,4180.0,1.15,137.66500000000002,68.72,1535.27,481.53,2640.0,4.36,24.0,51.3,13447.0,2166.55,1819.79,2001
2001-04-12,Unknown,2580.55,2608.32,2630.16,1463.58,754288253.0,-1.35,2.15,8.85,5.195,65.0,11058.0,927.0,1.5,143.65,72.785,1267.22,337.42,2718.0,6.51,4.0,68.72,7600.0,106.02,78.84,2001
2001-04-13,S&P 500,1157.84,1193.67,1219.68,1123.52,754145158.0,9.86,8.29,6.23,7.67,93.0,16571.0,2755.0,1.06,114.81,76.85,1097.3,436.91,7472.0,6.25,36.0,74.27,198.0,1592.99,1355.36,2001
2001-04-14,Dow Jones,2902.18,2936.67,2951.42,2891.56,57747913.0,6.35,9.24,5.17,5.85,114.0,7504.0,2245.0,1.42,115.235,148.13,1069.4,436.91,2949.0,7.74,6.0,50.34,12528.0,1061.17,907.84,2001
2001-04-15,Dow Jones,3172.1,3158.07,3172.86,3115.19,754403819.0,7.55,6.35,10.11,7.68,114.0,17851.0,3801.0,0.92,116.51,20.87,2118.6,385.51,7993.0,4.67,39.0,9.6,12881.0,697.82,587.37,2001
2001-04-16,NASDAQ,1911.0,1929.72,1940.73,1908.07,487813508.0,3.58,1.06,7.81,8.67,110.0,16141.0,3801.0,1.04,123.57,73.86,998.81,176.8,5444.0,3.22,47.0,38.75,10027.0,739.62,638.6,2001
2001-04-17,Dow Jones,4856.12,4837.4,4870.22,3226.0249999999996,604662562.0,3.58,1.06,13.84,5.12,79.0,4047.0,599.0,0.9,130.63,54.28,1847.26,161.98,6673.0,5.39,41.0,28.14,7258.0,1011.36,638.6,2001
2001-04-18,S&P 500,4637.82,4593.91,4393.755,4543.98,454667454.0,4.68,7.92,8.39,6.39,91.0,29423.0,2778.0,1.22,88.89,130.47,1604.525,467.79,5698.0,9.75,12.0,39.9,5486.0,1011.36,1227.71,2001
2001-04-19,NASDAQ,3888.57,3839.2200000000003,3917.29,3866.92,772232825.0,9.19,7.51,8.65,5.6,74.0,29511.0,1161.0,1.17,87.82,110.58500000000001,1361.79,206.02,3588.0,0.45,33.0,64.72,6251.0,419.62,382.84,2001
2001-04-20,S&P 500,3133.55,3084.53,3177.21,3049.38,988769752.0,-0.78,0.37,7.42,5.84,106.0,19682.0,3596.0,1.12,146.24,90.7,1119.055,198.53,5592.0,5.29,35.0,19.37,1697.0,696.29,595.88,2001
2001-04-21,S&P 500,2328.08,2295.04,4515.13,4461.67,146068508.0,3.93,7.99,12.26,8.96,81.0,3515.0,4322.0,1.3,134.08,116.24,876.32,166.45,3582.0,3.29,24.0,50.26,12270.0,1887.41,1587.27,2001
2001-04-22,NASDAQ,1522.61,1505.55,1526.87,1475.06,332357559.0,5.35,1.38,7.52,3.88,99.0,3515.0,1226.0,1.41,109.0,70.88499999999999,1568.52,310.98,5894.0,1.05,2.0,88.5,5620.0,1062.26,898.68,2001
2001-04-24,Dow Jones,1499.28,1525.9,1558.58,1483.56,289309490.0,8.2,5.77,13.21,4.83,71.0,27754.0,2624.0,0.97,139.04,25.53,2182.33,370.46,658.0,6.41,42.0,72.56,5620.0,1239.1,1036.8,2001
2001-04-25,S&P 500,4176.84,4157.25,4224.65,4115.81,214424494.0,9.7,2.65,9.76,2.48,90.0,2523.0,3400.0,1.02,147.8,22.98,1769.45,204.42,9877.0,5.28,34.0,84.89,5620.0,1509.52,1284.11,2001
2001-04-26,NASDAQ,2103.07,2134.23,2134.38,2072.9,713930215.0,2.41,6.61,9.69,5.23,96.0,9092.0,2870.0,1.07,115.58,63.3,1122.05,137.91,5869.0,0.29,36.0,39.98,5620.0,189.24,147.87,2001
2001-04-27,NASDAQ,4508.36,4487.75,4520.76,4468.29,168464779.0,0.86,6.08,9.94,9.08,63.0,27494.0,4280.0,0.94,120.61,103.62,999.76,224.08,2431.0,5.79,5.0,75.97,3281.0,2301.59,1951.0,2001
2001-04-28,NASDAQ,4776.17,4770.8,4822.56,4742.92,206514227.0,2.08,1.08,11.34,6.37,52.0,27494.0,1482.0,1.05,97.01,127.28,2225.54,301.37,6924.0,2.32,20.0,5.96,13583.0,1913.83,1628.15,2001
2001-04-29,S&P 500,1595.18,1617.88,1664.49,1566.34,214009221.0,7.79,6.56,11.34,8.63,102.0,26999.0,4981.0,0.97,121.25,82.46,2139.1,344.98,5188.0,2.32,44.0,5.74,9885.0,1077.48,888.25,2001
2001-05-01,NASDAQ,4923.95,4972.69,5010.98,4903.81,119279049.0,-4.33,1.61,12.54,9.06,110.0,11012.0,4981.0,1.35,139.19,58.29,1516.4,173.26,1686.0,8.59,2.0,19.77,2561.0,2087.97,1765.19,2001
2001-05-02,S&P 500,4689.07,2906.15,2938.2,2888.98,652404609.0,3.13,5.97,3.68,6.22,77.0,3824.0,2735.0,1.4,106.4,25.65,2072.74,436.63,4936.0,0.48,24.0,51.9,5104.0,1264.29,1037.55,2001
2001-05-03,Dow Jones,4454.19,4470.42,4496.109999999999,4434.14,352611255.0,-4.74,3.42,11.38,0.8,84.0,24047.0,1129.0,1.45,125.41,60.62499999999999,1711.26,443.17,4936.0,3.48,29.0,18.4,3179.0,598.97,514.83,2001
2001-05-04,S&P 500,3354.93,3365.9,3377.48,3316.87,353053228.0,6.68,4.6,3.07,6.51,51.0,18761.0,1718.0,1.27,94.24,95.6,1487.09,211.98,6688.0,3.95,24.0,97.56,3179.0,598.97,1713.74,2001
2001-05-05,NASDAQ,2501.32,2542.83,2551.89,2477.19,411322328.0,-0.08,2.87,6.88,9.54,110.0,11379.0,4347.0,0.92,86.35,82.5,1227.93,324.05,516.0,6.19,34.0,85.13,10702.0,1548.45,1299.36,2001
2001-05-06,NASDAQ,2143.13,2108.77,2183.65,2061.75,487813508.0,2.08,3.54,6.88,1.25,105.0,26473.0,3728.0,1.33,82.82,130.8,1008.36,275.93,6705.0,7.89,31.0,50.34,10715.0,1614.75,1352.98,2001
2001-05-07,S&P 500,1812.89,1838.07,1844.82,1798.21,487813508.0,6.98,0.29,8.79,6.03,104.0,4175.0,1335.0,0.81,109.1,77.83,1811.15,156.79,903.0,7.28,18.0,80.8,3747.0,1265.93,1050.66,2001
2001-05-08,Unknown,2179.525,4054.02,2218.955,4026.4,337394582.0,6.98,9.82,10.49,9.2,67.0,23845.0,2730.0,0.88,91.45,143.23,2204.28,476.23,3050.0,7.53,14.0,95.12,6039.0,1688.79,1416.87,2001
2001-05-09,NASDAQ,2546.16,2523.63,2593.09,2484.28,650928943.0,-2.62,6.25,4.23,0.59,98.0,10611.0,4083.0,0.82,149.54,145.615,2068.51,103.91,1669.0,1.92,9.0,36.87,4073.0,1140.21,950.07,2001
2001-05-10,NASDAQ,2757.73,3042.54,3054.39,3015.24,960586442.0,0.97,5.01,6.83,6.49,98.0,16889.0,1505.0,0.89,135.89,148.0,1983.74,175.03,8589.0,9.12,25.0,49.84,5546.0,1140.21,728.49,2001
2001-05-11,NASDAQ,2969.3,2952.68,3018.2000000000003,2925.33,176287417.0,-1.55,3.84,14.09,5.01,56.0,6033.0,4337.0,1.33,128.54,126.06,2379.05,238.23,8589.0,4.14,5.0,24.06,2073.0,2171.36,1853.73,2001
2001-05-12,S&P 500,3309.12,3317.05,3366.76,3306.45,341533667.0,0.07,5.39,7.75,3.8,53.0,25661.0,1647.0,1.42,136.23,66.14,1470.68,442.58,9073.0,0.11,47.0,63.62,4473.0,1020.19,865.64,2001
2001-05-13,NASDAQ,4462.31,4501.21,4528.99,4442.38,940800112.0,9.97,3.8,12.43,6.46,92.0,10213.0,1984.0,1.0,98.39,71.63,1033.27,415.46,9073.0,6.68,46.0,78.84,3362.0,2083.47,1775.2,2001
2001-05-14,Dow Jones,4922.96,4929.89,4938.4,4909.42,987497327.0,7.38,3.6,14.05,1.0,108.0,5675.0,2284.0,0.88,99.02333333333334,77.12,973.31,331.95,4607.0,6.04,24.0,50.34,8795.0,2112.83,1786.27,2001
2001-05-15,NASDAQ,2630.34,2643.51,2659.32,2580.37,968608434.0,8.26,4.64,14.67,7.65,98.0,4378.0,318.0,0.99,99.65666666666667,82.61,2423.52,378.01,4607.0,1.26,1.0,29.71,10049.0,358.89,295.27,2001
2001-05-16,NASDAQ,4310.08,4311.95,4333.17,4294.66,900488086.0,8.26,2.76,13.68,0.54,109.0,20353.0,4450.0,1.25,100.29,26.64,1801.24,236.36,8714.0,9.6,48.0,50.82,12466.0,1274.45,1074.81,2001
2001-05-17,Dow Jones,4058.11,4013.23,4073.58,3764.13,715142970.0,0.11,1.8,6.13,3.42,55.0,9513.0,911.0,1.05,148.93,137.48,2178.35,476.22,9409.0,5.62,47.0,6.38,10267.0,1301.53,1107.1,2001
2001-05-18,NASDAQ,3294.12,3267.41,3308.15,3233.6,487813508.0,-0.54,5.57,14.51,5.29,69.0,21217.0,369.0,1.47,102.43,87.21,1710.45,110.71,4738.0,4.69,31.0,72.14,799.0,439.72,363.66,2001
2001-05-19,S&P 500,4824.19,4823.389999999999,4872.8,4806.339999999999,365875782.0,-1.49,8.43,12.56,4.08,80.0,23517.0,4799.0,0.89,80.82,90.87,1477.44,140.37,4071.0,4.69,24.0,45.22,8951.0,1473.64,363.66,2001
2001-05-20,S&P 500,1801.9,1782.92,1809.57,1755.74,262053146.0,7.45,1.53,12.88,3.42,71.0,3593.0,3305.0,1.49,105.7,71.58333333333334,1140.46,470.22,4071.0,2.1,18.0,89.83,4290.0,1703.01,1437.51,2001
2001-05-21,S&P 500,1437.06,1405.24,1473.73,1363.21,467533964.0,7.45,0.33,2.2,8.39,81.0,15276.0,1286.0,0.81,149.83,52.29666666666667,2255.89,478.02,7623.0,9.53,35.0,92.33,1750.0,114.52,1437.51,2001
2001-05-22,Unknown,4415.85,4416.26,4416.28,4371.68,637856498.0,-1.46,2.47,14.41,9.38,96.0,11804.0,1833.0,1.12,124.46,121.06,907.98,296.23,8827.0,7.02,19.0,12.64,14888.0,515.61,439.06,2001
2001-05-23,NASDAQ,2756.6,2738.88,2786.41,2730.86,881608400.0,0.65,9.8,12.12,8.8,83.0,11804.0,4896.0,0.98,128.68,76.54,2330.4,330.58,2365.0,7.02,29.0,99.61,7952.0,515.61,954.19,2001
2001-05-24,Unknown,4387.88,4363.69,4433.68,4346.71,234832863.0,2.6,8.29,11.98,5.195,76.0,27381.0,3067.0,1.2,96.68,149.75,1573.3000000000002,461.02,9669.0,6.31,36.0,96.99,6877.0,479.54,954.19,2001
2001-05-25,Dow Jones,4572.36,4568.76,4586.759999999999,4552.0,121138393.0,2.92,5.96,3.06,8.9,93.0,8118.0,172.0,0.87,90.21,126.3925,816.2,441.37,3748.0,8.4,24.0,62.75,7581.0,1528.46,1271.22,2001
2001-05-26,NASDAQ,1249.83,1213.16,1259.11,1211.06,1636024.0,8.33,9.29,5.02,9.25,79.0,8477.0,4738.0,1.41,141.99,79.6775,976.63,444.78,7994.0,6.36,19.0,82.56,7471.0,1940.64,1650.01,2001
2001-05-27,Dow Jones,4533.86,4576.63,4609.21,4503.95,584603323.0,0.71,4.45,5.02,4.39,82.0,3050.0,4161.0,0.9,108.94,56.32,2301.96,248.71,9415.0,1.15,33.0,1.94,776.0,392.17,312.1,2001
2001-05-29,S&P 500,3041.73,3062.49,3096.89,3022.65,88779724.0,1.62,2.96,7.17,1.43,105.0,1725.0,2942.0,0.82,100.6,68.96,1403.91,127.72,7573.0,5.65,16.0,45.69,10250.0,1310.2,1120.95,2001
2001-05-30,S&P 500,3506.37,3466.99,3522.34,3429.99,739023804.0,6.2,2.4,12.92,5.05,72.0,16511.0,977.0,1.02,93.7,54.42,1223.49,294.79,6672.0,9.66,41.0,90.98,13158.0,1243.27,1039.42,2001
2001-05-31,Dow Jones,4705.53,4733.12,4745.73,4674.14,307124555.0,8.95,6.38,3.14,5.05,92.0,27632.0,856.0,0.9,106.77666666666667,99.74,862.65,194.96,414.0,7.34,22.0,38.57,6830.0,1613.82,1362.67,2001
2001-06-01,Dow Jones,1076.46,1107.26,1155.06,1057.68,487813508.0,8.61,3.78,7.42,5.83,103.0,9345.0,2765.0,1.48,132.93,86.005,1703.49,114.32,6333.0,3.44,40.0,78.84,6189.0,843.91,704.79,2001
2001-06-02,S&P 500,2907.37,2934.15,2980.31,2900.32,854645312.0,-4.15,6.26,6.88,6.84,117.0,7953.0,4393.0,0.81,114.82,72.27,2497.17,346.88,2586.0,1.35,8.0,41.85,4929.0,740.99,629.94,2001
2001-06-03,Dow Jones,3750.89,3712.29,3773.76,3676.82,829647072.0,-1.91,3.05,6.55,5.195,102.0,24284.0,1550.0,1.05,93.01,31.68,2250.11,130.47,5470.0,4.82,24.0,36.33,5441.0,123.02,112.06,2001
2001-06-04,S&P 500,3890.83,3905.22,3947.53,3848.1,826405683.0,-1.91,6.18,6.0,1.86,89.0,10031.0,2640.0,1.01,84.06,23.42,1087.12,148.06,1700.0,6.79,16.0,94.68,10944.0,1902.02,1613.17,2001
2001-06-05,S&P 500,3770.13,3803.56,3826.18,3735.84,876685750.0,1.47,6.18,4.73,4.91,109.0,5056.0,181.0,1.26,101.95,48.34,2303.34,132.7,5455.0,1.77,40.0,69.94,13961.0,1956.65,1658.68,2001
2001-06-06,NASDAQ,1537.74,1545.48,1566.7,1536.85,27797453.0,4.61,0.51,4.25,9.54,109.0,3217.0,1431.0,0.84,136.42,115.22,1568.05,490.02,2717.0,6.49,45.0,84.02,6673.0,1106.29,931.8,2001
2001-06-07,Dow Jones,2197.58,2212.22,2220.06,2186.77,487813508.0,9.17,9.12,10.33,3.93,59.0,3892.0,1822.0,1.37,109.37,48.8,1264.53,115.7,199.0,6.49,24.0,54.38,6673.0,1079.35,929.27,2001
2001-06-08,S&P 500,2434.86,2430.7,2456.18,2427.2300000000005,165623214.0,-3.31,8.83,13.95,8.84,59.0,25038.0,456.0,1.13,97.66,76.755,1888.52,207.9,9182.0,1.57,48.0,91.84,220.0,732.71,613.87,2001
2001-06-09,S&P 500,4217.75,4220.62,4247.49,4189.23,206863671.0,1.78,9.71,8.62,8.84,79.0,13986.0,1419.0,1.12,81.45,104.71,1168.38,360.8,9103.0,7.06,1.0,74.02,7828.0,685.54,570.42,2001
2001-06-10,Unknown,2115.04,2068.48,2116.17,2030.66,297224040.0,-2.11,7.17,5.87,6.36,59.0,9754.0,1419.0,0.96,114.72,132.07,2295.41,429.35,9713.0,0.68,24.0,7.31,13445.0,1921.5,1622.13,2001
2001-06-12,NASDAQ,4829.79,4787.93,4868.86,4746.01,616067587.0,9.47,5.59,12.79,8.67,85.0,21412.0,745.0,1.05,93.32,147.86,1031.24,490.6,8536.0,0.33,36.0,1.97,3550.0,399.38,355.87,2001
2001-06-13,S&P 500,1035.45,1028.95,4945.95,1001.17,859670579.0,2.18,1.26,14.63,8.67,93.0,11224.0,2333.0,0.97,117.6,108.33,1770.1,235.08,3552.0,6.32,40.0,82.92,9883.0,1365.35,1137.45,2001
2001-06-14,Dow Jones,4991.28,4970.55,5023.04,4936.05,587454130.0,-3.44,1.89,6.54,2.3,106.0,10300.0,2731.0,0.92,109.45,77.98,1667.63,288.8,6405.0,9.73,8.0,33.25,11498.0,1092.83,934.23,2001
2001-06-15,NASDAQ,3707.29,3711.83,3757.31,3658.72,119927142.0,6.78,2.89,5.78,2.59,92.0,17965.0,3399.0,1.31,129.28,47.63,1601.47,428.52,1113.0,7.71,13.0,59.87,11223.0,1961.68,1638.15,2001
2001-06-16,Dow Jones,4313.88,4277.22,4314.78,4273.04,814209600.0,5.46,8.9,9.82,9.52,72.0,7139.0,407.0,0.9,140.24,132.65,1420.46,372.68,4489.0,2.54,7.0,74.96,6411.0,146.23,107.19,2001
2001-06-17,Dow Jones,2178.48,2197.64,2225.49,2133.42,599999592.0,0.32,1.73,12.08,1.96,53.0,7139.0,333.0,0.92,101.49,61.35,1606.15,372.68,345.0,0.72,42.0,63.73,14641.0,324.5,283.31,2001
2001-06-18,S&P 500,1057.26,1086.76,1126.13,1050.95,720867564.0,8.31,1.73,7.92,0.85,61.0,22989.0,333.0,1.2,143.33,25.77,1796.22,299.47,9499.0,6.17,24.0,67.27,11838.0,835.42,720.81,2001
2001-06-19,NASDAQ,3951.48,3917.82,3978.55,3898.17,303075479.0,9.64,5.23,10.19,5.58,98.0,27724.0,2322.0,0.96,129.49,56.23,2047.07,490.38,3620.0,0.03,6.0,89.28,11838.0,1027.87,861.68,2001
2001-06-20,S&P 500,2761.44,4297.01,4352.77,4254.44,487813508.0,9.64,7.16,11.32,5.52,73.0,13945.0,2920.0,1.12,82.6,43.33,2360.39,445.21,3339.0,7.93,2.0,37.46,7863.0,918.28,751.68,2001
2001-06-22,NASDAQ,1571.4,1609.11,1653.49,1546.08,163740986.0,-0.54,2.69,4.15,9.51,117.0,14320.0,1835.0,0.99,114.62,99.72,1767.88,171.91,3576.0,2.99,2.0,17.58,7357.0,743.17,626.68,2001
2001-06-23,NASDAQ,4013.71,4016.53,4040.07,3984.0,300392509.0,3.77,9.59,14.97,5.62,117.0,3154.0,4377.0,1.04,110.63000000000001,103.95,2078.36,431.36,7683.0,3.44,45.0,46.81,13020.0,947.36,827.64,2001
2001-06-24,NASDAQ,3887.193333333333,4072.42,3914.53,4037.01,487813508.0,1.59,2.66,7.1,9.33,58.0,17039.0,1041.0,0.95,102.65,112.41,996.44,179.56,3695.0,7.64,3.0,15.09,5830.0,1427.08,1166.87,2001
2001-06-25,NASDAQ,3634.16,3594.83,3663.45,3553.19,472808464.0,-0.47,2.97,11.4,7.39,59.0,21180.0,449.0,1.12,121.38,63.4,2349.55,281.12,7933.0,2.66,31.0,63.4,5830.0,410.51,339.89,2001
2001-06-26,Dow Jones,4064.46,4079.42,4113.13,4058.38,980149964.0,-3.99,1.98,9.44,3.01,114.0,3569.0,2786.0,1.49,146.93,35.58,1216.48,172.3,1139.0,2.84,24.0,32.49,7539.0,2235.94,1891.7,2001
2001-06-27,S&P 500,4383.69,4420.49,4460.7,4343.19,120452230.0,-1.21,1.29,8.33,9.32,114.0,18847.0,1505.0,1.05,129.985,79.61500000000001,2216.66,105.87,6449.0,5.41,13.0,85.92,2222.0,859.9,702.22,2001
2001-06-28,Dow Jones,3454.42,3487.24,3520.2000000000003,3430.36,876540616.0,-2.03,2.33,11.07,6.84,92.0,21478.0,3727.0,1.26,113.04,123.65,1925.41,105.87,8187.0,4.63,2.0,34.42,4332.0,1353.32,1148.56,2001
2001-06-29,NASDAQ,1354.42,1367.03,1386.93,1331.89,350571006.0,3.13,6.42,7.14,4.43,108.0,14213.0,1645.0,1.25,132.67,32.74,1751.23,411.6,9278.0,9.56,12.0,28.75,4332.0,504.7,417.77,2001
2001-06-30,S&P 500,2950.51,2908.04,2976.19,2886.85,78448802.0,4.03,4.55,3.64,6.96,108.0,8163.0,1645.0,1.35,128.38,123.76,2277.71,288.24,1059.0,2.63,7.0,49.18,3383.0,1572.66,417.77,2001
2001-07-02,S&P 500,2630.17,2585.1,2648.85,2537.85,55299573.0,0.82,1.22,8.78,1.58,110.0,26310.0,1846.0,0.81,116.39,108.19,2495.12,422.57,4352.0,5.41,1.0,20.46,11918.0,639.16,515.74,2001
2001-07-03,Dow Jones,2628.43,2604.18,2647.84,2576.77,934066918.0,1.32,8.02,4.62,7.33,87.0,6642.0,4481.0,1.02,102.32,101.0,1961.58,243.75,5634.0,1.85,37.0,78.34,6853.0,411.26,343.18,2001
2001-07-05,S&P 500,2395.28,2018.34,2441.01,2362.27,280762329.0,2.14,0.22,4.96,7.42,114.0,4255.0,3732.0,1.18,104.5,89.59,2286.99,226.68,398.0,1.85,30.0,20.71,10925.0,1034.42,866.0,2001
2001-07-06,S&P 500,1443.99,1432.5,1448.54,1396.29,785267008.0,9.82,3.84,7.32,2.68,54.0,15929.0,4388.0,0.87,92.35,78.18,1912.39,272.91,118.0,8.81,38.0,3.25,11848.0,1574.58,866.0,2001
2001-07-07,S&P 500,4232.94,4277.24,4309.65,4192.33,130823629.0,1.59,0.69,4.01,9.59,92.0,1330.0,1268.0,0.99,118.85,111.93,1349.66,314.19,9814.0,8.81,26.0,46.7,1667.0,1283.37,1088.84,2001
2001-07-08,S&P 500,4790.75,4801.79,4822.45,4756.79,314099999.0,4.74,7.92,8.97,0.74,109.0,14125.0,4866.0,1.0,83.39,128.61,2385.02,404.81,8991.0,7.75,16.0,74.29,4411.0,1283.37,1244.19,2001
2001-07-09,NASDAQ,1289.27,1322.77,3958.055,1258.92,26229298.0,-4.24,7.92,6.0,3.66,75.0,7074.0,4144.0,1.115,82.56,81.125,2071.01,432.83,6539.0,7.75,34.0,35.18,4980.0,1509.03,1274.38,2001
2001-07-11,S&P 500,3090.31,3051.56,3093.66,3008.51,274314633.0,7.77,2.36,4.92,0.96,83.0,6621.0,4807.0,1.23,127.08,33.64,1572.63,193.22,2516.0,5.25,23.0,39.7,14502.0,868.65,757.8,2001
2001-07-12,Dow Jones,2198.26,2168.26,2251.54,2157.18,145463936.0,9.14,4.56,2.7,4.35,51.0,28804.0,1000.0,1.06,120.83500000000001,69.25,2493.08,161.46,1252.0,9.83,0.0,95.92,4426.0,1170.94,955.93,2001
2001-07-13,S&P 500,1307.45,1284.96,1346.05,1278.85,20248708.0,9.96,1.84,12.13,6.42,70.0,16026.0,1000.0,0.84,114.59,21.65,1435.31,236.3,1398.0,9.83,28.0,42.37,4426.0,955.99,806.79,2001
2001-07-14,Dow Jones,3002.5,3016.41,3057.82,2960.07,841719426.0,-0.77,3.71,10.33,8.88,75.0,22958.0,1000.0,0.85,104.04,62.72,959.94,420.71,475.0,1.28,25.0,26.04,482.0,2163.39,1837.02,2001
2001-07-15,NASDAQ,3415.425,4162.16,4186.59,4141.46,6294512.0,3.63,5.22,6.43,8.88,54.0,1842.0,227.0,1.09,97.75,42.02,1715.55,209.59,5307.0,8.88,43.0,56.97,12622.0,1685.13,1443.85,2001
2001-07-16,S&P 500,3828.35,3878.12,3922.99,3815.67,104169073.0,1.76,0.53,2.62,5.195,58.0,10856.0,1775.0,0.92,105.08,92.31,2304.25,119.01,4092.0,4.69,24.0,50.34,12622.0,672.88,553.06,2001
2001-07-18,Dow Jones,1291.61,1269.52,1335.7,1247.92,185409396.0,-2.64,5.43,4.21,7.38,59.0,24563.0,333.0,0.98,127.51,123.13,2148.25,113.45,6459.0,7.91,23.0,55.85,12045.0,672.88,588.48,2001
2001-07-19,NASDAQ,2611.49,2654.56,2678.82,2571.07,668442778.0,7.84,8.29,14.1,8.51,59.0,24563.0,2595.0,1.32,87.12,103.19,893.27,453.97,1482.0,6.24,24.0,83.65,5532.0,2035.81,1717.11,2001
2001-07-20,S&P 500,2181.16,2133.62,2208.26,2120.45,765444786.0,8.64,2.72,8.22,4.92,59.0,24213.0,683.0,0.85,116.18,112.9,1944.77,371.22,951.0,8.82,32.0,21.64,4207.0,1845.59,1717.11,2001
2001-07-21,S&P 500,1929.54,1949.21,1995.16,1929.34,644346293.0,1.74,9.03,6.43,7.96,85.0,2344.0,1566.0,1.11,113.38,32.02,934.63,202.74,5700.0,8.27,25.0,92.18,10513.0,1763.74,1477.82,2001
2001-07-22,Dow Jones,2124.02,2146.55,2191.55,2099.25,525894776.0,-0.79,9.99,11.64,5.09,105.0,13749.0,602.0,1.38,101.13,23.61,1745.81,287.64,9599.0,3.2,36.0,57.81,7492.0,594.22,499.94,2001
2001-07-23,S&P 500,4213.93,4247.57,4269.98,4208.92,362250133.0,-2.89,9.19,13.4,4.17,111.0,17345.0,4480.0,0.99,87.16,146.04,1646.2,395.69,8774.0,2.56,38.0,51.72,2302.0,1945.17,1649.48,2001
2001-07-24,Unknown,4716.91,4764.35,4778.07,4679.19,779249745.0,5.26,7.78,6.82,5.5,86.0,19875.0,1255.0,1.01,129.24,75.51,2407.53,466.27,9339.0,7.34,25.0,96.37,2302.0,1853.71,1578.32,2001
2001-07-25,S&P 500,2620.41,2667.97,2687.63,2606.61,779788623.0,-0.32,8.12,6.82,6.92,90.0,23727.0,1599.0,1.42,119.87,71.35,1025.19,449.78,5263.0,5.73,37.0,13.05,5197.0,1853.71,1387.97,2001
2001-07-26,Dow Jones,4624.44,4580.97,2510.065,4558.79,791170241.0,8.64,5.74,7.63,6.92,97.0,23727.0,1035.0,1.26,136.66,53.405,1029.345,127.81,9210.0,0.7,24.0,74.04,335.0,414.97,347.0,2001
2001-07-27,S&P 500,2285.98,2318.16,2332.5,2281.63,487813508.0,5.07,1.9,13.99,3.89,71.0,700.0,2691.0,1.36,96.49,35.46,1033.5,132.46,2628.0,1.82,37.0,81.88,5257.0,1057.53,897.01,2001
2001-07-28,NASDAQ,2905.75,2920.38,2933.81,2891.42,660557292.0,4.69,6.77,11.0,3.89,110.0,700.0,455.0,1.0,135.41,142.26,1090.2,339.09,2628.0,1.51,10.0,48.91,5257.0,1272.7,1058.47,2001
2001-07-29,S&P 500,1904.12,1918.85,1961.9,1865.05,614452879.0,3.39,7.13,5.22,9.14,97.0,6371.0,2094.0,1.5,100.44,110.33,1226.55,298.6,2628.0,5.9,28.0,0.75,4493.0,1188.47,990.02,2001
2001-07-30,S&P 500,3561.9,3524.73,3565.39,3517.15,627503111.0,-4.31,9.85,4.4,9.14,113.0,14017.0,1545.0,0.9,87.88,73.2,2185.65,217.17,8195.0,0.86,28.0,52.48,1367.0,559.39,475.9,2001
2001-07-31,NASDAQ,4915.92,4930.94,4964.82,4883.56,237633386.0,8.98,5.41,4.99,2.66,86.0,22334.0,2759.0,1.47,89.44,137.58,2207.4700000000003,490.47,4711.0,2.08,2.0,15.44,2270.0,1588.91,1318.87,2001
2001-08-01,S&P 500,3413.97,3462.22,3470.86,3368.1,796528135.0,4.42,2.71,5.43,2.33,90.0,21723.0,3380.0,1.43,95.47,127.31,2229.29,398.51,6113.0,5.45,8.0,56.3,9807.0,726.43,645.59,2001
2001-08-02,NASDAQ,2431.26,2472.44,2489.67,2397.27,588211573.0,9.91,6.84,4.99,6.93,54.0,23374.0,4074.0,1.19,96.275,117.04,1262.29,374.93,6018.0,1.33,24.0,73.89,8173.0,921.51,780.64,2001
2001-08-03,S&P 500,3591.27,3585.18,3594.35,3544.63,879090441.0,3.06,9.79,10.56,4.44,101.0,23374.0,2604.0,1.21,97.08,76.11,2262.92,172.53,1834.0,1.33,5.0,53.15,10637.0,2147.21,1797.36,2001
2001-08-04,Unknown,1491.68,1445.67,1505.18,1440.22,582570038.0,5.65,1.77,3.51,0.73,101.0,20115.0,2246.0,1.34,122.27,76.1,813.75,213.57,1636.0,9.07,8.0,63.12,10269.0,1200.92,1797.36,2001
2001-08-05,Dow Jones,4554.64,4540.87,4593.06,4528.33,767516894.0,-4.16,3.26,7.04,3.8,111.0,4196.0,1310.0,1.01,97.96,95.75999999999999,2388.71,342.01,9841.0,6.97,7.0,10.48,7118.0,1492.95,1246.84,2001
2001-08-06,S&P 500,3012.34,3044.98,3089.23,2967.61,974041355.0,4.48,5.42,7.04,8.16,101.0,9967.0,729.0,1.17,105.57,115.42,2068.28,418.24,1345.0,3.07,26.0,9.79,13452.0,1492.95,1767.96,2001
2001-08-07,S&P 500,2797.4,2817.55,2828.63,2761.64,296729800.0,4.48,1.7,5.78,8.08,69.0,9967.0,2817.0,1.43,142.28,117.38499999999999,1501.64,472.42,2633.0,8.77,33.0,85.11,9580.0,1503.29,1261.23,2001
2001-08-08,S&P 500,3343.46,3339.39,3366.64,3307.41,624410660.0,6.68,0.22,2.85,5.2,65.0,23885.0,4982.0,0.85,115.03,119.35,1781.47,379.09,1914.0,8.77,23.0,5.03,3279.0,527.87,455.32,2001
2001-08-09,Dow Jones,3499.14,3454.65,3522.66,3421.46,274925704.0,2.76,3.37,3.06,4.99,56.0,18513.0,1594.0,1.43,122.02,85.755,2386.13,267.45,3626.0,5.89,47.0,28.5,5445.0,1108.99,455.32,2001
2001-08-10,Unknown,1287.1,1279.79,1330.78,1259.08,661521519.0,-1.61,8.65,3.64,6.01,115.0,18513.0,1207.0,1.31,93.25,52.16,1790.35,376.43,9423.0,5.89,4.0,93.78,1297.0,1143.43,946.1,2001
2001-08-11,Dow Jones,3730.47,3727.37,3768.61,3725.14,109311569.0,9.63,0.43,12.87,2.58,115.0,4989.0,3177.0,1.34,89.21,139.33,1188.57,127.67,6730.0,7.52,9.0,45.94,11468.0,1597.7,1360.82,2001
2001-08-12,Unknown,4919.325,2010.59,2036.24,1928.51,808590365.0,9.93,4.29,12.87,5.5,92.0,4989.0,3534.0,0.85,108.92,81.3,1773.89,340.03,4588.0,3.72,24.0,67.49,4032.0,689.48,1065.6,2001
2001-08-12,NASDAQ,1967.73,2940.255,2036.24,1928.51,808590365.0,9.93,4.29,10.55,5.5,92.0,24447.0,3534.0,0.85,108.92,81.3,1773.89,340.03,4588.0,3.72,19.0,67.49,4032.0,2090.45,1761.14,2001
2001-08-13,Dow Jones,3855.81,3869.92,3903.46,3821.87,963490335.0,-3.87,7.62,2.84,0.6,89.0,2516.0,3154.0,0.93,139.88,36.28,2281.46,457.85,4314.0,2.49,24.0,22.25,4032.0,1018.94,866.75,2001
2001-08-14,Dow Jones,10725.35,4271.31,4332.51,4247.67,112557095.0,9.05,9.53,7.08,5.02,50.0,8858.0,2915.0,1.19,96.86,137.66,2478.66,354.78,1873.0,6.08,11.0,27.12,10009.0,576.08,462.18,2001
2001-08-15,NASDAQ,4215.83,4218.36,4218.84,4170.84,85564950.0,-0.66,9.85,5.62,3.69,107.0,1475.0,3881.0,0.89,118.95500000000001,78.81,1792.94,103.02,9057.0,7.45,43.0,50.95,1728.0,1432.14,1195.81,2001
2001-08-16,Dow Jones,3210.0,3166.61,3230.14,3149.8,942751050.0,5.34,4.22,9.51,6.91,52.0,21431.0,2135.0,1.24,141.05,36.97,1064.6,377.81,6146.0,5.36,24.0,63.85,7898.0,1845.99,1554.78,2001
2001-08-17,S&P 500,3080.68,3127.94,3173.3,3065.96,818665469.0,0.07,9.5,8.8,6.56,57.0,7805.0,269.0,1.35,145.41,70.81,2111.98,390.58,1680.0,7.16,30.0,96.05,12508.0,972.85,813.79,2001
2001-08-18,S&P 500,1571.5,1557.51,1608.52,1513.87,544428947.0,0.07,0.35,8.25,4.12,110.0,17743.0,3931.0,0.96,149.57,96.61,2494.75,316.49,9953.0,4.22,5.0,57.48,3001.0,2275.49,1907.46,2001
2001-08-22,S&P 500,2137.1,2153.32,2179.35,2126.35,550504857.0,-0.11,5.07,13.44,1.19,115.0,10300.0,3415.0,1.03,141.99,42.86,1080.1,423.03,7273.0,8.91,45.0,25.51,8715.0,1564.36,1316.65,2001
2001-08-23,S&P 500,1535.31,1556.84,1589.61,1502.5,159027849.0,4.68,1.3,14.27,1.52,100.0,713.0,731.0,1.25,119.01,36.875,2451.18,341.48,3589.0,8.37,14.0,50.59,8715.0,497.42,439.3,2001
2001-08-24,Dow Jones,3518.23,3495.04,3539.15,3475.79,343871831.0,-3.03,8.72,2.76,6.65,96.0,22781.0,904.0,1.42,84.72,30.89,2225.17,497.75,6260.0,9.64,12.0,31.73,8246.0,1535.38,1284.49,2001
2001-08-26,Dow Jones,3994.58,3957.11,4037.64,3909.61,638111932.0,9.71,6.26,11.44,3.55,76.0,6282.0,3187.0,1.12,94.75,134.18,2406.64,197.72,2700.0,6.76,29.0,96.81,14297.0,521.64,410.71,2001
2001-08-28,S&P 500,1000.54,954.52,1023.12,935.64,96061677.0,7.9,2.06,5.29,9.48,50.0,26048.0,3512.0,1.03,130.69,53.58,1337.8,197.72,6609.0,6.76,19.0,26.25,14098.0,913.1,776.09,2001
2001-08-29,NASDAQ,3044.52,3054.29,3074.69,3005.09,487813508.0,0.39,2.06,5.29,9.48,95.0,28875.0,3969.0,1.14,132.64499999999998,63.053333333333335,1852.54,447.71,7622.0,9.12,18.0,27.66,13268.0,994.0,776.09,2001
2001-08-30,Unknown,1187.41,1224.38,1258.75,1169.84,552200481.0,0.39,7.53,2.71,3.42,60.0,803.0,891.0,1.42,134.6,72.52666666666667,988.28,153.25,9728.0,2.71,18.0,81.12,13268.0,1754.72,1466.31,2001
2001-08-31,Dow Jones,2104.68,2143.76,2156.25,2096.32,517097692.0,2.76,9.62,10.21,8.19,88.0,24160.0,4241.0,1.48,113.36,82.0,943.13,241.52,915.0,0.57,24.0,88.66,14761.0,800.35,670.04,2001
2001-09-02,Dow Jones,1250.76,2081.5950000000003,1294.63,1227.4,392675462.0,9.18,1.65,12.0,9.77,96.0,26911.0,3941.0,1.32,145.5,57.32,884.45,353.03,8523.0,0.57,24.0,43.2,12678.0,1470.88,1234.18,2001
2001-09-05,Dow Jones,1987.3,2019.43,2069.09,1976.97,530511056.0,-3.75,1.75,8.83,9.77,50.0,20931.0,2672.0,1.3450000000000002,126.52,76.08,914.42,309.25,7417.0,6.39,27.0,16.7,1672.0,1451.27,1247.79,2001
2001-09-06,Dow Jones,3963.62,3938.09,3968.92,3889.6,691816175.0,7.34,7.33,3.53,5.23,50.0,18739.0,4004.0,1.37,124.83,56.05,880.38,418.22,8139.0,4.53,24.0,86.18,5753.0,540.24,469.45,2001
2001-09-07,S&P 500,2265.08,2257.21,2276.73,2255.96,412408332.0,-2.72,3.62,7.42,8.06,69.0,7451.0,2194.0,1.45,143.95,41.64,1176.41,261.57,1578.0,8.44,30.0,84.9,2032.0,1583.29,1327.87,2001
2001-09-08,Dow Jones,1407.57,1441.45,1488.97,1368.28,523207223.0,-4.43,1.86,7.42,2.98,94.0,12153.0,4723.0,1.44,104.95,86.49,2380.93,402.98,4584.0,8.44,46.0,50.34,1011.0,284.6,1327.87,2001
2001-09-09,Dow Jones,2440.94,2478.65,2526.57,2424.87,319900887.0,5.79,3.32,4.38,1.66,110.0,2667.0,715.0,1.19,109.94,96.17,2107.32,278.45,1431.0,2.81,6.0,29.25,12093.0,1075.79,887.68,2001
2001-09-10,NASDAQ,2081.57,2055.89,2086.46,2054.02,202227957.0,-0.8,5.64,13.63,4.54,76.0,6459.0,4093.0,1.03,115.845,115.53,1950.05,185.81,1380.0,0.78,24.0,56.57,14009.0,2011.38,1722.0,2001
2001-09-11,Dow Jones,4370.85,4375.910000000001,4376.66,4324.96,401452982.0,5.72,7.26,3.93,9.46,105.0,18517.0,4396.0,1.25,133.56,52.6,2119.79,278.48,2521.0,5.39,11.0,50.34,4511.0,307.67,265.42,2001
2001-09-13,NASDAQ,3553.0600000000004,4115.92,4205.53,4088.329999999999,168341049.0,-3.37,5.26,13.57,6.53,117.0,14355.0,2330.0,1.09,105.03,115.15,1236.2,284.63,1505.0,3.4,28.0,95.31,12016.0,1482.55,1239.41,2001
2001-09-15,S&P 500,2735.27,2767.32,2792.45,2732.01,701311025.0,1.78,9.15,12.31,1.76,80.0,2877.0,3128.0,1.01,114.59,116.51,1828.61,174.04,8470.0,8.5,7.0,47.28,12322.0,1380.89,1167.56,2001
2001-09-16,S&P 500,4639.77,4665.77,4708.19,4637.27,569154196.0,6.02,9.29,4.29,4.21,98.0,26826.0,2637.0,1.04,148.9,20.18,1833.97,478.78,6465.0,8.5,3.0,12.7,6915.0,1052.27,883.91,2001
2001-09-17,NASDAQ,2509.27,2464.15,2510.29,2458.37,491119158.0,2.52,6.83,12.63,7.22,98.0,27758.0,604.0,0.81,94.26,31.33,1154.63,218.99,8184.0,5.24,39.0,50.46,14714.0,827.13,709.34,2001
2001-09-18,Dow Jones,4856.31,4890.68,4920.9,4852.74,820828094.0,4.07,0.18,5.6,9.73,88.0,20295.0,2045.0,1.01,111.64,124.26,1542.44,382.15,8842.0,1.96,24.0,74.31,7950.0,2132.68,1800.96,2001
2001-09-19,NASDAQ,1357.16,1350.96,1371.01,1312.93,595040448.0,-0.46,5.37,13.99,2.1,59.0,20295.0,1961.0,1.13,99.0,130.65,1973.03,236.28,6227.0,2.12,15.0,24.88,6403.0,1842.26,1576.14,2001
2001-09-20,S&P 500,3748.08,3732.32,3791.2,3708.04,487813508.0,-1.99,6.29,11.22,4.4,58.0,4775.0,3822.0,0.92,144.59,64.65,1326.35,487.86,4174.0,2.57,21.0,36.95,11603.0,1032.19,883.99,2001
2001-09-21,NASDAQ,2975.26,2979.91,2994.08,2958.12,256543746.0,3.14,9.95,12.21,1.4,62.0,21269.0,3783.0,1.36,118.56,144.58,928.31,495.31,5532.0,4.59,10.0,50.34,7113.0,863.97,712.72,2001
2001-09-22,S&P 500,2550.6,2509.74,2584.94,2488.82,909724741.0,1.6,9.96,3.11,2.8,67.0,12974.0,503.0,1.18,120.51,59.2,1135.56,430.04,5004.0,4.94,40.0,35.57,255.0,252.55,199.52,2001
2001-09-23,NASDAQ,3530.85,3556.51,3590.22,3484.4,153132429.0,0.85,8.58,9.58,4.08,61.0,25561.0,4431.0,1.36,80.58,135.74,1080.05,332.59,5879.0,8.72,24.0,86.14,9220.0,234.19,180.63,2001
2001-09-24,Dow Jones,3815.43,3823.67,3834.74,3769.89,338040054.0,5.09,8.58,12.67,5.64,54.0,10052.0,1719.0,0.89,125.69,74.82,1874.3,316.83,5753.0,8.92,4.0,23.78,6987.0,2218.89,1874.79,2001
2001-09-26,NASDAQ,1667.81,1636.63,1688.27,1592.4,487813508.0,-4.31,6.13,2.37,5.64,64.0,15985.0,3113.0,1.47,115.94,103.63,2304.07,148.81,6033.0,2.81,37.0,53.67,10327.0,1064.79,912.48,2001
2001-09-27,S&P 500,3852.18,3820.6,3866.64,3804.62,526991525.0,0.08,8.01,14.21,7.89,116.0,1272.0,3716.0,1.05,117.17,37.3,943.46,131.62,8492.0,8.18,24.0,57.99,5556.0,2103.0,1762.08,2001
2001-09-29,S&P 500,3948.165,3949.39,4912.99,4833.5,638568718.0,-3.55,3.2,14.21,3.57,87.0,18716.0,1669.0,1.25,137.65,75.48,2380.21,491.52,3995.0,7.98,39.0,50.34,10624.0,1787.24,1534.54,2001
2001-09-30,NASDAQ,4044.15,4078.18,4101.03,4012.97,321312909.0,-1.46,4.63,11.01,3.57,75.0,13845.0,3816.0,1.25,100.93,40.85,1915.745,198.75,9638.0,0.16,24.0,3.89,7653.0,173.33,133.68,2001
2001-10-01,Dow Jones,4803.09,4754.84,3970.7,4730.76,818977199.0,-4.23,1.47,3.4,2.95,87.0,8105.0,239.0,0.88,97.93,91.36,1451.28,264.38,4540.0,7.54,24.0,50.34,6998.0,2207.01,1883.83,2001
2001-10-02,S&P 500,3810.16,3765.06,3840.37,3745.03,487813508.0,9.94,3.57,2.62,9.32,108.0,1799.0,4783.0,1.45,135.71,63.614999999999995,1357.51,356.57,2563.0,8.53,24.0,14.54,14793.0,1109.01,945.94,2001
2001-10-03,S&P 500,2192.21,2609.235,2240.85,2142.9,999977078.0,6.05,8.58,12.2,6.89,101.0,16353.0,1943.0,1.14,130.31,35.87,1589.02,240.43,2244.0,6.05,47.0,23.06,1797.0,1331.39,1137.63,2001
2001-10-04,NASDAQ,1421.46,1453.41,1474.66,1380.4,615887727.0,-3.69,8.58,7.0,8.13,82.0,25257.0,3478.0,1.34,95.79,106.55,1820.53,101.45,6197.0,7.51,25.0,38.32,10965.0,1057.73,900.17,2001
2001-10-05,S&P 500,4127.3,4109.97,4141.070000000001,4088.22,487813508.0,-4.7,1.51,3.39,0.97,70.0,26338.0,3064.0,1.05,80.06,22.66,1245.58,258.49,8912.0,7.76,24.0,49.39,9169.0,1358.18,1144.77,2001
2001-10-06,Dow Jones,3576.6,3561.56,3589.85,3525.2,838858770.0,5.79,1.51,11.91,6.19,66.0,12597.0,4765.0,0.98,126.62,29.545,846.45,421.86,6983.0,5.07,39.0,9.41,5641.0,2090.7,1769.77,2001
2001-10-07,Dow Jones,2384.67,2381.965,1229.18,1179.26,902212087.0,1.59,4.03,13.04,5.51,111.0,8837.0,3269.0,0.88,91.0,111.02,2435.87,477.58,1877.0,8.14,24.0,10.22,2415.0,466.29,1555.98,2001
2001-10-08,S&P 500,2440.2,2417.62,2462.66,2412.61,761896227.0,6.8,9.97,13.04,3.28,108.0,5663.0,2272.0,1.19,146.99,108.51333333333334,2072.92,210.04,3980.0,7.92,12.0,67.44,11287.0,1498.02,1236.62,2001
2001-10-09,S&P 500,4827.2,4779.86,4849.21,4762.24,193884823.0,8.85,1.73,4.1,2.99,51.0,12634.0,3520.0,1.5,122.31,106.00666666666666,1029.72,210.04,6784.0,9.16,24.0,40.47,5112.0,805.47,689.18,2001
2001-10-11,Dow Jones,3829.0,2743.48,2779.41,3776.1499999999996,646730611.0,-2.19,9.15,11.11,5.195,74.0,5094.0,1349.0,1.36,136.39,103.5,906.63,262.69,1054.0,5.3,3.0,23.57,1419.0,1894.72,1586.99,2001
2001-10-12,Dow Jones,2830.8,2838.88,2849.57,2790.06,948771825.0,6.73,8.82,9.15,0.82,90.0,17686.0,2797.0,1.1933333333333334,119.05,46.73,847.36,101.87,1054.0,0.31,27.0,50.34,11302.0,1338.51,1144.15,2001
2001-10-13,S&P 500,1835.53,1859.7,1869.55,1817.57,746280289.0,9.34,0.32,10.46,5.89,68.0,17686.0,2853.0,0.86,110.68,89.87,880.77,437.95,704.0,0.19,33.0,5.27,456.0,917.27,780.35,2001
2001-10-14,NASDAQ,2474.83,2492.35,2512.99,2445.81,739328739.0,3.7,7.52,12.57,2.12,87.0,20834.0,4534.0,0.92,123.44500000000001,133.01,2084.82,437.95,4761.0,9.39,9.0,50.92,11284.0,325.02,286.1,2001
2001-10-15,Dow Jones,1842.125,2449.84,2490.64,2446.14,801296174.0,5.23,6.55,7.64,1.83,74.0,18202.0,3984.0,1.45,136.21,37.18,1556.37,402.35,7509.0,3.37,24.0,36.1,10237.0,1548.01,1291.56,2001
2001-10-16,Dow Jones,1209.42,1194.67,1238.61,1185.92,410259324.0,5.23,7.68,3.62,6.42,88.0,18202.0,194.0,1.2,124.83,131.69,2235.47,328.61,1500.0,3.78,7.0,81.13,11671.0,1906.75,1610.22,2001
2001-10-17,Unknown,4070.27,4032.88,4088.84,3988.4,490112547.0,0.72,4.95,14.22,3.45,53.0,23002.0,4391.0,1.24,123.74000000000001,64.86,1318.87,188.67,6547.0,4.7,8.0,79.03,7265.0,2014.19,177.82,2001
2001-10-18,NASDAQ,2666.02,2629.01,2688.47,2598.58,844299471.0,6.02,9.91,9.09,4.69,53.0,5126.0,4387.0,1.1,122.65,83.7,2118.05,359.28,2648.0,2.66,17.0,68.95,8609.0,282.13,228.78,2001
2001-10-19,Dow Jones,4288.72,4306.34,4333.2,4241.21,555464590.0,8.92,0.44,10.0,3.92,83.0,12490.0,4717.0,1.37,108.33,38.57,932.49,405.94,5859.0,5.9,1.0,38.54,10152.0,336.77,291.48,2001
2001-10-20,Dow Jones,4401.39,4437.25,4447.43,4351.45,92281425.0,4.43,2.34,14.13,6.66,59.0,10950.0,4948.0,1.16,84.29,35.41,1879.68,289.78,1985.0,7.85,17.0,63.16,14289.0,1343.68,1116.77,2001
2001-10-21,NASDAQ,1847.98,4172.246666666667,1902.04,1829.39,487813508.0,4.43,3.97,14.11,6.66,76.0,3440.0,1775.0,1.38,106.69,132.51,1413.02,399.16,438.0,2.57,39.0,50.34,9632.0,318.22,1116.77,2001
2001-10-22,Unknown,3629.41,3642.24,3686.26,3614.47,183482094.0,-2.43,4.5,9.44,9.65,50.0,24453.0,112.0,1.49,122.695,101.89,1270.43,261.99,5903.0,7.43,24.0,33.29,2999.0,208.31,181.48,2001
2001-10-23,S&P 500,2889.13,2857.54,2910.82,2814.62,487813508.0,-1.82,9.21,5.87,3.85,93.0,29137.0,2401.0,1.25,138.7,63.295,2185.69,492.1,6658.0,6.72,24.0,88.01,1119.0,2232.25,1871.86,2001
2001-10-24,S&P 500,4520.63,4481.2,4541.23,4431.27,396437855.0,2.98,5.6,14.96,7.53,101.0,7898.0,4183.0,1.17,121.97,24.7,888.27,195.92,6658.0,5.26,15.0,98.49,6545.0,1367.8,1132.25,2001
2001-10-25,NASDAQ,1862.96,1894.25,1896.03,1831.48,438678890.0,-2.35,0.45,10.85,7.53,74.0,5958.0,472.0,1.06,105.24,46.795,2414.2,195.92,6658.0,3.25,36.0,31.51,7500.0,1467.72,1224.26,2001
2001-10-26,NASDAQ,3711.25,3719.13,3744.03,3671.49,239975314.0,4.52,4.08,7.31,5.33,114.0,2552.0,4589.0,0.94,128.68,68.89,2135.43,399.84,9145.0,8.73,31.0,80.14,12971.0,1755.42,1487.3,2001
2001-10-28,S&P 500,2181.21,2209.36,2237.3,2163.44,219982647.0,6.87,9.65,7.41,3.63,117.0,12544.0,916.0,0.84,103.47,102.38,2485.27,240.14,8119.0,3.75,40.0,46.42,9728.0,2265.4,1931.52,2001
2001-10-29,Dow Jones,1546.4,1566.73,1602.08,1517.69,766054144.0,7.12,5.99,13.55,4.98,64.0,6805.0,916.0,1.47,122.45,135.87,1144.23,278.3,5600.0,6.41,33.0,38.72,1173.0,2139.82,1817.22,2001
2001-10-30,S&P 500,1904.4550000000002,3640.01,3648.88,3564.91,41304034.0,1.96,6.36,8.27,3.15,106.0,8907.0,1903.0,1.25,106.16,64.8,1484.1,351.79,4714.0,9.2,47.0,29.27,8652.0,106.17,92.42,2001
2001-11-01,S&P 500,2262.51,2287.26,2327.8,2261.4500000000003,339585355.0,4.7,7.7,8.27,2.55,60.0,7479.0,3504.0,0.99,102.8,85.07,2494.57,404.62,8524.0,7.23,48.0,74.11,3107.0,1319.24,1110.39,2001
2001-11-02,Dow Jones,3579.33,3614.42,3661.78,3562.49,832981771.0,9.89,6.35,12.72,7.15,69.0,2135.0,3039.0,1.46,124.51,121.59,1206.49,244.27,2858.0,4.57,33.0,44.13,3673.0,1100.4,918.8,2001
2001-11-03,S&P 500,2580.52,2559.13,2587.32,2551.91,544009620.0,4.34,2.37,11.39,7.82,79.0,14779.0,1432.0,1.23,130.14,113.18,2063.29,142.9,9116.0,2.19,36.0,75.18,3657.0,856.6,717.28,2001
2001-11-04,NASDAQ,2188.69,3866.87,3891.75,3841.18,95657658.0,-4.46,8.74,13.11,3.16,59.0,24222.0,3346.0,1.08,105.94,104.77,1319.74,302.24,8416.0,1.24,39.0,71.89,969.0,1597.79,1365.88,2001
2001-11-05,Unknown,1796.86,1778.28,1807.57,1733.01,401287289.0,2.76,8.74,7.03,4.38,103.0,14772.0,855.0,0.93,90.68,59.55,2103.0,302.24,797.0,1.36,24.0,26.81,14650.0,1713.33,1428.12,2001
2001-11-08,S&P 500,2471.14,2479.12,2486.3,2455.66,332250376.0,2.76,8.03,8.48,7.9,50.0,3609.0,855.0,0.9466666666666667,125.73,108.5,927.5,302.24,2019.0,1.31,47.0,81.16,3864.0,1713.33,106.14,2001
2001-11-09,S&P 500,1232.37,1199.02,1267.87,1168.18,173269034.0,7.67,8.29,3.66,6.26,107.0,13015.0,3159.0,0.98,130.96,103.97,1636.22,330.09,1711.0,8.66,36.0,99.69,13247.0,288.88,242.56,2001
2001-11-10,NASDAQ,1446.05,1467.27,1493.96,1419.34,463471600.0,-1.12,9.51,3.66,2.45,70.0,22937.0,2277.0,1.43,114.18,40.32,1992.55,272.3,1711.0,9.83,11.0,2.03,12086.0,1243.72,1053.76,2001
2001-11-11,S&P 500,3063.45,3031.04,3070.64,3020.13,686463151.0,-0.12,1.51,4.07,2.95,64.0,5504.0,2277.0,0.86,112.01,135.44,1443.65,147.94,4292.0,4.96,14.0,50.34,1919.0,1398.44,1207.32,2001
2001-11-12,NASDAQ,5175.924999999999,2043.91,2070.83,2035.7,103405247.0,-1.46,4.98,11.76,2.95,116.0,22640.0,2150.0,0.91,94.78,96.15,1845.02,148.06,5874.0,4.5,29.0,70.16,10723.0,1765.82,1504.36,2001
2001-11-13,NASDAQ,4341.92,4341.36,4382.33,4329.52,458776675.0,8.63,5.81,11.24,2.49,82.0,7945.0,2089.0,1.02,91.78,69.71,1767.45,356.14,3763.0,3.48,24.0,58.3,12866.0,2000.03,1671.2,2001
2001-11-14,S&P 500,3429.15,1100.25,1109.06,1033.64,835735849.0,2.54,3.29,11.24,3.67,87.0,784.0,654.0,1.44,90.77,42.4,1300.81,356.14,1477.0,6.38,28.0,71.07,101.0,1372.27,1188.03,2001
2001-11-15,S&P 500,2516.38,1707.025,1737.645,2473.99,325891445.0,4.84,8.39,13.01,6.81,68.0,12273.0,365.0,1.19,149.43,121.87,1627.52,265.92,7255.0,6.08,33.0,13.81,9984.0,983.17,839.78,2001
2001-11-16,S&P 500,2349.38,2313.8,2366.23,2266.42,744523374.0,1.23,7.62,5.66,5.83,53.0,10702.0,1022.0,1.06,137.46,86.18,917.33,265.92,6718.0,3.43,24.0,0.25,5015.0,1872.14,1588.57,2001
2001-11-17,Dow Jones,1077.31,1103.21,1132.48,1054.12,915100728.0,4.47,7.21,12.31,4.88,107.0,2913.0,1022.0,1.08,123.83,39.15,1581.85,336.49,2963.0,3.43,43.0,9.39,7776.0,1023.22,868.14,2001
2001-11-18,S&P 500,1497.47,1497.53,1513.31,1494.53,35234482.0,0.79,9.97,8.35,9.05,107.0,18527.0,633.0,1.39,95.01,139.78,1578.92,290.92,9842.0,6.45,24.0,38.07,2289.0,502.79,440.21,2001
2001-11-19,NASDAQ,2654.57,2695.75,2700.1,2618.11,29944126.0,0.1,2.59,11.51,2.59,61.0,18527.0,633.0,0.82,103.64,33.79,848.82,123.83,9099.0,5.55,24.0,50.34,6271.0,1841.11,1570.51,2001
2001-11-20,S&P 500,2971.46,2936.12,2982.61,2919.68,487813508.0,4.52,7.35,11.51,7.54,66.0,9819.0,1793.0,0.81,104.56,88.15,1673.58,335.66,4730.0,7.19,7.0,87.41,2404.0,670.54,577.41,2001
2001-11-21,Dow Jones,2617.16,2631.75,2641.15,2584.49,109384478.0,3.87,5.51,6.51,2.01,50.0,28548.0,2151.0,0.83,113.44,99.38,2054.08,154.84,2412.0,9.41,24.0,8.44,3102.0,988.68,837.2,2001
2001-11-22,S&P 500,3123.75,3097.04,3145.15,3083.06,911856827.0,-0.6,3.13,12.94,6.35,63.0,26345.0,3790.0,1.13,109.54,149.87,1568.83,322.32,8963.0,7.8,10.0,44.33,14223.0,1796.98,1503.98,2001
2001-11-23,Dow Jones,3380.53,3346.21,3413.44,3317.67,666278388.0,-0.6,1.61,2.46,8.77,51.0,6835.0,2931.0,1.21,145.39,38.32,1898.24,410.15,8596.0,3.04,11.0,95.79,3157.0,836.99,705.77,2001
2001-11-24,Dow Jones,3118.455,1058.04,1071.23,1001.09,128278582.0,0.53,8.96,14.67,4.85,53.0,28854.0,4427.0,1.24,130.46,99.76,2016.52,102.18,4979.0,7.59,48.0,50.34,8027.0,135.6,108.91,2001
2001-11-25,S&P 500,2856.38,2865.75,2866.35,2809.98,864195807.0,2.76,5.95,10.43,7.38,115.0,17527.0,3020.0,1.31,85.7,81.97,2134.8,272.19,1411.0,4.5,24.0,13.33,8027.0,661.55,548.57,2001
2001-11-26,NASDAQ,4854.0,4879.48,4905.429999999999,4840.94,537363965.0,4.43,8.25,7.62,8.29,95.0,24195.0,4945.0,0.93,105.2,53.42,1674.57,398.28,7942.0,7.78,46.0,29.2,5192.0,237.25,198.81,2001
2001-11-28,S&P 500,3710.17,3704.97,3758.31,3681.76,888038047.0,-4.46,2.2,3.6,7.21,95.0,8717.0,4723.0,0.97,99.55,122.81,2206.87,194.12,8427.0,2.5,24.0,1.3,3414.0,1518.76,1281.51,2001
2001-11-29,S&P 500,2247.46,2238.01,2276.93,2191.65,54299306.0,-1.35,3.38,8.68,9.24,101.0,28398.0,985.0,0.9,147.12,121.02,914.96,379.03,6731.0,2.39,37.0,96.81,5425.0,1639.55,1281.51,2001
2001-11-30,NASDAQ,4095.97,4144.38,4167.94,4050.9,46105783.0,-2.09,3.82,14.81,5.98,97.0,10737.0,1558.0,0.97,129.37,136.89,1292.08,379.03,3412.0,2.39,33.0,56.74,12302.0,1991.58,1667.62,2001
2001-12-01,Dow Jones,4091.69,4070.91,4120.36,3554.48,741142692.0,2.53,9.73,5.06,2.27,88.0,16466.0,3895.0,1.23,80.55,114.26,1805.52,245.01,2951.0,0.52,45.0,70.44,4980.0,1991.58,580.56,2001
2001-12-02,Dow Jones,3085.18,3064.66,3131.58,3058.06,100548774.0,1.45,0.06,11.39,1.71,119.0,4437.0,3255.0,1.06,103.02,85.88,2255.25,218.96,3132.0,6.86,25.0,50.34,12825.0,1550.97,1306.97,2001
2001-12-03,S&P 500,4904.06,4889.51,4945.48,4864.73,302590181.0,1.45,9.86,7.65,2.97,109.0,5307.0,3510.0,1.34,110.71,70.9,922.64,318.06,2506.0,7.5,39.0,95.8,1394.0,889.3,737.8,2001
2001-12-04,S&P 500,1502.2,1508.66,1524.81,1496.87,749345245.0,-1.36,9.8,10.48,1.48,79.0,15450.0,4124.0,1.18,122.18,111.54,963.29,246.17,2506.0,3.45,24.0,58.96,13971.0,961.32,812.37,2001
2001-12-05,NASDAQ,1067.79,1043.02,1079.65,1025.74,367002873.0,3.92,9.8,4.66,5.38,76.0,6836.0,662.0,0.95,114.98,98.37,1174.53,434.37,7719.0,4.65,18.0,66.23,578.0,1835.6,1559.74,2001
2001-12-06,NASDAQ,2121.3999999999996,4122.16,4135.29,4073.21,323289695.0,8.26,4.77,4.66,1.16,104.0,7024.0,4126.0,1.13,84.88,90.57,1385.77,411.62,9533.0,5.9,49.0,86.1,7825.0,1051.68,924.44,2001
2001-12-07,Dow Jones,4228.62,4205.19,4253.84,3023.025,411009068.0,8.66,9.64,14.74,2.62,119.0,17909.0,3071.0,1.22,116.09,96.58,2234.02,224.76,7986.0,0.74,28.0,86.17,11359.0,1848.67,1560.39,2001
2001-12-09,S&P 500,2062.33,2022.68,2087.49,1972.84,151320306.0,6.6,9.64,10.27,5.0,91.0,6222.0,2816.0,1.38,116.34,145.93,829.29,455.8,726.0,5.27,37.0,28.4,12807.0,464.0,406.34,2001
2001-12-10,Dow Jones,1070.21,1085.87,1089.2600000000002,1051.45,744068426.0,8.59,2.24,9.48,5.87,116.0,17952.0,2778.0,1.1,97.22,94.435,826.11,158.95,387.0,6.24,35.0,24.71,4977.0,1513.78,1296.36,2001
2001-12-11,NASDAQ,2173.23,2213.93,2250.11,2534.04,879679482.0,-1.48,9.45,9.35,7.2,116.0,9630.0,1772.0,1.25,90.09,42.94,2270.18,401.69,5986.0,7.24,20.0,0.76,3911.0,1057.86,886.04,2001
2001-12-12,NASDAQ,4092.57,4059.44,4132.87,4016.63,235419091.0,-2.04,0.14,10.0,0.95,101.0,4598.0,3227.0,1.01,100.15,80.68,1030.55,226.72,2807.0,6.76,24.0,87.69,4670.0,1559.21,1306.97,2001
2001-12-13,S&P 500,3071.84,3118.67,3133.14,3065.97,154028808.0,-4.9,5.46,8.53,1.27,55.0,15765.0,4993.0,1.24,86.97,108.17,1376.87,147.79,2203.0,0.95,46.0,31.78,3558.0,1421.87,1198.78,2001
2001-12-14,NASDAQ,2392.38,2387.67,2425.59,2353.19,801450405.0,5.6,0.76,2.22,1.08,59.0,24899.0,4053.0,1.44,99.88,42.84,1267.86,147.79,2481.0,7.83,22.0,34.76,9159.0,423.24,367.88,2001
2001-12-15,NASDAQ,2486.96,2531.53,2552.86,2466.52,798382704.0,9.06,2.86,13.7,4.52,87.0,10164.0,4053.0,1.24,140.69,141.25,1279.18,210.51,1734.0,6.1,43.0,10.05,7521.0,1144.13,976.81,2001
2001-12-16,Unknown,1005.41,2355.445,1067.55,995.1,692038994.0,2.76,0.88,12.75,0.9,61.0,28723.0,2012.0,1.01,101.5,30.01,1358.61,319.23,9887.0,7.15,43.0,98.97,14681.0,187.08,164.63,2001
2001-12-17,NASDAQ,2199.2,2179.36,2241.46,2272.98,370884086.0,4.55,8.6,4.26,7.59,95.0,14102.0,3102.0,1.25,112.92,99.43,1371.28,463.16,8978.0,2.62,6.0,82.64,3561.0,1058.08,910.94,2001
2001-12-18,Unknown,3585.83,3554.66,3612.1,3550.86,221079783.0,6.2,5.91,7.37,2.62,98.0,14102.0,2362.0,1.43,116.39,146.87,1620.105,221.2,1711.0,2.21,37.0,57.23,1505.0,1550.29,1297.88,2001
2001-12-19,S&P 500,4896.78,4215.905,4931.36,4842.38,207772486.0,8.91,9.02,12.02,9.42,112.0,17059.0,842.0,0.9,92.48,114.62,1868.93,179.69,4162.0,8.26,4.0,77.22,9790.0,2275.94,1931.36,2001
2001-12-20,Dow Jones,4388.24,4347.54,4432.41,4334.9,888653508.0,4.7,6.88,14.74,5.12,118.0,8595.0,4253.0,1.14,110.92,108.04,1688.92,291.46,5613.0,3.9,18.0,77.73,5753.0,1685.19,1412.99,2001
2001-12-21,NASDAQ,1094.38,1058.77,1119.17,1043.2000000000005,641530414.0,9.55,9.71,14.36,4.74,92.0,15117.0,2552.0,1.02,139.71,149.66,2259.52,162.65,8132.0,5.75,45.0,65.71,633.0,1685.19,882.83,2001
2001-12-22,Dow Jones,4594.24,4554.71,4609.9,4548.66,388970857.0,0.17,5.1,13.69,7.92,109.0,18027.0,2868.0,0.97,85.64,122.93,2237.64,208.68,5383.0,5.52,32.0,17.48,14343.0,964.43,840.2,2001
2001-12-23,S&P 500,4132.79,4125.08,4170.47,4081.85,487813508.0,0.25,6.39,4.06,7.27,78.0,22777.0,882.0,1.08,144.6,146.14,1169.27,494.65,6029.0,5.85,23.0,72.06,4931.0,878.86,736.24,2001
2001-12-24,S&P 500,4121.5,4151.06,4162.06,4096.83,417093359.0,3.15,5.76,13.89,6.27,60.0,24225.0,196.0,1.08,140.98,110.86,1724.19,323.22,9286.0,0.7,42.0,57.0,4542.0,878.86,1563.04,2001
2001-12-25,S&P 500,2831.98,3353.0550000000003,2851.41,2767.51,372601384.0,0.75,4.84,13.42,9.38,84.0,20394.0,196.0,0.95,139.91,114.995,2132.52,413.56,1501.0,3.02,22.0,72.43,9514.0,2133.74,1801.55,2001
2001-12-26,S&P 500,2592.02,2555.05,2635.31,2526.58,752070598.0,2.76,8.46,6.9,4.51,72.0,20946.0,196.0,1.08,93.9,119.13,2273.69,184.72,6291.0,0.66,21.0,54.39,3402.0,2133.74,1697.61,2001
2001-12-27,S&P 500,2211.66,2226.0,2262.22,2191.14,278059594.0,2.76,6.45,7.13,8.18,70.0,8297.0,2338.0,1.24,113.9,44.54,1233.82,308.03,1653.0,4.8,35.0,95.64,11797.0,410.64,350.91,2001
2001-12-28,S&P 500,1262.78,1232.5,1282.97,1222.87,732760840.0,6.28,8.01,7.98,4.11,86.0,1450.0,1016.0,0.82,123.13,124.75,1639.97,304.21,6844.0,9.02,45.0,62.74,3503.0,1434.67,1220.28,2001
2001-12-29,S&P 500,1912.94,1872.7,1923.68,1835.44,624125424.0,6.2,7.86,10.53,8.46,77.0,4936.0,3449.0,1.49,87.0,146.12,1692.55,425.07,3670.0,3.89,20.0,57.41,9651.0,997.63,837.96,2001
2001-12-30,NASDAQ,1986.41,1953.09,2004.21,2365.1475,487813508.0,0.18,1.91,5.39,2.97,107.0,3244.0,2686.0,1.01,118.98,99.51,1989.39,108.63,6395.0,7.82,17.0,84.29,14665.0,1595.93,1359.22,2001
2002-01-01,S&P 500,3989.78,4021.93,4030.73,3954.27,233230101.0,0.4,2.0,3.84,6.94,77.0,25196.0,2588.0,1.0,145.56,29.37,1298.87,131.84,1064.0,8.56,26.0,31.65,9549.0,1095.43,926.02,2002
2002-01-02,Unknown,2895.24,2880.65,2932.41,2870.21,110603623.0,-4.76,5.83,7.72,2.52,91.0,21554.0,3893.0,1.08,99.48,50.51,1999.52,466.64,1087.0,4.2,36.0,50.37,11732.0,691.9,594.5,2002
2002-01-03,NASDAQ,1231.38,1246.96,1259.56,1216.04,37742450.0,3.44,6.77,5.67,2.68,110.0,2420.0,2937.0,1.18,100.21,83.84,1478.87,157.14,8904.0,3.55,48.0,50.34,5217.0,943.0,792.6,2002
2002-01-04,Dow Jones,4831.16,4834.89,4857.6,4807.4,253643283.0,-3.14,9.97,11.94,3.4,82.0,10376.0,2937.0,1.23,98.95,73.79,806.84,312.9,8904.0,6.97,24.0,22.13,13190.0,1193.26,991.14,2002
2002-01-05,S&P 500,4770.9,4788.61,4807.9,4748.429999999999,360091743.0,-3.8,0.31,11.94,6.95,104.0,22496.0,1941.0,1.27,90.74,147.3,2394.34,139.76,2230.0,5.13,38.0,68.26,14188.0,1337.01,1095.96,2002
2002-01-06,Dow Jones,4140.76,4159.03,4208.13,4105.33,304921711.0,6.33,0.31,13.93,8.95,86.0,6919.0,1302.0,1.35,110.29499999999999,135.28,1054.4,278.88,7321.0,3.37,24.0,80.26,14592.0,251.76,226.56,2002
2002-01-08,NASDAQ,3177.93,3154.54,3181.93,3122.32,46131515.0,9.39,3.98,13.81,8.36,85.0,6672.0,829.0,0.85,129.85,123.26,2191.22,268.04,5066.0,1.67,13.0,52.34,8220.0,1672.71,1415.51,2002
2002-01-09,NASDAQ,4851.07,4804.97,4855.56,4769.27,562588422.0,2.73,8.22,11.61,5.66,77.0,6430.0,416.0,1.19,143.02,102.73,1370.35,318.01,3606.0,1.67,33.0,29.53,14147.0,853.37,725.42,2002
2002-01-10,Unknown,1302.42,1297.98,1331.96,1283.35,51149267.0,9.75,8.44,3.39,1.15,59.0,4308.0,175.0,1.13,104.9,51.61,1357.9,283.78,7819.0,9.21,31.0,90.97,14637.0,238.17,182.37,2002
2002-01-11,NASDAQ,2462.72,1603.23,1630.69,2446.6,18501784.0,-4.13,7.37,7.7,1.45,72.0,13472.0,3146.0,0.95,119.28,52.675,1858.07,283.78,8520.0,1.69,30.0,75.47,14524.0,814.72,677.73,2002
2002-01-12,Dow Jones,1901.53,1908.48,1929.42,1879.63,458832556.0,3.75,8.97,3.71,5.77,72.0,12007.0,303.0,0.81,133.66,53.74,900.37,445.38,1118.0,5.69,48.0,48.08,9630.0,877.83,709.09,2002
2002-01-13,S&P 500,1783.33,1816.57,1883.79,1767.96,115629922.0,0.24,3.23,14.84,3.61,72.0,15156.0,4388.0,1.02,142.87,133.14,1202.83,137.98,9512.0,0.34,1.0,65.94,8461.0,1927.73,1643.92,2002
2002-01-14,S&P 500,3908.025,1612.37,1615.07,1513.96,502958763.0,0.24,0.88,6.33,3.61,91.0,5238.0,3875.0,0.98,141.945,102.89,890.56,492.25,5390.0,2.91,46.0,33.75,3608.0,731.95,219.57,2002
2002-01-15,Dow Jones,3489.65,2456.403333333333,3515.48,3415.31,759975895.0,0.42,0.88,9.61,4.93,96.0,23379.0,3044.0,1.14,112.59,100.75,1295.57,440.53,2979.0,4.49,38.0,6.08,3608.0,1743.48,1367.57,2002
2002-01-16,S&P 500,10313.225,3300.4366666666665,4169.71,4117.06,454655079.0,-1.09,8.52,12.13,6.83,77.0,17988.0,4455.0,1.33,143.48,128.99,2278.88,440.53,6757.0,7.36,24.0,20.47,7612.0,153.47,127.51,2002
2002-01-17,NASDAQ,3313.19,3330.62,3338.1,3312.91,136785420.0,-1.09,7.3,13.97,4.16,62.0,14104.0,3151.0,1.11,111.08,84.26,2345.87,198.08,3457.0,0.44,22.0,8.04,8167.0,1283.71,1065.31,2002
2002-01-18,S&P 500,1587.85,1635.85,1641.04,1585.71,101468847.0,0.62,6.99,11.82,8.12,74.0,21273.0,2763.0,1.47,143.2,130.94,1326.04,134.5,5834.0,7.81,5.0,50.87,11726.0,460.41,405.19,2002
2002-01-19,NASDAQ,4244.5,4293.06,4299.24,4232.3,224563331.0,-4.75,3.4,10.77,7.52,56.0,14308.0,531.0,0.95,134.39,91.53,1178.005,368.73,1646.0,2.03,20.0,62.24,7447.0,98.95,97.92,2002
2002-01-20,Dow Jones,3543.82,3562.49,3567.54,3538.11,627252988.0,0.85,3.8,8.06,7.48,115.0,11197.0,2863.0,0.95,95.52,98.66,1029.97,180.6,1711.0,7.6,25.0,38.11,6751.0,951.81,825.06,2002
2002-01-21,S&P 500,2552.66,2527.02,3651.87,2500.35,164868491.0,4.82,9.58,9.87,9.86,107.0,11197.0,4891.0,1.22,145.08,105.79,1470.51,393.29,4077.0,6.25,29.0,53.06,14924.0,1656.76,1410.76,2002
2002-01-22,Dow Jones,2296.14,3726.38,3736.2,3653.62,231440656.0,-1.18,0.64,3.22,3.3,115.0,4384.0,3262.0,1.245,96.97,68.63,2204.89,433.0,5207.0,3.4,40.0,8.63,4495.0,884.41,730.71,2002
2002-01-23,S&P 500,2039.62,2000.32,2052.19,1963.48,773311104.0,1.48,7.74,13.49,6.62,85.0,1232.0,297.0,1.27,143.59,119.24,2249.53,495.59,4249.0,7.24,41.0,77.02,7802.0,199.31,171.23,2002
2002-01-24,NASDAQ,2380.77,2408.84,3405.5200000000004,2369.99,639773821.0,-4.15,3.1,9.07,8.63,51.0,16541.0,138.0,1.27,123.06,86.29,878.08,301.69,4712.0,2.36,29.0,3.37,11353.0,478.42,399.38,2002
2002-01-25,Dow Jones,4669.94,4710.96,4758.85,4649.98,271905808.0,3.82,0.39,2.52,6.01,87.0,18465.0,2618.0,1.36,126.72,124.78,1155.69,489.87,7762.0,2.2,7.0,63.48,3885.0,2126.42,1789.57,2002
2002-01-26,S&P 500,2162.02,2150.3,2204.75,2124.91,402651969.0,3.82,7.43,13.96,8.0,63.0,20563.0,2226.0,1.27,87.65,128.35,1145.39,159.73,4611.0,0.62,38.0,43.39,12464.0,873.93,751.57,2002
2002-01-27,NASDAQ,4982.805,2893.01,2904.53,2839.44,169121989.0,6.34,3.31,8.36,4.44,76.0,20736.0,828.0,1.33,84.6,131.70333333333332,2208.33,434.5,655.0,3.93,24.0,18.46,7490.0,1314.92,1747.45,2002
2002-01-28,Dow Jones,4560.56,4553.57,4576.94,4511.61,892108331.0,1.3,7.22,13.29,4.44,64.0,19311.0,3999.0,1.41,147.78,133.38,1575.7,243.92,8497.0,0.98,24.0,52.35,12200.0,1314.92,1304.97,2002
2002-01-29,Dow Jones,3830.89,3824.67,3841.38,2858.0,127972537.0,-3.68,7.08,13.14,1.03,61.0,17207.0,3265.0,0.81,103.58,72.45,1426.27,245.92,9293.0,4.2,17.0,78.12,12575.0,2104.06,1751.46,2002
2002-01-30,S&P 500,1248.81,1229.85,1273.4,1204.39,53102474.0,-1.97,5.35,12.6,9.86,92.0,4199.0,4879.0,1.42,139.11,27.46,2426.23,207.46,3963.0,0.1,47.0,41.41,9054.0,897.03,776.38,2002
2002-01-31,S&P 500,1589.21,1615.42,1616.4,1554.5,125720628.0,-2.68,7.77,2.8,8.1,92.0,5681.0,4327.0,0.95,129.31,73.41999999999999,2373.11,169.36,217.0,0.1,24.0,36.83,999.0,1500.66,1265.19,2002
2002-02-01,S&P 500,1031.37,1074.99,1108.56,1025.78,784748778.0,2.23,5.81,5.21,8.75,97.0,5681.0,2224.0,1.44,122.29,119.38,1548.18,276.89,2627.0,9.32,24.0,14.33,2790.0,259.1,227.4,2002
2002-02-02,NASDAQ,3523.69,3567.77,3593.93,3495.43,174949137.0,2.94,2.87,13.38,7.1,110.0,24197.0,4234.0,0.99,127.96,29.46,1018.16,276.89,3951.0,7.96,49.0,59.5,2625.0,294.73,255.17,2002
2002-02-03,S&P 500,2530.395,2758.17,2835.62,2745.74,525173095.0,9.23,7.34,13.69,2.27,93.0,9053.0,3871.0,1.12,86.26,66.275,1090.71,231.96,3861.0,2.36,10.0,82.82,5256.0,1214.16,1028.43,2002
2002-02-04,Dow Jones,1537.1,1574.57,1582.79,1515.51,484907672.0,-3.9,5.89,7.95,0.79,101.0,18984.0,3357.0,1.2850000000000001,108.87,103.09,990.54,284.43,3861.0,7.18,43.0,56.18,117.0,1214.16,883.38,2002
2002-02-05,Dow Jones,4831.74,4855.48,4895.69,4800.04,339157222.0,4.0,0.13,7.72,8.71,111.0,29573.0,3306.0,0.88,122.5,35.13,1956.86,191.4,6471.0,7.18,7.0,16.59,14278.0,573.46,448.76,2002
2002-02-07,Unknown,1967.57,1924.3,1973.93,4258.705,774357805.0,2.74,5.46,14.59,3.01,80.0,10584.0,3306.0,1.07,130.03,34.14,1746.3,122.06,5336.0,3.71,7.0,3.11,5772.0,1843.2,1538.56,2002
2002-02-09,NASDAQ,3718.48,3759.7,3768.21,3717.37,676018814.0,-1.92,8.83,14.59,4.5,54.0,3254.0,1344.0,1.46,148.94,124.52,1728.385,303.92,4736.0,7.39,24.0,92.16,13321.0,1361.96,1144.5,2002
2002-02-10,S&P 500,1304.96,1318.28,2951.15,1304.54,235422207.0,-4.39,4.45,10.59,4.5,107.0,18356.0,4187.0,0.88,125.01,33.1,1710.47,393.18,9340.0,7.6,2.0,59.74,13749.0,871.97,741.87,2002
2002-02-11,S&P 500,2098.82,2120.93,2134.09,2093.3,972632382.0,5.08,5.08,5.16,5.1,60.0,17990.0,757.0,1.34,115.09,79.72,954.65,305.32,6330.0,5.64,24.0,88.19,14507.0,1659.36,1371.51,2002
2002-02-12,Dow Jones,4227.86,4203.58,4255.67,4191.61,215015883.0,0.18,4.16,14.2,7.12,72.0,11118.0,3065.0,1.355,134.7,98.74,2070.12,408.08,6330.0,6.66,44.0,8.54,5871.0,1144.78,966.12,2002
2002-02-13,S&P 500,2838.66,2860.6,2881.17,2827.6,473696360.0,2.76,4.49,2.14,8.61,94.0,16317.0,1799.0,1.37,122.19,142.27,1896.75,313.64,7522.0,5.09,47.0,22.91,10241.0,2123.9,1816.57,2002
2002-02-14,NASDAQ,3186.31,3139.12,3233.7,3089.78,475620403.0,-1.23,8.95,2.07,2.36,76.0,2303.0,4556.0,1.33,129.7,115.84,1550.01,380.62,5615.0,7.41,22.0,31.79,1849.0,2117.65,1748.25,2002
2002-02-15,Dow Jones,2731.26,2718.79,2737.58,2703.49,472868956.0,-0.36,7.88,8.56,3.63,105.0,27103.0,3143.0,1.24,123.2,38.1,996.61,373.92,2325.0,7.33,43.0,77.34,1641.0,1167.95,988.55,2002
2002-02-16,S&P 500,1175.6,1188.28,1236.96,1169.23,966337878.0,4.25,1.27,8.34,4.65,108.0,8772.0,4524.0,1.46,111.50999999999999,145.95,972.38,313.43,9397.0,0.31,24.0,48.48,1568.0,1210.55,1009.93,2002
2002-02-18,S&P 500,2782.17,2814.47,2853.11,2739.27,486554767.0,1.2,9.96,8.43,3.97,67.0,16168.0,4635.0,1.36,99.82,68.06,2109.68,184.74,3093.0,6.3,10.0,15.89,10795.0,888.51,705.63,2002
2002-02-19,S&P 500,1836.74,1810.24,1853.69,1776.34,250102324.0,2.24,5.96,7.35,4.12,100.0,16168.0,3726.0,1.27,119.92,104.705,1979.8,449.72,8822.0,0.67,24.0,81.08,5218.0,1228.34,1047.76,2002
2002-02-20,S&P 500,1199.92,1215.15,1222.3,1185.12,551956082.0,1.89,7.86,13.57,6.71,110.0,7406.0,4077.0,1.02,88.79,141.35,1793.21,148.27,4962.0,4.1,10.0,2.15,12506.0,792.65,636.48,2002
2002-02-21,NASDAQ,4374.6,4365.12,4417.49,4337.04,193423023.0,9.61,7.69,2.12,4.48,72.0,27617.0,2076.0,1.18,96.24,96.21,2101.57,323.7,3540.0,8.99,35.0,33.79,9763.0,116.3,98.31,2002
2002-02-22,NASDAQ,4924.77,4934.37,4311.5,4889.03,356641644.0,-4.32,3.5,2.12,9.54,85.0,22239.0,3769.0,1.25,102.305,148.44,1792.355,301.01,2096.0,9.53,37.0,24.35,7635.0,723.72,590.83,2002
2002-02-23,Dow Jones,4172.57,4133.32,4205.509999999999,4096.91,520150681.0,9.26,3.5,10.12,9.54,87.0,22239.0,4292.0,1.32,108.37,42.6,1483.14,419.36,9033.0,7.82,30.0,50.34,7635.0,1966.84,1666.36,2002
2002-02-24,S&P 500,4415.14,4366.83,4443.46,4333.5,334803748.0,3.73,7.24,3.97,5.38,105.0,3488.0,1037.0,0.93,127.16,90.96,1469.15,154.16,1174.0,1.51,23.0,17.29,4162.0,1201.23,1028.3,2002
2002-02-25,S&P 500,1967.91,2008.87,2032.46,1924.37,942637781.0,6.94,5.0,2.61,6.63,88.0,7704.0,1037.0,0.87,114.85,34.29,1441.17,374.92,7628.0,3.75,24.0,49.43,4162.0,1816.14,1524.05,2002
2002-02-26,NASDAQ,4842.51,4819.47,1944.37,4775.96,567753010.0,1.46,5.0,9.0,1.05,118.0,13528.0,4770.0,0.87,103.85,84.97999999999999,1398.5,342.34,966.0,1.83,24.0,42.66,5102.0,1895.55,1601.86,2002
2002-02-27,S&P 500,1787.7,1819.67,1856.28,1758.75,848346825.0,1.81,7.13,5.05,7.11,77.0,22660.0,2250.0,1.01,114.66,135.67,2246.56,380.48,3882.0,6.52,39.0,51.89,7201.0,1797.49,1498.25,2002
2002-02-28,NASDAQ,4805.72,4855.66,4860.05,4784.23,245673670.0,8.19,7.78,5.92,7.22,70.0,9016.0,612.0,0.91,136.96,34.21,1777.1,348.49,9484.0,7.73,37.0,72.79,12252.0,2208.68,1857.01,2002
2002-03-02,Dow Jones,3846.89,3823.41,3891.68,4233.19,574245016.0,-1.42,1.47,10.45,2.59,72.0,18118.0,1616.0,1.11,109.5,32.065,1485.98,470.51,9462.0,8.61,49.0,11.93,10615.0,390.41,331.22,2002
2002-03-03,S&P 500,4924.57,4940.86,4943.75,3682.1499999999996,165666861.0,-2.01,2.92,9.2,9.19,70.0,16986.0,2182.0,1.43,94.18,29.92,2154.14,239.46,4283.0,8.61,34.0,8.36,14274.0,1741.17,1488.56,2002
2002-03-05,NASDAQ,2038.17,2079.75,2115.58,2029.03,739545996.0,-2.01,3.42,8.84,6.71,111.0,5412.0,4592.0,0.94,141.96,63.3,1844.53,418.16,690.0,9.1,14.0,54.68,4126.0,1308.54,1121.03,2002
2002-03-06,S&P 500,2747.98,2748.27,2770.13,2724.47,428184301.0,-0.16,5.68,12.29,0.82,114.0,1246.0,2031.0,0.83,135.0,128.96,1470.16,151.88,7291.0,8.44,38.0,10.08,1788.0,2257.54,1902.08,2002
2002-03-07,S&P 500,3374.24,3403.75,3423.93,3330.64,573448345.0,4.78,5.68,3.06,4.43,54.0,14873.0,1985.0,1.3,106.15,26.38,1228.37,371.89,2324.0,4.6,12.0,71.63,2515.0,1534.01,1299.67,2002
2002-03-09,Dow Jones,3489.37,3537.11,3562.45,3465.53,787969942.0,6.68,3.68,9.52,4.18,113.0,14873.0,3907.0,1.29,109.4,111.47,1017.9399999999999,100.51,5433.0,5.53,41.0,74.87,10832.0,529.82,437.05,2002
2002-03-10,Dow Jones,4207.04,4971.15,4977.48,4918.08,84232828.0,3.46,5.35,14.36,6.23,90.0,12177.0,2846.0,1.27,134.02,58.63,807.51,195.94,6233.0,5.97,24.0,35.86,3651.0,716.78,588.07,2002
2002-03-11,NASDAQ,1760.43,1726.8,1784.26,1707.05,39080363.0,3.46,4.23,3.93,2.49,90.0,26323.0,680.0,0.97,83.07,45.71,1256.75,298.36,4945.0,2.54,8.0,40.17,9216.0,794.25,667.55,2002
2002-03-12,NASDAQ,4170.38,4150.32,4208.56,4141.46,889676059.0,2.76,2.84,14.92,4.46,90.0,3564.0,2312.0,1.15,132.17,143.52,1941.58,231.89,9908.0,4.04,24.0,80.78,9216.0,132.65,116.15,2002
2002-03-13,NASDAQ,4631.6,4591.62,4644.51,4573.44,407991932.0,4.17,9.04,10.38,9.31,117.0,22296.0,2312.0,1.31,127.59,92.01,1944.49,270.76,5004.0,6.2,24.0,26.77,9862.0,311.24,240.12,2002
2002-03-14,NASDAQ,4774.81,4751.98,4798.85,4733.31,173397362.0,5.93,1.85,9.38,5.88,100.0,2219.0,201.0,0.94,84.53,64.82,1910.11,340.51,4998.0,2.06,42.0,38.2,4297.0,290.7,225.0,2002
2002-03-15,NASDAQ,4840.54,4872.14,4921.74,4790.88,201120843.0,0.17,6.81,8.7,5.88,103.0,19086.0,4650.0,1.13,124.49,25.78,2414.9,392.33,2595.0,9.99,24.0,50.34,4466.0,1738.46,1473.48,2002
2002-03-16,Dow Jones,3085.84,3073.67,3120.17,3023.9300000000003,487813508.0,5.05,9.25,2.31,9.07,117.0,22035.0,4388.0,0.88,100.91,61.77,1766.53,160.48,9496.0,2.83,39.0,55.58,4466.0,175.6,140.19,2002
2002-03-17,Dow Jones,4909.23,4868.07,4951.3,4862.33,380151948.0,-1.13,5.39,14.22,9.47,91.0,22035.0,3942.0,1.17,92.41,97.76,1258.54,160.48,8456.0,5.52,40.0,85.16,4466.0,1680.3,1430.19,2002
2002-03-18,NASDAQ,4029.24,4013.46,4049.98,3977.16,381043841.0,-1.13,8.76,14.22,9.01,95.0,6526.0,3063.0,1.2,106.94,86.7,2179.74,354.6,2583.0,5.54,3.0,50.34,10616.0,1680.3,735.15,2002
2002-03-19,S&P 500,1646.69,1694.83,1733.2200000000005,1644.1,633634037.0,5.72,1.25,3.19,0.53,74.0,6526.0,398.0,1.17,94.38,118.49,1461.94,335.38,3701.0,4.51,24.0,61.42,1056.0,1588.23,735.15,2002
2002-03-20,NASDAQ,2907.6,2920.57,2922.6,2906.09,881853414.0,2.82,4.94,3.19,9.37,116.0,14573.0,398.0,1.13,106.89999999999999,128.53,1206.79,394.74,3427.0,2.42,6.0,84.56,8550.0,734.97,637.13,2002
2002-03-21,S&P 500,2448.48,3864.94,3879.47,3859.67,91540747.0,5.25,4.57,2.66,1.81,84.0,8237.0,144.0,1.21,131.94,71.63,1746.47,356.2,2100.0,5.65,24.0,49.44,4120.0,2205.84,1851.63,2002
2002-03-22,NASDAQ,1989.36,3738.01,1999.51,3687.545,419577830.0,-0.96,0.08,9.92,0.88,71.0,22336.0,2643.0,1.5,148.65,33.12,1291.36,232.06,5355.0,0.91,3.0,31.37,4120.0,2064.55,1733.99,2002
2002-03-23,NASDAQ,3562.46,3611.08,3631.18,3515.42,487813508.0,3.98,4.43,9.98,1.03,58.0,7684.0,3959.0,1.24,117.39,122.9,1473.47,299.69,4672.0,3.87,24.0,99.66,13333.0,1971.38,1661.64,2002
2002-03-24,Dow Jones,3666.4,3698.48,3740.77,3656.7,552765197.0,1.66,3.69,8.5,3.81,73.0,7684.0,3959.0,1.33,86.24,135.135,1978.37,453.9,6996.0,2.24,43.0,6.58,4715.0,1702.68,1427.27,2002
2002-03-25,S&P 500,1650.8,1628.95,1668.11,1620.87,728694621.0,3.95,6.7,5.99,6.4,72.0,2289.0,4494.0,0.93,97.00999999999999,147.37,2493.11,174.44,5333.0,1.24,43.0,21.12,1555.0,1702.68,875.63,2002
2002-03-27,Dow Jones,4086.51,4042.17,4121.98,4016.39,445736241.0,5.73,0.86,8.71,0.74,86.0,15075.0,3255.0,0.81,107.78,62.78,1270.02,436.69,8223.0,7.0,44.0,29.8,11673.0,1695.02,1433.28,2002
2002-03-28,Dow Jones,2995.58,2957.62,3024.89,2929.13,735032618.0,7.09,3.27,2.25,5.03,94.0,28433.0,3231.0,0.82,111.9,75.7,953.79,245.68,5928.0,1.69,24.0,82.0,4654.0,729.21,631.76,2002
2002-03-29,Dow Jones,1048.41,1056.49,1074.35,1037.33,943752431.0,-1.1,3.27,5.67,4.7,64.0,14186.0,387.0,1.03,108.84,50.62,1415.34,264.89,1310.0,9.49,8.0,33.39,9171.0,793.81,662.3,2002
2002-03-31,S&P 500,2428.12,2427.79,2445.23,2412.31,826079326.0,4.92,7.75,13.7,3.16,63.0,29758.0,616.0,1.2,85.12,55.236666666666665,1590.08,459.81,1898.0,9.49,24.0,68.6,11563.0,2045.04,1736.23,2002
2002-04-01,S&P 500,4704.78,4739.07,4743.26,4658.67,457540906.0,5.43,4.43,11.43,2.57,101.0,28073.0,2301.0,1.42,92.64,59.85333333333333,1921.97,365.34,646.0,1.33,12.0,46.91,14063.0,1730.5,1473.58,2002
2002-04-02,NASDAQ,1914.71,1909.3,1964.35,1876.46,667718449.0,5.56,0.27,14.95,2.93,85.0,759.0,4537.0,1.34,105.48,64.47,1670.05,183.51,8333.0,7.28,37.0,52.34,12918.0,861.44,718.99,2002
2002-04-03,NASDAQ,3537.45,3558.31,3564.67,3515.63,609304618.0,5.24,7.1,5.93,3.39,76.0,18802.0,4281.0,1.01,97.18,127.03,2270.98,399.85,8333.0,5.71,17.0,17.85,3573.0,1824.18,1514.31,2002
2002-04-04,Dow Jones,1888.3,1911.49,1915.11,1848.8,388910296.0,0.89,8.85,13.42,6.19,66.0,23388.0,3758.0,1.32,120.09,33.66,1639.89,115.41,7552.0,0.58,45.0,11.68,3093.0,609.06,492.48,2002
2002-04-05,Dow Jones,2286.68,2254.08,2330.61,2213.18,231900419.0,0.92,5.14,9.84,4.98,90.0,22402.0,4386.0,1.18,122.97,38.53,1586.05,258.56,6537.0,0.25,30.0,71.72,3093.0,501.58,426.6,2002
2002-04-06,Dow Jones,4392.17,4378.29,4407.26,4363.77,312639537.0,-1.18,5.81,7.89,3.7,53.0,23487.0,3423.0,1.1966666666666665,117.62,72.54,1326.45,463.91,6537.0,5.33,28.0,84.87,3193.0,825.86,715.62,2002
2002-04-07,NASDAQ,3915.45,3929.18,3961.69,3898.46,487813508.0,-2.65,1.63,4.89,4.06,52.0,14734.0,4176.0,1.2133333333333334,112.27,111.29,2223.94,375.91,1660.0,6.52,1.0,72.22,8526.0,2274.37,1918.49,2002
2002-04-09,NASDAQ,2714.81,2700.96,2734.38,2692.72,626208766.0,-3.6,2.35,13.75,9.74,90.0,15766.0,1269.0,1.23,106.92,67.65,2462.46,472.53,1660.0,4.78,37.0,89.02,11189.0,409.68,327.57,2002
2002-04-11,NASDAQ,2923.56,2973.18,2990.33,2900.86,349489213.0,7.4,9.28,4.28,8.27,107.0,7752.0,3805.0,1.47,116.79,27.88,2466.72,135.43,2666.0,7.34,39.0,89.82,13540.0,1835.23,1565.28,2002
2002-04-12,NASDAQ,3649.74,3647.19,3670.28,3607.13,897745641.0,7.86,5.22,11.05,7.23,88.0,24114.0,1951.0,0.91,85.92,69.035,2010.33,192.26,7956.0,6.13,24.0,16.81,5612.0,1957.96,1631.33,2002
2002-04-13,NASDAQ,1474.01,1505.62,1541.64,1435.43,424904252.0,8.6,1.92,14.7,0.55,56.0,599.0,2809.0,1.26,80.65,110.19,1756.51,300.0,7119.0,3.52,24.0,73.16,2611.0,178.82,1631.33,2002
2002-04-14,Dow Jones,2155.54,2148.75,2181.12,2514.66,103308789.0,1.13,2.66,11.75,9.94,85.0,4405.0,4107.0,1.13,94.345,43.93,1092.99,105.54,1867.0,1.32,0.0,75.39,2688.0,748.45,596.89,2002
2002-04-15,Dow Jones,2591.35,2620.99,2668.17,3593.8899999999994,645887396.0,7.7,3.84,5.7,7.69,69.0,15590.0,2721.0,1.07,108.04,47.65,2104.01,349.84,1420.0,6.48,36.0,15.48,6049.0,459.09,393.6,2002
2002-04-16,Dow Jones,4678.12,4687.66,4689.75,4673.12,619709839.0,-2.63,6.23,7.46,6.98,78.0,2842.0,2278.0,1.36,100.16,31.29,2076.655,362.9,4044.0,7.69,24.0,90.97,2176.0,2215.68,1871.8,2002
2002-04-17,Dow Jones,4973.02,5011.68,5036.83,4943.59,322271257.0,-4.68,4.4,7.0,4.35,117.0,8591.0,938.0,1.37,111.3,67.38,2232.08,378.58,5511.0,1.9,29.0,0.98,10472.0,1071.0,910.85,2002
2002-04-18,NASDAQ,1179.65,4174.42,1208.86,1131.82,191069094.0,6.77,3.92,13.08,5.77,115.0,20117.0,938.0,1.3,85.07,127.24,1586.17,322.29,7251.0,4.95,1.0,43.52,10038.0,966.19,793.02,2002
2002-04-19,S&P 500,4044.03,3337.16,4100.47,4039.36,723373906.0,-3.88,5.65,12.03,2.91,96.0,5524.0,1322.0,0.86,107.44,128.73,2317.12,280.95,6008.0,3.97,35.0,2.25,633.0,315.2,265.25,2002
2002-04-20,NASDAQ,2486.9,2499.9,2502.36,2478.27,887902701.0,9.83,2.42,9.66,0.84,72.0,11941.0,2143.0,1.04,102.03,76.75,2021.75,442.22,8574.0,2.06,23.0,52.38,3860.0,752.78,647.48,2002
2002-04-21,Unknown,2569.83,2561.57,2598.5,2560.96,618799566.0,5.12,0.79,5.57,8.44,55.0,14255.0,1533.0,0.83,136.01,24.77,1090.91,406.93,4792.0,2.45,11.0,41.27,2795.0,2317.3,1933.28,2002
2002-04-22,Dow Jones,4017.06,3981.49,4059.74,3951.81,588235359.0,6.3,0.79,14.19,9.02,67.0,17211.0,1533.0,1.04,92.24,149.15,1151.74,344.94,6462.0,2.38,4.0,62.34,14294.0,155.74,132.02,2002
2002-04-23,NASDAQ,4673.71,4633.07,4685.81,4588.73,15508208.0,-1.31,2.51,10.49,2.04,102.0,10043.0,1047.0,1.25,132.94,141.3,2184.25,118.41,7144.0,4.19,14.0,76.67,6325.0,1262.81,1045.6,2002
2002-04-24,Dow Jones,4803.71,4755.38,4847.52,4721.85,728853972.0,5.11,0.92,14.62,7.98,71.0,27887.0,260.0,1.16,115.03,133.45,1523.68,377.57,6104.0,3.9,41.0,76.88,11215.0,2237.06,1885.59,2002
2002-04-25,NASDAQ,3308.49,3345.84,3346.79,3259.39,596470400.0,-4.35,3.36,14.62,7.54,117.0,2789.0,4659.0,1.1749999999999998,85.73,137.66,1223.32,323.26,3910.0,3.9,48.0,72.25,7251.0,2257.63,1897.01,2002
2002-04-27,S&P 500,4150.2,4121.35,4196.86,2611.35,735697498.0,-2.46,7.16,12.57,4.51,117.0,11854.0,2727.0,1.19,131.39,26.64,1074.34,224.56,926.0,5.81,6.0,41.8,9867.0,1450.14,1222.93,2002
2002-04-28,S&P 500,2004.01,2027.61,2060.47,1963.31,487813508.0,5.46,6.11,6.39,4.52,80.0,11791.0,2635.0,1.16,98.21,45.035,2315.95,410.79,4103.0,0.22,1.0,81.61,9406.0,768.24,654.41,2002
2002-04-29,S&P 500,3256.3,2163.3766666666666,3278.25,3222.59,475296110.0,-1.63,8.53,6.39,4.52,92.0,29630.0,2372.0,1.06,120.72,63.43,921.62,267.17,4103.0,2.57,2.0,65.46,11003.0,1094.43,937.73,2002
2002-04-30,NASDAQ,2434.31,2434.91,2437.15,2385.63,526559262.0,-3.97,2.82,2.29,8.46,66.0,28778.0,2372.0,1.11,143.0,53.58,1400.51,457.79,8855.0,5.02,3.0,68.13,8001.0,1455.34,1252.95,2002
2002-05-01,S&P 500,3626.52,3592.77,3672.53,3578.37,138496843.0,2.22,8.85,11.99,1.4,100.0,18292.0,4904.0,0.88,145.16,43.73,1746.78,141.6,4697.0,6.87,47.0,22.77,5295.0,1500.87,1259.26,2002
2002-05-02,NASDAQ,1961.6,2007.57,2031.08,1917.13,487813508.0,-2.46,3.99,14.55,5.85,115.0,10202.0,260.0,1.38,131.18,92.7,2285.2,293.82,7776.0,7.71,15.0,32.57,13646.0,1143.94,964.19,2002
2002-05-03,S&P 500,1766.37,1801.53,1802.98,1722.33,692239923.0,5.94,4.01,14.55,7.74,73.0,719.0,1884.0,1.42,130.94,33.58,2128.63,182.3,8945.0,0.36,24.0,95.59,1776.0,1414.16,1194.81,2002
2002-05-04,S&P 500,1646.6499999999999,4709.34,4743.83,4635.08,838648449.0,-1.44,4.05,10.43,7.97,64.0,6907.0,2044.0,1.34,99.42,126.81,838.12,281.39,3230.0,5.37,21.0,84.71,2635.0,1547.68,1314.66,2002
2002-05-05,NASDAQ,1407.21,1397.89,1431.3,1369.72,439317188.0,0.14,0.98,9.31,1.91,77.0,10860.0,3282.0,1.21,149.28,49.55,2202.92,281.39,1180.0,3.54,2.0,16.58,14869.0,594.01,512.29,2002
2002-05-06,NASDAQ,1645.31,3050.07,3056.29,3017.83,492014024.0,3.51,9.75,11.9,5.49,52.0,15905.0,4074.0,1.2,97.04,91.41,1884.8,421.37,9947.0,6.95,48.0,54.51,6672.0,1677.41,1428.98,2002
2002-05-07,S&P 500,1883.41,1847.8,1894.12,1821.2,580621779.0,-0.73,1.39,13.26,8.65,78.0,14091.0,3724.0,1.13,86.26,36.31,1026.69,166.87,3208.0,2.84,16.0,49.1,10215.0,927.72,784.92,2002
2002-05-09,S&P 500,1144.08,1096.08,1172.79,1056.47,87030204.0,7.23,3.19,12.61,4.54,103.0,3739.0,866.0,1.07,90.7,41.58,2190.42,262.59,8758.0,6.02,6.0,47.11,4772.0,1888.91,1577.65,2002
2002-05-10,NASDAQ,1700.89,1709.55,1740.65,1662.98,941653525.0,-2.31,0.75,6.06,8.14,107.0,29606.0,2127.0,1.49,116.51,46.85,1823.59,307.23,4995.0,7.9,29.0,64.32,13566.0,1857.83,1577.65,2002
2002-05-11,Dow Jones,4467.08,4462.62,4492.37,4417.09,490280839.0,2.76,1.52,4.97,1.35,94.0,18153.0,4106.0,0.9,112.78,113.05,2498.55,385.76,3634.0,7.9,7.0,96.72,3898.0,1081.69,910.9,2002
2002-05-12,Dow Jones,2129.91,2131.71,2172.57,2129.17,101580449.0,-0.07,0.45,7.6,8.67,99.0,8042.0,284.0,1.18,139.37,30.78,1661.91,242.84,7968.0,9.09,18.0,87.55,14882.0,851.06,716.43,2002
2002-05-13,Dow Jones,4801.84,2725.235,4844.89,4712.13,265323656.0,1.37,2.92,10.81,3.46,71.0,13067.0,1996.0,1.41,107.77,120.39,1290.77,246.82,2127.0,5.93,6.0,87.53,1997.0,1184.5,1673.95,2002
2002-05-14,Dow Jones,3326.49,3318.76,3357.27,3271.84,440474717.0,1.37,8.67,4.43,0.51,101.0,20701.0,3395.0,1.12,115.15,83.75,919.63,130.72,3792.0,8.94,0.0,70.37,12526.0,2187.25,1673.95,2002
2002-05-15,Dow Jones,2746.46,2768.27,2768.91,2706.99,173299388.0,0.59,3.39,10.84,2.72,102.0,24073.0,2504.0,1.22,83.06,35.62,2182.44,320.78,6126.0,1.53,15.0,1.86,5450.0,166.41,128.98,2002
2002-05-16,S&P 500,3320.36,3314.63,3355.12,3308.12,286007631.0,6.85,3.39,7.12,1.35,80.0,7357.0,2639.0,1.38,94.55,91.56,1860.98,266.76,2760.0,0.43,24.0,44.1,10381.0,1112.16,950.83,2002
2002-05-17,Dow Jones,3066.79,3090.01,3110.91,3062.73,389482772.0,-4.41,6.46,12.34,1.38,97.0,567.0,2639.0,1.18,138.31,46.11,1754.11,424.92,6389.0,0.43,24.0,51.16,10575.0,1240.89,1040.25,2002
2002-05-18,Dow Jones,4035.11,4008.41,4063.39,4007.37,438581956.0,-4.41,9.97,2.48,7.08,80.0,10363.0,1721.0,1.1099999999999999,113.49,107.46,2004.97,275.71,2352.0,9.74,30.0,84.26,1592.0,567.78,482.3,2002
2002-05-19,Dow Jones,2129.98,2161.29,2193.74,2098.54,267165750.0,0.73,2.32,10.68,2.53,53.0,25818.0,677.0,1.04,96.17,113.185,1752.87,488.32,2126.0,7.1,24.0,92.29,14009.0,356.86,296.4,2002
2002-05-20,Dow Jones,2412.2,2421.04,2438.55,2380.72,541887196.0,4.71,2.8,10.45,9.38,84.0,25818.0,2261.0,1.31,105.82,118.91,2102.97,168.71,2126.0,7.1,26.0,45.21,6591.0,2154.09,296.4,2002
2002-05-21,NASDAQ,4576.38,4547.46,4622.23,4498.11,670822510.0,9.49,9.72,10.45,5.41,116.0,22267.0,477.0,0.83,99.96,136.33,1791.98,206.82,9583.0,6.69,9.0,30.12,10537.0,1515.27,296.4,2002
2002-05-22,S&P 500,4785.83,4759.5,4792.53,4739.6,741132708.0,2.66,1.79,11.27,4.87,113.0,2512.0,3948.0,0.91,118.94,105.14,1684.09,256.77,9237.0,0.4,24.0,33.8,7612.0,1312.09,1141.01,2002
2002-05-23,Dow Jones,4570.23,3735.1400000000003,4616.61,4553.63,487813508.0,9.8,5.11,12.35,4.63,58.0,26781.0,1408.0,1.25,83.6,83.93,1029.53,168.17,7625.0,4.71,46.0,57.91,14497.0,1407.46,1194.74,2002
2002-05-24,Dow Jones,2677.79,2710.78,2711.0,2646.57,154495933.0,-0.47,2.4,12.35,7.08,95.0,26522.0,4292.0,1.11,95.75,131.05,1602.11,488.93,8780.0,2.37,13.0,27.57,9703.0,514.87,444.63,2002
2002-05-25,Dow Jones,4121.46,4113.02,4167.69,4071.74,923864661.0,-4.54,9.32,10.78,4.8,105.0,19953.0,941.0,1.38,104.85,136.98,1715.0,356.38,6867.0,0.49,24.0,91.08,3205.0,1381.83,1179.23,2002
2002-05-26,S&P 500,2905.34,2881.17,2910.97,2834.33,72828429.0,-2.52,9.82,5.77,1.72,105.0,24550.0,2271.0,1.04,144.97,121.63,1861.78,356.38,6867.0,2.5,24.0,41.92,7260.0,1980.46,1677.3,2002
2002-05-27,NASDAQ,2990.16,3026.86,3031.5999999999995,2950.0,598413816.0,0.93,8.15,13.31,8.86,75.0,790.0,255.0,1.34,123.63,142.52,1575.02,331.4,9039.0,2.5,21.0,99.01,9597.0,1536.75,1279.97,2002
2002-05-28,S&P 500,1818.72,1835.65,1852.3,1797.39,487813508.0,-0.25,3.15,11.72,4.57,109.0,6812.0,4248.0,0.9,115.3,147.33,1049.29,331.4,9914.0,5.51,25.0,11.04,4568.0,468.5,388.07,2002
2002-05-29,NASDAQ,3364.52,3359.33,3383.2,3327.58,213965847.0,-3.54,4.03,7.52,1.2,97.0,24611.0,1802.0,1.45,93.36,52.67,1055.62,120.52,455.0,0.23,43.0,18.87,9113.0,1949.45,1640.93,2002
2002-05-30,Dow Jones,1744.54,1743.33,1755.26,1700.52,373281577.0,1.49,2.42,11.24,5.53,107.0,4179.0,2735.0,1.09,119.05,43.88,2025.68,331.17,6398.0,4.1,4.0,51.21,6654.0,2015.48,1689.39,2002
2002-05-31,Dow Jones,5815.650000000001,2296.69,2355.52,2272.16,189865083.0,0.07,8.91,13.28,6.65,112.0,20794.0,3485.0,1.0466666666666666,145.03,78.32,1924.46,249.72,6398.0,7.52,37.0,86.84,1336.0,2038.32,1706.26,2002
2002-06-01,S&P 500,4420.12,4432.8,4454.95,4409.29,483117061.0,-3.16,9.15,14.68,3.12,107.0,5151.0,4921.0,1.35,119.64,149.6,1241.15,332.59,9907.0,9.55,15.0,35.46,3448.0,1704.92,906.29,2002
2002-06-02,S&P 500,1828.3,2883.495,1830.01,1805.68,65683707.0,-0.56,4.19,14.38,8.1,52.0,852.0,1513.0,1.46,134.72,31.5,1557.96,201.04,3248.0,8.74,11.0,50.34,7833.0,437.88,368.21,2002
2002-06-03,NASDAQ,3211.575,1334.19,1350.17,1284.62,604510329.0,8.3,4.19,6.23,6.86,56.0,18147.0,144.0,1.44,149.8,112.56,1321.83,366.41,9007.0,0.02,40.0,42.6,12059.0,437.88,1889.41,2002
2002-06-04,NASDAQ,1276.03,1274.05,1316.55,1238.14,823633218.0,-0.47,1.66,7.48,6.68,101.0,18710.0,1786.0,1.3975,137.9425,130.61,1107.74,368.53,4030.0,2.19,43.0,85.31,4416.0,310.94,266.85,2002
2002-06-05,S&P 500,4763.14,4761.73,4797.63,4756.18,487813508.0,5.71,4.35,3.42,4.5,111.0,4878.0,2269.0,1.27,102.37,149.54,1354.48,315.8,7748.0,2.08,41.0,27.82,9925.0,1837.45,1551.81,2002
2002-06-06,NASDAQ,3027.68,3034.27,3755.935,3015.49,333994860.0,4.18,6.31,3.42,9.64,51.0,18489.0,3341.0,1.18,115.24,109.475,1147.305,469.5,4866.0,4.13,16.0,47.24,10914.0,1520.96,1255.73,2002
2002-06-07,S&P 500,2637.65,2679.33,2714.24,2622.76,708879217.0,1.41,3.85,13.47,3.1,82.0,28912.0,2825.0,1.31,98.46,69.41,940.13,463.79,5358.0,6.46,24.0,27.95,13374.0,1947.71,1643.01,2002
2002-06-08,NASDAQ,4243.51,4273.59,4289.14,4215.49,238420545.0,-1.41,3.58,6.69,5.99,61.0,3898.0,1523.0,1.22,82.13,41.64,1657.63,119.01,4596.0,1.53,23.0,21.6,4749.0,1947.71,1814.83,2002
2002-06-09,S&P 500,4343.3,4338.41,4348.28,4318.51,960406350.0,0.54,0.01,10.07,3.44,97.0,21435.0,4114.0,1.13,142.27,147.63,1566.5,215.96,6357.0,9.16,10.0,42.17,2908.0,1349.92,1138.03,2002
2002-06-10,S&P 500,2328.76,2350.63,2364.25,2295.03,599733220.0,3.88,8.04,10.66,3.44,102.0,3506.0,4695.0,1.42,110.02,140.15,2014.83,245.7,8187.0,7.77,17.0,33.54,209.0,1637.12,1361.2,2002
2002-06-11,S&P 500,9436.175,3783.09,3094.465,3771.69,487813508.0,0.26,8.89,12.16,0.95,90.0,3506.0,173.0,1.41,132.7,124.59,1854.52,122.11,6203.0,4.19,35.0,78.74,10536.0,1797.34,1494.17,2002
2002-06-13,NASDAQ,3618.6,3587.83,3643.29,3562.87,915187103.0,-3.25,7.19,5.96,8.2,117.0,6467.0,1660.0,1.29,124.28,27.91,1643.72,109.83,8185.0,5.42,18.0,35.92,11223.0,910.61,766.63,2002
2002-06-15,S&P 500,4503.53,4478.11,4510.53,4463.32,346815999.0,1.6,2.69,6.74,3.74,85.0,2578.0,3232.0,0.84,146.03,73.72,2359.83,101.08,9738.0,8.6,22.0,97.39,1048.0,1652.57,1395.99,2002
2002-06-16,NASDAQ,3156.38,3295.7699999999995,3213.96,3153.03,260981264.0,4.38,2.69,14.78,6.27,70.0,19379.0,1989.0,1.32,116.16,119.53,2468.88,112.77,7288.0,2.0,39.0,91.79,14819.0,462.41,379.26,2002
2002-06-17,NASDAQ,2129.89,2113.43,2158.82,2068.64,266419745.0,2.36,5.9,12.85,7.17,104.0,2761.0,1989.0,1.25,102.39,32.44,2186.42,433.5,9811.0,6.84,6.0,50.34,552.0,446.6,363.98,2002
2002-06-18,S&P 500,2700.91,2746.14,2749.89,2666.32,557588767.0,8.09,6.81,8.24,2.41,104.0,28840.0,3902.0,1.01,144.5,81.485,1755.58,201.04,4410.0,6.84,46.0,41.29,11815.0,1930.91,1633.79,2002
2002-06-19,Dow Jones,1150.28,1153.59,1200.76,1144.2,59430449.0,3.2,6.82,13.43,2.26,62.0,2237.0,572.0,1.37,84.83,130.53,2377.78,132.49,5363.0,4.59,43.0,31.37,8022.0,2171.04,1816.03,2002
2002-06-20,S&P 500,1511.47,1524.62,1542.87,1508.22,208027054.0,2.21,8.45,6.52,9.6,71.0,3596.0,2317.0,1.38,95.02,117.43,1102.79,259.79,2637.0,6.36,46.0,1.6,8398.0,1876.62,1601.54,2002
2002-06-21,NASDAQ,4062.19,4066.48,4112.11,4013.45,696347891.0,8.87,0.1,12.22,6.1,71.0,8427.0,800.0,1.45,103.89,148.96,1984.04,120.38,5098.0,0.13,24.0,63.22,104.0,1310.41,1119.35,2002
2002-06-22,S&P 500,1000.05,3360.16,1039.08,928.93,740909142.0,5.8,2.2,4.91,4.21,73.0,2944.0,2179.0,1.09,134.75,103.72,1582.8,400.16,8631.0,1.08,24.0,55.36,5363.0,1150.35,1119.35,2002
2002-06-23,Dow Jones,2666.26,2653.84,2704.03,2632.97,316181922.0,5.8,6.66,12.04,8.11,73.0,17220.0,152.0,1.19,143.27,59.4,1046.07,297.66,8403.0,0.91,46.0,63.02,236.0,336.48,297.95,2002
2002-06-24,Unknown,3090.04,3049.95,3120.38,3014.86,667689642.0,-2.33,8.95,7.93,5.49,54.0,19867.0,3087.0,1.105,111.63,91.22,927.86,320.77,3837.0,3.75,49.0,57.64,9084.0,211.34,182.28,2002
2002-06-25,NASDAQ,1218.54,1230.84,4022.295,1180.72,487813508.0,-2.33,6.85,3.4,2.8,99.0,9659.0,238.0,1.02,100.03,97.975,1617.26,401.2,4281.0,3.75,44.0,13.86,3612.0,211.34,221.69,2002
2002-06-26,Dow Jones,4892.31,1581.57,4924.21,4848.0,172507428.0,7.54,4.13,5.55,2.46,111.0,23882.0,1497.0,1.36,104.72,104.73,1206.25,413.78,4556.0,9.96,47.0,69.57,14601.0,1364.07,1147.83,2002
2002-06-27,NASDAQ,1904.5,1932.3,1963.74,1880.61,934279544.0,3.18,4.13,7.23,4.27,104.0,21882.0,2237.0,1.49,125.96,134.59,1225.86,154.5,583.0,2.54,46.0,36.11,14059.0,667.43,556.69,2002
2002-06-28,Dow Jones,2216.79,2188.84,2244.48,2167.35,367005344.0,3.32,7.38,11.74,8.67,75.0,9363.0,2237.0,1.26,91.06,22.98,1623.54,212.11,9172.0,1.36,24.0,51.68,9955.0,262.35,229.92,2002
2002-06-29,Dow Jones,2215.77,2182.23,2265.09,2181.68,453229400.0,4.48,7.41,2.95,1.08,59.0,26379.0,2183.0,1.49,118.32,68.04,2021.22,170.27,3202.0,4.15,24.0,50.34,7332.0,2155.18,1799.77,2002
2002-06-30,S&P 500,1921.67,1912.3,1676.25,1865.97,901822125.0,1.59,6.07,10.57,1.08,59.0,13556.0,3076.0,1.16,121.19,141.59,1078.95,121.62,7627.0,1.46,41.0,2.3,8706.0,1665.66,1395.73,2002
2002-07-01,S&P 500,1005.9,1048.56,1087.41,975.73,337333351.0,5.2,2.91,11.31,1.08,89.0,11362.0,1348.0,0.91,129.55,25.11,2019.85,315.01,267.0,0.25,24.0,87.67,8068.0,966.91,839.82,2002
2002-07-02,NASDAQ,3917.38,3938.42,2982.785,3907.22,803510420.0,-3.37,9.25,10.5,1.66,60.0,11298.0,4749.0,0.92,122.27,87.48,2130.61,315.01,7550.0,5.64,29.0,14.96,11802.0,282.91,260.04,2002
2002-07-03,S&P 500,4867.38,4859.27,4878.16,4813.29,516602221.0,9.42,5.52,11.89,6.48,53.0,8687.0,4935.0,1.31,86.79,65.05,1810.62,161.59,7148.0,8.8,7.0,50.34,6623.0,981.68,813.04,2002
2002-07-05,Dow Jones,3652.19,3610.61,3676.33,3561.15,941762599.0,4.47,2.14,9.63,6.26,88.0,19479.0,285.0,1.26,81.52,41.09,887.61,353.61,8128.0,1.01,20.0,22.21,11957.0,985.73,815.98,2002
2002-07-06,S&P 500,3967.59,4016.05,4041.75,3923.89,309805650.0,-0.26,3.44,14.23,6.26,72.0,3470.0,3542.0,0.91,107.32,104.93,1564.1349999999998,408.84,3391.0,1.47,7.0,41.26,8071.0,1318.08,1839.13,2002
2002-07-07,Dow Jones,4393.7,4410.34,3444.1133333333332,4343.81,502351258.0,-2.59,8.75,9.94,1.47,94.0,3769.0,3293.0,1.49,109.19,148.94,2240.66,107.0,1835.0,4.91,46.0,37.84,9811.0,2084.1,1757.59,2002
2002-07-08,Dow Jones,2690.52,2669.06,2846.4766666666665,2656.83,927311816.0,1.14,0.5,9.95,6.03,91.0,27677.0,1512.0,0.91,88.16,55.25,973.18,310.51,7380.0,3.68,10.0,9.01,8887.0,126.36,100.74,2002
2002-07-09,Dow Jones,2211.72,2220.3,2248.84,2169.61,296075652.0,4.92,5.12,11.57,6.99,91.0,17362.0,3288.0,1.19,80.69,79.99,2066.21,310.51,9840.0,3.68,40.0,42.41,9817.0,2071.92,1745.34,2002
2002-07-10,NASDAQ,2301.18,3058.6850000000004,2327.53,3004.275,605312836.0,4.51,4.82,6.33,6.96,78.0,17727.0,3016.0,1.27,84.98,78.21000000000001,1595.41,496.64,6193.0,4.95,33.0,48.0,14587.0,1571.06,1346.36,2002
2002-07-11,Unknown,9626.225,3897.07,3898.98,3838.94,761908760.0,0.74,7.51,11.11,6.55,65.0,2125.0,1115.0,1.37,84.905,76.43,2328.02,162.77,6193.0,0.2,38.0,2.76,4896.0,1571.06,1082.07,2002
2002-07-13,Dow Jones,1726.46,1741.26,1782.66,1677.49,850929618.0,7.21,2.19,2.14,5.43,109.0,28727.0,4234.0,1.45,84.83,93.41,1998.07,488.01,6607.0,9.01,6.0,9.47,10367.0,1004.25,864.12,2002
2002-07-14,NASDAQ,2483.76,2458.31,2491.64,2443.51,839784669.0,-4.61,9.26,13.31,5.43,53.0,27193.0,4361.0,1.14,97.95,53.38,2058.2,185.24,9603.0,5.12,3.0,89.26,7327.0,373.62,305.98,2002
2002-07-15,NASDAQ,4607.76,4629.52,4659.24,4564.22,595758115.0,1.76,5.72,4.84,7.06,65.0,25580.0,2035.0,1.18,117.02,62.73,1137.86,422.76,4153.0,7.98,24.0,65.05,8385.0,1237.15,1033.71,2002
2002-07-16,S&P 500,4226.77,4254.45,4284.13,4226.56,413327215.0,6.38,1.05,7.93,6.72,90.0,25185.0,1568.0,1.22,131.95,99.29,1068.85,197.22,3226.0,4.02,36.0,5.74,11338.0,2050.1,1731.22,2002
2002-07-17,NASDAQ,4939.43,4956.77,4964.98,4938.38,8115375.0,6.38,1.93,13.08,6.08,90.0,26481.0,4638.0,1.26,108.84,138.1,957.64,130.11,4364.0,6.77,45.0,82.72,2994.0,1990.13,1701.09,2002
2002-07-18,NASDAQ,4016.99,4028.44,4034.61,3993.7,865170639.0,4.77,9.99,12.71,1.98,91.0,21376.0,4526.0,1.16,115.88,94.34,1992.69,117.1,1917.0,1.69,21.0,36.22,12501.0,2018.08,1682.27,2002
2002-07-19,Dow Jones,2572.78,2612.03,2661.03,2560.84,7787839.0,2.75,1.96,12.71,2.5,106.0,3980.0,1458.0,1.31,121.77,108.07,1731.86,479.5,1917.0,7.37,6.0,22.64,13228.0,872.23,744.37,2002
2002-07-20,Dow Jones,3362.55,3320.41,3382.24,3285.92,347615825.0,9.88,6.1,14.23,2.97,77.0,9042.0,1869.0,1.09,107.16499999999999,88.1,947.42,185.16,5120.0,7.87,12.0,25.47,9439.0,295.06,243.83,2002
2002-07-21,Dow Jones,2338.185,3627.15,3655.43,3598.87,654781175.0,-4.18,4.2,7.81,9.24,72.0,26633.0,2861.0,0.8,92.56,33.6,1324.17,216.78,3043.0,0.9,17.0,59.81,9866.0,1146.63,979.43,2002
2002-07-22,Dow Jones,1313.82,1288.65,1322.39,1284.78,65244116.0,2.37,8.86,7.81,7.71,91.0,16360.0,2982.0,0.99,113.35,93.51,1041.99,486.76,6279.0,1.83,41.0,8.25,14338.0,997.45,863.83,2002
2002-07-23,Dow Jones,3177.99,3226.79,3260.17,3169.86,214748510.0,-3.63,7.55,7.08,5.75,61.0,3542.0,1289.0,1.46,124.23,112.15,957.56,362.96,6967.0,1.83,33.0,5.97,14338.0,603.64,517.58,2002
2002-07-24,Dow Jones,3837.28,3826.22,3867.75,3806.82,237429184.0,-2.6,5.97,6.56,2.89,113.0,19720.0,1292.0,1.33,116.38,97.77,1307.91,295.25,4036.0,6.37,12.0,62.79,4208.0,1620.84,517.58,2002
2002-07-25,NASDAQ,1669.29,1692.55,1724.73,1660.01,104558274.0,0.75,0.11,7.61,5.195,107.0,24962.0,2916.0,1.09,111.52,33.57,963.7,274.17,6302.0,6.37,33.0,98.19,4935.0,2076.86,1742.96,2002
2002-07-26,Dow Jones,4122.53,4141.0,4145.4,4082.92,487813508.0,-2.67,8.8,11.66,9.04,100.0,24758.0,3721.0,0.85,148.14,131.09,1242.32,119.43,5710.0,6.37,28.0,48.39,11557.0,1468.92,1250.91,2002
2002-07-27,Dow Jones,3335.09,3306.3,3379.77,3285.5,142027096.0,9.46,4.45,8.52,8.98,78.0,7064.0,4956.0,1.05,135.47,90.885,1739.62,435.58,3842.0,7.14,46.0,41.39,2701.0,1483.34,1272.7,2002
2002-07-28,S&P 500,4808.89,4782.79,4828.35,4778.12,815081780.0,2.76,9.32,12.58,1.55,68.0,20512.0,4956.0,1.39,122.8,50.68,1753.54,404.81,9475.0,5.06,4.0,94.73,8200.0,2036.55,1716.24,2002
2002-07-29,NASDAQ,1169.69,1147.82,1185.36,1123.6,939061831.0,0.04,4.96,11.69,8.07,94.0,21901.0,325.0,0.87,110.77,100.04,1085.6,136.28,2957.0,5.75,30.0,24.17,1308.0,2200.94,1853.19,2002
2002-07-30,NASDAQ,2061.3,2052.41,2305.54,2047.87,673948928.0,4.6,6.94,2.27,4.74,103.0,10733.0,2078.0,1.18,132.88,48.34,1124.72,241.38,3996.0,0.08,10.0,24.13,2182.0,2046.48,1715.95,2002
2002-07-31,NASDAQ,3406.22,3379.65,3425.72,3373.2,582035325.0,3.01,0.69,10.19,4.74,115.0,25186.0,4077.0,0.99,115.91,33.23,2253.45,454.16,5587.0,1.67,37.0,90.52,6792.0,185.35,138.04,2002
2002-08-01,Dow Jones,2186.24,2138.21,2229.42,2126.23,897781702.0,7.23,7.45,7.68,7.52,62.0,29380.0,3931.0,1.31,149.69,86.55,1083.79,194.58,5182.0,4.99,46.0,64.73,349.0,806.07,685.66,2002
2002-08-02,Dow Jones,3857.7,3895.64,3942.1,3814.72,480276550.0,4.41,3.38,7.94,7.52,114.0,29380.0,2744.0,0.8,128.02,98.675,877.76,344.49,8635.0,7.46,24.0,5.47,14050.0,1392.84,685.66,2002
2002-08-04,S&P 500,1410.06,1394.22,1453.26,1352.91,784618578.0,6.45,1.19,9.12,1.21,63.0,18085.0,640.0,1.28,108.13,110.8,845.02,427.41,6165.0,7.29,24.0,82.02,14050.0,2230.01,1892.2,2002
2002-08-05,Dow Jones,3055.42,3039.27,3094.5,3022.57,561959114.0,6.2,1.47,13.51,3.53,91.0,11670.0,745.0,1.18,131.12,131.89,812.28,114.42,8926.0,4.86,30.0,27.47,5882.0,1516.01,1279.6,2002
2002-08-06,S&P 500,3035.56,2986.27,2800.9700000000003,2972.65,312373166.0,2.65,1.86,11.27,3.53,97.0,14573.0,4901.0,1.35,138.97,144.64,2474.48,426.46,1337.0,2.81,16.0,38.35,7706.0,1260.25,1279.6,2002
2002-08-07,NASDAQ,2477.12,2495.15,2507.44,2449.66,791941160.0,8.54,3.28,11.27,3.63,73.0,27548.0,4826.0,0.91,136.94,50.32,1839.6399999999999,154.29,3329.0,2.81,9.0,19.85,3605.0,1374.91,1163.95,2002
2002-08-08,Dow Jones,4731.7,4764.24,4793.09,4695.61,400243952.0,8.63,8.92,11.81,5.27,114.0,11067.0,4386.0,1.17,148.41,98.7,1204.8,106.03,4477.0,0.09,21.0,63.37,11529.0,361.71,1163.95,2002
2002-08-09,S&P 500,4260.27,4274.69,4323.76,4225.02,31780426.0,2.86,8.92,2.5,3.19,66.0,11067.0,1788.0,0.94,114.24,54.69,2055.65,338.2,2277.0,5.98,29.0,66.45,13714.0,467.06,395.23,2002
2002-08-10,S&P 500,3788.84,3754.81,3830.04,3748.23,775363109.0,4.12,7.24,2.35,4.72,87.0,510.0,954.0,0.915,89.8,133.22,1221.9,203.46,5581.0,0.75,28.0,6.95,7887.0,2094.61,1754.38,2002
2002-08-11,Dow Jones,3857.31,3886.32,3886.59,3854.85,445250664.0,9.95,0.83,3.08,3.99,77.0,16111.0,504.0,0.89,125.66,135.74,1473.46,383.71,3023.0,1.45,24.0,67.8,11712.0,297.08,255.57,2002
2002-08-12,NASDAQ,2846.86,2858.49,2886.73,4225.855,271145981.0,-0.52,5.91,7.69,7.49,82.0,16507.0,504.0,0.9,84.95,61.88,1724.66,287.91,6506.0,6.26,42.0,65.88,12515.0,215.61,178.61,2002
2002-08-13,NASDAQ,4683.98,4638.47,4700.94,4596.86,487813508.0,-0.13,4.82,5.06,6.23,73.0,27377.0,2577.0,1.03,148.15,103.89,1974.0300000000002,287.91,5374.0,0.13,20.0,3.61,3841.0,1807.84,1556.84,2002
2002-08-14,NASDAQ,3778.38,3790.63,3806.76,3736.06,552282355.0,-2.26,9.78,14.8,6.71,119.0,10281.0,619.0,1.08,133.1,135.4,2223.4,375.88,1428.0,5.74,21.0,55.58,10279.0,1816.08,1517.78,2002
2002-08-15,S&P 500,3915.92,3896.81,3948.17,3862.89,620207361.0,8.44,8.46,9.05,2.5,53.0,18385.0,3040.0,1.15,148.75,86.09,1670.49,470.77,5467.0,6.38,47.0,61.43,9664.0,1010.88,827.99,2002
2002-08-16,S&P 500,4446.76,4433.63,3050.9449999999997,4385.93,468830979.0,6.17,4.55,10.61,3.59,82.0,25204.0,1507.0,1.21,106.41,113.66,1331.96,429.24,9528.0,7.88,38.0,43.07,3407.0,1045.17,907.5,2002
2002-08-17,S&P 500,2096.29,2123.26,2153.72,2070.74,731603505.0,-3.42,7.75,5.62,0.7,59.0,8405.0,920.0,1.13,81.11,124.11,1479.64,298.04,1533.0,0.68,39.0,90.14,6877.0,1589.47,1329.52,2002
2002-08-18,S&P 500,4228.28,4259.37,4302.03,4182.59,949435803.0,9.73,1.93,6.18,1.53,85.0,4103.0,3774.0,0.83,116.49,133.35,894.9,275.21,1956.0,0.03,47.0,32.9,3982.0,471.42,382.02,2002
2002-08-20,Dow Jones,4571.1900000000005,2426.09,2452.07,2339.01,951768962.0,7.76,0.75,11.08,1.12,53.0,789.0,3935.0,0.84,127.57,142.44,1717.16,393.41,6961.0,2.9,21.0,67.22,9548.0,2133.82,1827.49,2002
2002-08-22,S&P 500,4914.1,4941.28,3696.965,4904.29,886876484.0,2.57,2.26,11.08,9.98,76.0,789.0,3387.0,0.86,132.74,91.08,1589.12,113.01,1595.0,1.85,22.0,98.91,11332.0,649.4,525.81,2002
2002-08-24,Dow Jones,3804.68,3844.43,3877.51,3782.03,790105267.0,3.14,4.9,11.99,8.3,58.0,13936.0,4814.0,1.37,138.04,58.8,1120.16,139.78,2028.0,1.09,25.0,39.61,5225.0,1188.73,1008.86,2002
2002-08-25,Dow Jones,3908.23,3949.01,3978.61,3864.34,54894100.0,5.0,7.51,3.17,5.195,92.0,8105.0,3332.0,1.24,125.56,68.37,896.07,209.09,9330.0,4.03,38.0,46.17,8131.0,1981.54,1670.91,2002
2002-08-26,NASDAQ,3248.29,3207.03,3285.1,3202.03,154015957.0,7.27,5.15,12.1,6.86,73.0,26920.0,524.0,1.15,149.14,125.15,2412.35,333.9,5993.0,8.82,16.0,86.16,2946.0,1123.2,931.4,2002
2002-08-27,NASDAQ,4788.36,4832.01,4860.58,4775.469999999999,977829045.0,0.62,0.86,9.32,6.61,86.0,12327.0,1651.0,1.31,92.5,146.54,1236.83,333.9,7824.0,6.08,2.0,41.52,1327.0,116.61,85.25,2002
2002-08-28,Dow Jones,2985.04,3017.59,3020.93,4558.799999999999,825249508.0,7.73,7.35,10.7,6.61,90.0,19577.0,457.0,1.47,98.095,133.08,2217.09,111.4,1967.0,6.9,16.0,77.24,1631.0,2036.03,1703.16,2002
2002-08-30,Dow Jones,1652.14,1622.23,1681.96,4342.13,546412874.0,-0.94,9.04,7.32,3.5,53.0,29836.0,1694.0,1.06,103.69,140.465,1064.93,286.49,9734.0,9.23,24.0,41.04,4352.0,799.87,676.63,2002
2002-08-31,NASDAQ,2794.96,2797.51,4189.08,4125.46,536601195.0,-4.35,5.72,5.01,1.36,50.0,26446.0,1110.0,1.48,110.19,147.85,2045.3,222.52,4005.0,6.23,18.0,15.58,486.0,1748.91,1448.26,2002
2002-09-01,S&P 500,3937.78,3972.79,3976.77,3906.65,897220629.0,0.47,7.54,14.73,4.37,69.0,13485.0,296.0,1.34,144.8,140.06,1833.31,287.51,5629.0,1.06,38.0,94.97,3780.0,298.44,250.88,2002
2002-09-04,NASDAQ,4355.99,4310.98,4372.43,2926.036666666667,420789173.0,4.8,1.64,8.37,7.37,101.0,17234.0,448.0,1.15,84.16,137.79333333333332,1621.32,202.28,568.0,0.51,14.0,8.32,5429.0,2041.88,1735.36,2002
2002-09-05,NASDAQ,1045.67,1010.66,1081.69,964.81,65311923.0,1.55,0.71,4.86,5.56,113.0,20470.0,3877.0,1.19,111.01,133.26,1480.37,417.98,8932.0,9.12,25.0,92.15,7375.0,119.92,105.52,2002
2002-09-06,Dow Jones,3814.8,3818.56,2993.4700000000003,3791.41,644638204.0,4.78,3.2,8.6,8.89,70.0,22799.0,3877.0,1.26,125.85,25.75,2076.65,368.05,8728.0,3.58,34.0,62.42,7375.0,1576.0,1336.7,2002
2002-09-07,Unknown,4881.03,4888.61,4905.25,4867.28,354740866.0,-4.21,4.74,2.51,4.77,74.0,26477.0,674.0,1.06,98.84,54.59,1767.96,206.5,8265.0,2.98,15.0,96.25,6391.0,1096.54,882.6,2002
2002-09-08,S&P 500,6876.625,2765.17,2802.91,2743.56,476911692.0,-2.3,9.98,13.76,1.92,116.0,27831.0,1919.0,1.35,130.24,134.85,2440.98,259.26,9247.0,4.17,14.0,4.32,2867.0,2105.55,1769.42,2002
2002-09-09,NASDAQ,1939.89,1891.59,1972.32,1891.4,926975643.0,4.4,4.31,12.64,8.46,75.0,6084.0,1030.0,1.44,113.48,70.54,1438.92,147.9,4717.0,4.1,4.0,17.58,2867.0,1554.46,1334.19,2002
2002-09-10,S&P 500,3819.48,3865.52,3897.39,3792.87,328960309.0,4.62,7.26,11.44,3.16,76.0,13465.0,4108.0,1.2,140.07,56.22,872.89,201.25,1785.0,2.38,45.0,38.07,2204.0,800.56,670.71,2002
2002-09-11,S&P 500,4268.51,4222.97,4296.18,4217.61,866708810.0,6.61,6.93,9.93,1.01,101.0,19733.0,4108.0,1.245,91.32,55.45,1801.82,436.46,384.0,0.92,23.0,62.17,8362.0,675.63,587.73,2002
2002-09-12,S&P 500,4568.325000000001,3150.03,3186.29,3130.44,869180618.0,1.04,2.04,9.54,1.7,112.0,21319.0,4108.0,1.29,133.0,68.8,1400.9,276.16,5032.0,1.09,1.0,33.02,8788.0,1535.16,1304.39,2002
2002-09-13,S&P 500,4868.14,4819.54,4902.97,4790.08,939886996.0,5.84,0.59,14.96,6.29,94.0,28288.0,4012.0,0.93,145.28,44.62,1382.55,276.16,5611.0,5.99,35.0,50.34,12647.0,2179.79,1818.75,2002
2002-09-14,NASDAQ,1206.67,1213.36,1232.16,1192.89,102766387.0,5.26,5.46,5.61,6.27,107.0,29282.0,457.0,1.48,131.9,20.44,1759.68,163.9,2584.0,3.97,44.0,16.6,13769.0,957.0,814.8,2002
2002-09-15,S&P 500,3019.18,3062.41,3109.54,3010.42,818586516.0,9.45,7.0,12.14,2.97,87.0,6904.0,4580.0,1.26,108.42,42.44,2367.03,173.32,1262.0,9.02,47.0,60.1,7301.0,1022.12,837.72,2002
2002-09-16,NASDAQ,3873.82,3890.41,3931.31,3835.08,999353798.0,-1.77,9.98,9.56,7.41,84.0,12659.0,353.0,0.85,96.13,134.73,1253.83,476.37,9729.0,4.64,30.0,39.86,1607.0,1248.96,1062.47,2002
2002-09-17,NASDAQ,4450.56,4482.83,4512.21,4403.22,612874576.0,3.28,3.59,14.69,7.85,84.0,13999.0,4094.0,1.17,86.89,29.83,1445.31,436.57,1671.0,5.03,24.0,50.87,5572.0,1009.83,822.34,2002
2002-09-18,Dow Jones,1717.02,1668.35,1729.63,1663.33,258609007.0,4.03,8.96,12.76,9.24,52.0,20811.0,934.0,1.33,124.97,52.662499999999994,2315.12,416.13,4109.0,9.28,11.0,57.01,2852.0,150.19,137.39,2002
2002-09-19,NASDAQ,4200.01,4204.21,4214.4,4192.23,605039565.0,9.98,3.82,14.98,6.06,55.0,23398.0,1290.0,0.99,131.825,98.3275,2321.87,231.84,7963.0,5.02,24.0,6.08,2003.0,1243.33,1112.85,2002
2002-09-20,Dow Jones,3210.83,3206.79,3227.85,3158.79,99598335.0,-1.98,6.89,9.65,7.9,62.0,28505.0,1803.0,0.84,138.68,121.16,1198.8,325.1,4842.0,5.02,20.0,92.41,4092.0,886.31,775.32,2002
2002-09-21,NASDAQ,2586.21,2586.11,2610.04,2584.22,104344224.0,2.85,5.98,4.66,7.65,95.0,24324.0,4991.0,1.1099999999999999,147.25,52.84,2000.76,296.94,489.0,3.63,11.0,78.63,8720.0,1692.38,1424.79,2002
2002-09-22,Unknown,1526.86,1484.08,1541.66,1435.2,594175882.0,0.19,0.53,8.55,2.95,82.0,22700.0,4991.0,1.38,89.51,60.25,1506.45,296.94,489.0,7.1,39.0,44.3,4337.0,265.86,204.81,2002
2002-09-23,NASDAQ,4461.18,4479.62,4505.37,1510.305,650235660.0,2.89,0.78,11.24,3.45,111.0,14610.0,592.0,0.98,106.32,21.86,2391.2,195.85,6649.0,3.92,36.0,54.79,9948.0,787.19,654.56,2002
2002-09-24,Dow Jones,1629.09,1629.41,1637.68,1585.41,379192320.0,-1.52,0.21,12.07,5.05,112.0,15439.0,3509.0,1.3,145.61,137.37,2044.82,478.89,2100.0,5.88,34.0,3.35,13847.0,451.71,381.25,2002
2002-09-25,Dow Jones,2239.15,2265.66,2314.55,2223.78,480024545.0,-4.29,3.71,2.01,0.68,105.0,23476.0,4246.0,1.09,112.95,109.12,1640.4,382.74,7858.0,4.47,21.0,49.84,2401.0,1969.41,1648.47,2002
2002-09-26,S&P 500,2160.18,2158.71,2165.58,2111.78,986317000.0,3.59,7.46,8.57,3.33,88.0,6325.0,3227.0,0.84,117.48,122.25,2189.6,265.48,2604.0,5.29,24.0,42.69,10080.0,1969.41,1634.3,2002
2002-09-27,Dow Jones,4485.66,4450.6,4532.26,4434.749999999999,624358847.0,0.04,1.73,5.06,5.195,109.0,3988.0,2220.0,1.01,132.33,135.38,2496.39,206.54,3625.0,8.27,35.0,37.51,4971.0,1438.01,1244.45,2002
2002-09-28,Dow Jones,3690.81,3705.64,3751.32,3658.09,505246820.0,-2.27,6.06,13.37,5.195,73.0,2395.0,3965.0,1.02,94.74,31.26,1559.97,206.54,9402.0,4.14,7.0,81.55,12703.0,150.83,140.54,2002
2002-09-29,Dow Jones,3595.1549999999997,4153.97,4213.0,4149.97,365454685.0,-0.14,2.89,3.99,1.7,99.0,3408.0,151.0,1.43,148.54,67.89,1434.97,429.17,6242.0,2.3,26.0,18.27,9613.0,1312.62,1137.23,2002
2002-10-01,S&P 500,3499.5,3510.81,3532.61,3460.82,729249772.0,9.26,7.98,5.46,7.44,56.0,3408.0,3102.0,0.95,91.3,85.72,1716.2649999999999,168.75,1376.0,9.38,35.0,52.22,3934.0,521.7,453.29,2002
2002-10-02,Dow Jones,3286.98,3252.7,3318.48,3226.27,340572196.0,3.72,7.75,6.64,8.42,95.0,12074.0,2008.0,1.1,87.77,95.43,1997.56,296.9,7427.0,6.93,6.0,68.75,9482.0,209.22,147.64,2002
2002-10-03,NASDAQ,4331.32,4377.549999999999,4394.58,4284.92,661222766.0,2.76,7.75,14.23,5.69,111.0,10635.0,2008.0,1.48,145.45,58.69,1605.09,296.9,3366.0,3.08,2.0,2.34,3784.0,2197.29,1862.06,2002
2002-10-04,NASDAQ,4624.35,4626.1900000000005,4641.25,4602.910000000001,422739517.0,1.35,2.85,5.13,5.01,50.0,20883.0,2477.0,1.09,127.95,118.52,1364.9,390.16,9692.0,9.63,3.0,54.63,4546.0,2197.29,1590.89,2002
2002-10-05,Dow Jones,1048.63,1005.92,1077.54,962.43,122030790.0,8.55,8.09,3.24,4.15,114.0,5948.0,3494.0,1.04,82.7,72.71,1896.97,489.27,6387.0,3.43,23.0,29.94,10381.0,2275.01,1919.54,2002
2002-10-06,Dow Jones,3696.08,3708.76,3733.67,3673.63,789396685.0,2.25,1.86,2.9,2.33,94.0,28194.0,4436.0,0.88,89.94,36.29,2429.04,312.51,4325.0,9.83,7.0,75.71,12789.0,1568.1,1312.35,2002
2002-10-07,NASDAQ,3445.755,1182.66,1236.32,1133.7,487813508.0,2.25,2.9,8.56,1.89,104.0,9347.0,1725.0,1.33,83.35,116.25,2268.77,392.69,2135.0,1.92,44.0,46.94,4586.0,1158.99,984.06,2002
2002-10-08,NASDAQ,3195.43,3225.8,3240.13,3147.44,150845551.0,2.38,1.84,10.34,8.02,115.0,23176.0,1328.0,1.29,148.19,138.55,1960.0,240.23,5910.0,10.0,12.0,50.34,2535.0,1158.99,909.01,2002
2002-10-09,S&P 500,2150.53,2182.31,2200.66,2134.07,415813438.0,6.0,6.74,6.25,5.195,116.0,9041.0,4486.0,1.25,114.85,67.38,1412.26,339.83,9748.0,0.76,8.0,39.76,13507.0,434.33,362.45,2002
2002-10-10,NASDAQ,2227.11,2275.0,2279.19,2182.81,716678341.0,2.76,6.86,10.97,5.195,103.0,15158.0,1489.0,1.16,112.35,96.65,1858.22,146.13,1452.0,7.13,19.0,82.73,11330.0,1398.53,1188.91,2002
2002-10-11,Unknown,2856.1400000000003,2412.02,2414.63,2369.45,368064865.0,-0.93,6.53,10.97,7.19,112.0,23892.0,1587.0,0.92,146.9,109.42,971.97,425.97,9223.0,7.4,19.0,71.68,1581.0,1460.41,1188.91,2002
2002-10-12,Dow Jones,3485.17,3480.67,3497.84,3470.14,446121231.0,-2.82,4.16,13.15,2.34,103.0,29074.0,1016.0,0.92,115.32,128.1,1707.65,237.73,5741.0,6.8,4.0,82.84,14613.0,171.63,147.56,2002
2002-10-13,NASDAQ,2336.2,2361.55,2365.26,2304.99,110266418.0,4.09,1.0,13.15,5.35,103.0,18027.0,2241.0,1.46,116.24,111.1,2128.07,132.02,3047.0,7.78,45.0,81.26,2901.0,1614.35,1353.26,2002
2002-10-14,S&P 500,3930.8,3894.05,3935.99,3890.42,107846820.0,4.09,9.11,14.81,4.72,103.0,17281.0,810.0,1.42,148.89,94.1,1226.8,496.22,4280.0,4.72,4.0,48.69,8006.0,1457.16,1238.02,2002
2002-10-15,NASDAQ,2618.11,2622.8,2663.45,2576.27,772676643.0,-3.56,5.08,14.17,4.53,116.0,1145.0,1986.0,1.23,87.8,116.25,1652.61,460.72,5064.0,0.54,34.0,36.87,2960.0,384.16,330.9,2002
2002-10-16,Dow Jones,1273.41,1278.03,1279.97,1264.68,428951149.0,-3.56,4.07,6.63,5.65,86.0,13200.0,2316.0,0.8,149.0,45.89,924.57,178.97,6245.0,3.58,0.0,76.54,7554.0,522.84,428.56,2002
2002-10-18,NASDAQ,2143.03,2134.8300000000004,2156.66,2114.82,287334533.0,2.76,1.93,11.7,8.22,108.0,21016.0,2663.0,1.17,113.1,80.37,1395.39,474.69,220.0,3.58,14.0,50.34,12945.0,1458.3,1220.52,2002
2002-10-19,Dow Jones,2731.07,2766.4,2809.98,2702.22,747861191.0,-3.86,1.93,3.74,9.09,69.0,19118.0,4545.0,1.11,97.35499999999999,129.11,1789.75,418.53,1580.0,1.95,16.0,85.9,2585.0,1099.19,930.42,2002
2002-10-22,NASDAQ,1226.34,1185.41,1252.22,1163.44,249032259.0,4.73,2.44,7.91,1.31,115.0,26559.0,500.0,1.26,81.61,50.28,2065.14,197.25,4507.0,7.29,35.0,64.68,7272.0,207.57,157.7,2002
2002-10-23,NASDAQ,2495.68,2471.95,2514.78,2468.93,697643295.0,-0.65,8.93,7.91,3.0,104.0,26559.0,850.0,1.02,95.52,83.215,1355.58,190.82,8080.0,8.53,42.0,88.99,14545.0,623.31,533.51,2002
2002-10-24,NASDAQ,4777.79,4815.27,4843.49,4740.33,543996480.0,7.68,5.31,4.75,4.7,65.0,26559.0,1987.0,1.1400000000000001,110.16,116.15,1682.74,310.27,599.0,0.86,14.0,86.11,9558.0,947.38,805.79,2002
2002-10-25,Dow Jones,3566.94,3529.83,3572.67,3501.57,938848097.0,2.4,5.31,2.35,6.6,117.0,2462.0,3785.0,1.26,127.35,43.26,2151.29,469.6,7152.0,9.26,13.0,55.49,3322.0,1107.88,924.27,2002
2002-10-26,S&P 500,3685.92,3707.92,3757.77,3663.53,47418028.0,2.48,6.89,11.35,5.26,101.0,17693.0,1518.0,1.11,119.33,73.45,1969.35,352.63,6129.0,9.28,26.0,8.9,10858.0,1014.5,852.86,2002
2002-10-27,S&P 500,3529.13,3489.25,3550.41,3473.79,671637832.0,2.76,9.52,2.26,9.08,101.0,6973.0,2703.0,0.9,139.49,127.35,897.02,113.76,4340.0,0.08,24.0,69.69,4509.0,1765.64,1513.59,2002
2002-10-28,Dow Jones,4489.925,1808.28,1825.69,2906.1433333333334,433848446.0,9.21,9.52,14.65,9.43,95.0,28272.0,3871.0,1.16,138.99,30.32,1766.89,324.19,4340.0,5.06,21.0,60.92,4509.0,1864.54,1566.74,2002
2002-10-29,S&P 500,2673.34,2658.9500000000003,2708.85,2642.0200000000004,31091529.0,0.38,8.34,4.88,2.05,90.0,7983.0,2118.0,1.45,121.34,68.61,1439.77,343.38,3074.0,5.87,8.0,21.09,959.0,2197.67,1882.82,2002
2002-10-31,NASDAQ,1405.49,1378.86,1447.15,1351.67,675704817.0,-0.11,1.46,7.65,5.08,115.0,23502.0,1745.0,1.415,99.47,120.24,828.34,376.43,5780.0,6.16,20.0,8.76,4354.0,1064.88,895.51,2002
2002-11-01,NASDAQ,2111.41,2125.33,2148.04,2067.57,828232299.0,-4.54,2.97,2.78,5.08,54.0,16348.0,3587.0,1.38,147.05,104.85,1362.01,217.41,854.0,5.03,24.0,37.37,1100.0,2041.48,1720.41,2002
2002-11-02,S&P 500,2419.745,2078.8500000000004,2141.26,2051.67,222566461.0,-4.69,4.82,8.14,7.96,112.0,9205.0,913.0,0.96,85.38,71.68,1863.4250000000002,157.51,5422.0,5.03,30.0,9.54,2302.0,334.14,293.45,2002
2002-11-03,NASDAQ,2728.08,2749.45,2754.82,2716.17,144137711.0,0.93,6.91,8.72,1.38,112.0,25409.0,4833.0,1.06,107.79,148.95,2364.84,400.02,6190.0,0.96,12.0,91.2,8685.0,977.45,823.87,2002
2002-11-04,Dow Jones,4921.47,4958.84,5001.150000000001,4878.92,497980950.0,9.12,2.43,13.11,8.88,57.0,11204.0,3269.0,1.1,126.26,116.63499999999999,2290.05,178.54,2414.0,2.08,24.0,3.63,3243.0,1829.74,1546.45,2002
2002-11-05,Dow Jones,1270.01,1232.69,1306.8,1204.83,686005061.0,8.07,5.35,11.52,6.87,75.0,29171.0,1123.0,1.04,146.2,84.32,2445.75,145.66,7980.0,7.4,46.0,42.63,748.0,1786.19,1477.69,2002
2002-11-06,Unknown,3074.8,3111.46,3122.05,3064.46,652614935.0,2.67,6.85,3.03,8.81,75.0,21703.0,1609.0,1.2000000000000002,115.11,86.31,1893.9,243.75,2397.0,7.4,24.0,86.19,7918.0,230.79,191.47,2002
2002-11-07,Dow Jones,1717.46,1726.82,1734.08,1686.28,179684536.0,3.48,4.49,4.72,9.95,75.0,16891.0,2138.0,1.36,142.71,95.68166666666667,2171.98,433.1,4634.0,8.3,6.0,25.21,11211.0,1554.23,1310.54,2002
2002-11-09,S&P 500,1453.21,1445.96,1502.01,1403.74,952236820.0,-1.77,8.69,3.51,5.195,54.0,27079.0,2446.0,1.13,117.21,105.05333333333333,1636.47,178.22,486.0,4.14,3.0,12.79,1685.0,2054.7,1713.3,2002
2002-11-10,NASDAQ,2614.4,2580.49,2627.24,2557.83,424603191.0,-4.63,4.71,7.94,2.08,76.0,12951.0,955.0,0.81,102.12,114.425,2217.49,290.1,1585.0,8.68,3.0,40.55,1685.0,1599.67,1348.18,2002
2002-11-11,NASDAQ,3951.54,3971.57,3994.38,3915.22,267163433.0,6.32,9.73,14.8,3.57,117.0,25016.0,1266.0,1.16,106.635,123.79666666666665,2119.48,215.06,2643.0,2.14,23.0,42.92,6821.0,1958.4,1635.93,2002
2002-11-12,Unknown,3818.22,3844.11,3845.61,3813.44,38145438.0,-2.82,0.76,8.69,3.57,78.0,13568.0,2854.0,0.88,111.15,133.16833333333332,2219.565,215.06,4811.0,1.9,41.0,71.84,9250.0,2147.56,1816.97,2002
2002-11-13,S&P 500,2690.91,2651.49,2710.77,2631.69,938542254.0,8.04,0.03,11.64,8.25,78.0,22298.0,1765.0,1.0,113.27,142.54,2319.65,369.96,7228.0,9.85,20.0,23.87,1782.0,426.82,347.82,2002
2002-11-14,Dow Jones,2386.1,2386.71,2415.28,2336.94,436623865.0,4.65,3.81,10.88,3.32,79.0,10820.0,4138.0,1.03,84.53,46.37,2378.87,437.01,6215.0,5.41,44.0,70.21,1365.0,1626.9,1369.61,2002
2002-11-15,NASDAQ,2590.45,2621.91,2669.57,2550.03,334594984.0,-1.56,6.01,10.88,9.77,58.0,26374.0,2072.0,0.86,110.66,148.9,1556.99,181.54,8428.0,1.91,27.0,99.9,13527.0,1289.35,1086.57,2002
2002-11-16,NASDAQ,2057.11,2100.73,2126.57,2049.11,418802559.0,-1.56,6.29,4.8,7.17,50.0,13708.0,3787.0,1.05,85.66,91.77000000000001,1280.8,359.57,2149.0,1.66,37.0,86.44,12659.0,1289.35,1627.82,2002
2002-11-17,Unknown,2494.635,1822.68,1863.64,1807.44,865213213.0,4.41,4.76,11.8,2.15,72.0,19830.0,1216.0,1.15,100.97,34.64,1670.04,409.89,5338.0,8.62,24.0,63.59,5863.0,1527.8,1294.56,2002
2002-11-18,NASDAQ,2932.16,2977.19,3004.55,2915.67,804307447.0,8.51,1.25,13.46,5.02,116.0,22620.0,3468.0,1.1,88.88,138.61,958.21,125.07,5338.0,6.0,24.0,94.0,5524.0,1723.57,1459.74,2002
2002-11-19,S&P 500,2074.14,2077.71,2079.75,2041.62,487813508.0,5.78,1.7,4.23,4.94,81.0,2344.0,4642.0,1.0,103.41,93.4,1715.38,114.73,1243.0,1.15,16.0,99.11,11401.0,362.99,301.21,2002
2002-11-20,Dow Jones,2149.85,2139.27,2165.6,2101.42,420897553.0,0.23,8.52,6.51,4.94,55.0,20495.0,833.0,1.12,95.92,134.26,2472.55,323.7,2937.0,8.87,8.0,57.07,10319.0,2208.32,1847.52,2002
2002-11-21,Unknown,3627.02,3506.3599999999997,3690.62,3589.54,773252578.0,3.81,8.68,14.61,5.59,98.0,15757.0,833.0,1.24,99.96,142.93,1909.6,335.14,2937.0,4.44,45.0,27.44,6938.0,805.94,694.22,2002
2002-11-22,S&P 500,3520.785,4873.45,4921.68,4847.96,599226502.0,-0.34,6.74,12.15,0.8,64.0,8059.0,3021.0,1.3,90.39,107.65,2068.47,257.12,7085.0,9.89,19.0,91.51,7793.0,2080.37,1738.16,2002
2002-11-23,S&P 500,3414.55,3411.74,3457.51,3371.2,56996904.0,9.99,6.64,5.67,7.02,107.0,25068.0,3429.0,1.2,110.77,72.37,1350.24,114.43,2366.0,2.82,4.0,84.44,1839.0,1611.26,1374.61,2002
2002-11-24,S&P 500,1307.92,1306.95,1319.34,1285.1,92541351.0,2.76,5.98,9.33,5.195,102.0,22570.0,4717.0,1.48,114.83,76.39500000000001,2272.65,114.43,6426.0,5.29,34.0,8.55,11448.0,182.79,173.72,2002
2002-11-25,Dow Jones,1302.33,1337.01,1348.02,1296.14,760722584.0,4.22,2.03,7.26,8.01,79.0,19949.0,1806.0,1.46,138.57,80.42,2330.51,356.84,8861.0,1.73,40.0,93.64,13655.0,2269.19,173.72,2002
2002-11-26,Dow Jones,4805.69,4838.879999999999,4848.94,4777.47,694687045.0,1.35,4.28,8.37,8.25,89.0,9794.0,3598.0,0.87,117.72,67.64,930.73,380.75,297.0,4.4,28.0,36.69,12165.0,1807.38,1521.76,2002
2002-11-27,NASDAQ,2189.16,2179.51,2235.28,2131.89,588423680.0,4.27,6.96,6.62,2.69,108.0,1179.0,1224.0,0.98,96.01,52.59,1023.45,297.12,3545.0,1.77,11.0,32.28,248.0,2230.7,1882.35,2002
2002-11-28,Dow Jones,1368.27,1351.6,1410.9,1311.9499999999998,790611373.0,0.12,5.37,5.63,0.96,112.0,7690.0,4817.0,1.41,131.51,77.4,1243.45,310.01,5662.0,3.07,31.0,50.34,2786.0,185.84,170.41,2002
2002-11-29,Dow Jones,3396.18,3395.37,3434.92,3366.43,67958799.0,0.12,0.19,10.77,0.96,97.0,5847.0,4954.0,0.82,100.81,103.56,1996.25,369.07,6603.0,2.7,30.0,32.07,1031.0,848.89,734.23,2002
2002-11-30,NASDAQ,3445.39,3501.88,3521.52,3462.26,823104763.0,0.93,9.54,12.12,9.79,117.0,13225.0,1958.0,1.21,132.95,129.72,1111.72,279.72,5604.0,2.83,30.0,51.65,2123.0,1982.51,1657.66,2002
2002-12-01,Dow Jones,3594.02,3567.85,3619.24,3521.32,575611055.0,8.96,8.45,13.36,4.74,56.0,12061.0,2391.0,1.47,107.1,144.54,1174.14,205.41,7365.0,9.7,0.0,58.02,2123.0,1699.29,1445.21,2002
2002-12-02,S&P 500,2069.61,2099.01,2122.23,2048.19,139947011.0,8.96,2.61,4.02,2.97,96.0,20931.0,2613.0,1.165,111.18,57.78,1449.17,189.19,7571.0,0.38,24.0,42.62,397.0,526.21,440.25,2002
2002-12-03,S&P 500,1060.44,1059.09,1073.11,3421.3950000000004,857291740.0,-3.74,6.16,12.7,2.97,92.0,14071.0,2613.0,0.86,115.26,104.55,1839.78,401.1,9003.0,4.97,4.0,41.32,6164.0,2165.86,1849.76,2002
2002-12-04,NASDAQ,4860.06,4843.46,4885.31,4794.6,440613349.0,8.27,9.23,5.31,3.23,65.0,11515.0,2100.0,1.32,146.89,74.71,2459.73,295.02,9218.0,6.29,35.0,73.76,6314.0,1771.91,1488.81,2002
2002-12-05,NASDAQ,2003.57,1964.25,2005.09,1921.08,394428718.0,-0.97,0.96,7.56,3.62,71.0,11515.0,1897.0,1.06,90.76,44.87,2132.62,349.63,8499.0,6.61,11.0,0.4,4792.0,1359.43,1143.9,2002
2002-12-06,NASDAQ,3704.11,3677.99,3710.7,3661.84,396545051.0,-1.34,5.03,13.72,4.53,112.0,16487.0,2416.0,1.45,145.7,67.69,1749.12,288.44,8499.0,7.55,15.0,94.69,6893.0,1359.43,1203.11,2002
2002-12-07,S&P 500,3826.52,3871.45,3915.78,3803.33,487813508.0,-0.54,4.56,7.91,6.73,95.0,12945.0,2680.0,1.0,119.34,64.49,883.96,427.53,2452.0,7.61,24.0,71.47,6893.0,1023.85,854.53,2002
2002-12-08,Dow Jones,8600.075,3420.54,3477.61,3399.79,367310549.0,3.66,4.1,4.56,3.1,94.0,15703.0,2114.0,1.13,134.45,148.17,1281.295,298.74,2875.0,9.56,20.0,70.75,5171.0,1365.37,1129.78,2002
2002-12-09,S&P 500,2251.63,2218.52,2272.77,2211.07,616684222.0,3.17,8.36,4.08,0.98,90.0,11523.0,2267.0,1.225,145.2875,144.59,1146.94,495.22,9283.0,7.56,32.0,42.25,10914.0,1322.47,1136.18,2002
2002-12-09,Unknown,2251.63,2218.52,2272.77,2211.07,616684222.0,3.17,8.36,4.08,0.98,90.0,11523.0,2267.0,1.32,141.015,144.59,1146.94,495.22,9283.0,7.56,24.0,42.25,10914.0,215.59,175.34,2002
2002-12-10,NASDAQ,2084.39,2080.46,2110.25,2032.57,722973054.0,2.37,3.81,4.08,4.05,74.0,23347.0,3128.0,0.98,136.7425,114.50333333333333,1310.12,197.04,5984.0,8.24,25.0,96.58,12476.0,2163.08,1832.12,2002
2002-12-11,Dow Jones,3390.67,3371.38,3409.17,3351.1600000000003,94772255.0,5.76,0.64,11.91,8.63,99.0,29023.0,2047.0,0.93,132.47,84.41666666666666,1226.46,155.41,5984.0,5.32,24.0,0.13,6320.0,1005.33,835.18,2002
2002-12-12,Dow Jones,4464.38,4417.9,4501.42,4374.13,706631200.0,-0.25,0.66,14.96,5.23,116.0,5821.0,1243.0,0.8,137.53,54.33,1390.66,249.44,5984.0,6.58,24.0,7.74,12258.0,741.15,835.18,2002
2002-12-13,S&P 500,4786.93,4769.24,4826.14,4759.77,605282252.0,6.73,0.43,12.24,9.67,101.0,21100.0,4905.0,1.14,113.43,139.08,905.84,467.46,960.0,4.78,24.0,80.43,10458.0,741.15,1787.4,2002
2002-12-14,NASDAQ,1423.62,1428.03,1466.19,1396.23,561864154.0,-2.37,0.43,13.4,5.28,80.0,10878.0,4331.0,1.45,127.5,122.00333333333334,1780.62,440.93,960.0,2.76,19.0,73.9,7061.0,639.34,541.29,2002
2002-12-15,S&P 500,1619.31,1624.48,1660.61,1618.11,944495569.0,6.74,7.18,11.72,3.12,86.0,25749.0,3248.0,1.0,123.04,87.85,877.78,198.94,1414.0,3.13,46.0,27.21,12670.0,1609.25,1836.26,2002
2002-12-16,Dow Jones,4778.95,4764.61,4789.18,4726.4,772295505.0,4.96,2.04,13.64,2.34,71.0,16579.0,3248.0,0.83,108.5,51.86,1922.99,339.88,4654.0,3.61,24.0,59.52,328.0,1609.25,1836.26,2002
2002-12-17,Unknown,3946.14,4671.57,3963.04,3911.82,997193100.0,5.25,6.46,2.99,7.1,76.0,24618.0,3257.0,1.23,137.46,146.26,2042.36,335.58,1157.0,3.41,35.0,53.25,13547.0,380.47,322.66,2002
2002-12-18,S&P 500,4531.98,4578.53,4602.02,4500.7,871539221.0,2.22,6.87,14.09,5.6,51.0,8006.0,100.0,0.84,93.47,25.43,1626.31,217.36,6986.0,5.33,34.0,52.76,10753.0,1272.51,1069.5,2002
2002-12-19,NASDAQ,1810.53,1798.26,1827.07,1795.67,183411197.0,2.22,2.55,7.15,6.24,71.0,10719.0,176.0,1.15,91.7,42.67,2128.14,194.15,8221.0,2.48,42.0,59.6,8258.0,1510.52,1275.13,2002
2002-12-20,NASDAQ,8375.85,3326.1600000000003,3388.09,3315.61,481374669.0,-3.8,6.01,13.98,7.67,102.0,1956.0,2728.0,1.07,131.55,119.46,2444.56,256.02,4536.0,2.48,32.0,99.37,12510.0,963.79,790.23,2002
2002-12-21,Dow Jones,3535.395,3778.91,3821.03,3775.19,913826506.0,7.77,6.85,2.98,7.4,66.0,543.0,2295.0,1.13,124.62,39.69,1378.09,415.45,9652.0,9.16,4.0,98.74,1834.0,736.39,619.31,2002
2002-12-22,S&P 500,3720.45,3716.23,3727.36,3701.78,487813508.0,-4.17,6.85,11.3,0.91,105.0,7826.0,673.0,0.91,102.24,147.32,1852.14,176.69,9461.0,4.06,3.0,98.17,10369.0,1412.66,1180.73,2002
2002-12-23,S&P 500,2632.61,2658.56,2678.51,2601.24,726595377.0,-2.77,3.37,11.3,8.12,80.0,29987.0,1648.0,1.115,124.46,61.78,1350.34,278.29,7985.0,2.23,7.0,54.91,12405.0,1048.57,898.86,2002
2002-12-24,S&P 500,1061.58,1032.18,1110.58,1003.87,126998293.0,-2.77,6.19,14.96,5.56,92.0,29269.0,285.0,1.32,133.95,139.42,1553.76,292.68,1673.0,3.47,10.0,31.88,10362.0,1177.39,898.86,2002
2002-12-25,Dow Jones,3331.7,3352.63,3363.92,3301.09,555852835.0,6.09,9.78,12.0,4.22,102.0,28685.0,4717.0,1.34,95.19,106.1,835.4,475.65,8611.0,8.77,42.0,56.05,9353.0,415.45,344.97,2002
2002-12-26,Dow Jones,2012.41,1964.52,2043.02,1937.06,451722320.0,-3.86,4.27,6.97,5.61,102.0,10586.0,3942.0,1.36,116.46,102.44,926.39,221.41,7296.0,9.42,49.0,62.31,6239.0,1724.62,1457.04,2002
2002-12-27,NASDAQ,2304.275,2792.91,2822.67,2255.1099999999997,196862194.0,8.81,3.92,9.24,6.32,51.0,28857.0,3592.0,1.33,137.73,84.39,2155.8,107.86,8662.0,9.42,26.0,31.21,12112.0,1057.32,879.55,2002
2002-12-29,Unknown,2596.14,2580.01,2620.53,2573.16,744281933.0,4.09,0.76,4.55,4.47,53.0,28857.0,133.0,1.44,120.02,66.34,1988.56,402.32,1908.0,3.88,44.0,62.24,1484.0,101.17,87.39,2002
2002-12-30,S&P 500,4359.21,2152.335,4400.69,4316.76,777400873.0,2.22,5.53,5.23,3.69,83.0,21454.0,1720.0,0.91,85.5,48.29,2005.07,381.21,7200.0,9.75,19.0,90.36,7809.0,2240.82,1911.26,2002
2002-12-31,S&P 500,4024.525,1724.66,1779.82,1693.84,470485368.0,6.12,3.29,4.89,3.83,116.0,19455.0,1996.0,1.36,138.13,38.79,2493.58,380.3,6327.0,3.24,31.0,23.84,13530.0,1700.64,1434.09,2002
2003-01-01,NASDAQ,3689.84,3714.04,3757.65,3680.51,487813508.0,-0.07,3.29,9.13,1.37,55.0,15392.0,2555.0,1.09,135.73,122.93,1982.51,293.29,1716.0,1.38,47.0,69.79,6017.0,664.96,558.74,2003
2003-01-02,S&P 500,4908.03,4863.259999999999,4922.48,4854.4,579423941.0,2.4,4.66,13.78,2.02,107.0,26491.0,1900.0,0.93,111.94,105.69333333333334,1018.87,107.46,4778.0,2.82,26.0,45.13,7211.0,1315.57,1110.44,2003
2003-01-03,NASDAQ,1407.57,1442.82,1447.13,1363.92,386255537.0,2.76,0.03,13.87,2.04,96.0,8700.0,4732.0,1.46,88.35,71.22,1242.9266666666667,391.97,5078.0,9.64,48.0,13.08,14895.0,1424.8,1214.55,2003
2003-01-04,Dow Jones,1033.28,1003.1,1080.11,2032.64,420382712.0,9.33,4.02,2.71,4.05,54.0,6132.0,2183.0,1.31,126.23,73.2,1691.04,474.61,4000.0,4.16,17.0,31.69,2221.0,187.41,149.47,2003
2003-01-05,NASDAQ,2734.33,2771.77,1239.715,2701.36,399146186.0,8.91,1.06,3.04,9.0,110.0,14200.0,1505.0,1.16,120.11,106.38,2359.56,162.95,970.0,9.34,24.0,5.82,682.0,1899.53,1599.78,2003
2003-01-06,Dow Jones,3363.935,1355.75,1399.32,1335.41,779671335.0,-1.06,0.24,5.19,2.46,105.0,2362.0,3788.0,1.13,144.36,117.675,1973.26,127.17,399.0,1.04,34.0,32.0,12298.0,320.85,256.62,2003
2003-01-07,S&P 500,3993.54,4015.81,4055.41,3980.44,297948169.0,-1.51,8.24,5.32,4.45,84.0,18117.0,2752.0,1.43,99.59,128.97,1681.41,206.08,2369.0,7.66,27.0,6.99,12660.0,1933.5,1622.28,2003
2003-01-08,NASDAQ,4658.19,4640.11,4674.41,4591.14,542333878.0,-0.54,9.16,5.32,3.46,84.0,20009.0,4638.0,1.22,82.26,46.97,1861.16,439.92,9225.0,0.93,24.0,92.55,9795.0,745.41,634.71,2003
2003-01-09,S&P 500,2736.08,2776.67,2812.48,2696.22,240244891.0,1.62,2.08,7.05,7.98,75.0,5211.0,1286.0,0.99,97.83,88.72,1553.88,142.46,4428.0,1.97,33.0,10.26,3496.0,563.86,464.06,2003
2003-01-10,Dow Jones,2736.8450000000003,1997.51,2041.62,1982.42,761356618.0,-0.29,2.08,9.64,0.98,113.0,2957.0,4233.0,1.1,109.95,130.47,1664.29,386.07,4428.0,6.16,24.0,81.75,7629.0,1682.08,1398.37,2003
2003-01-11,Dow Jones,2737.61,2705.46,2752.17,2663.08,678843150.0,0.61,2.78,9.52,2.37,60.0,25085.0,4233.0,1.25,90.88,45.11,2027.99,125.18,173.0,4.34,5.0,50.34,7629.0,856.87,711.33,2003
2003-01-12,Dow Jones,3893.79,3893.09,3901.03,3855.14,366200903.0,4.31,4.94,9.06,2.5,111.0,25085.0,2778.0,1.4,148.58,125.22,1937.03,113.12,7555.0,6.67,49.0,46.82,9239.0,643.87,550.04,2003
2003-01-13,S&P 500,1036.22,994.41,1076.78,979.56,916533267.0,6.44,4.37,6.4,9.93,96.0,13339.0,3894.0,1.46,95.57,112.79,1846.07,456.52,7132.0,9.73,48.0,5.49,10162.0,1442.06,1202.68,2003
2003-01-15,S&P 500,2293.4849999999997,3497.55,3533.42,3443.87,502450170.0,7.22,7.0,6.4,9.93,96.0,13667.0,4702.0,1.28,111.79,86.3,2253.63,339.43,1555.0,1.92,24.0,23.55,14420.0,1454.1,1243.97,2003
2003-01-16,S&P 500,3550.75,3598.4,3645.56,3545.2,711359360.0,-4.52,1.26,6.5,3.09,59.0,8959.0,2326.0,0.85,118.86,50.4,2402.19,168.8,2365.0,6.4,16.0,17.75,14442.0,286.11,222.29,2003
2003-01-17,Dow Jones,1968.09,1955.72,1994.48,1919.58,630381212.0,-4.28,0.53,3.11,2.09,65.0,7657.0,2431.0,1.31,145.29,138.57,2211.42,211.54,7809.0,8.97,25.0,56.72,2875.0,245.85,209.51,2003
2003-01-18,Dow Jones,3856.21,3898.54,3925.54,3842.83,802355159.0,6.84,7.68,5.85,1.68,65.0,12553.0,4123.0,1.19,117.21,80.65,2020.65,119.44,6863.0,7.98,24.0,50.34,12888.0,530.85,421.28,2003
2003-01-19,NASDAQ,1365.57,1370.05,1393.1,1324.57,440876455.0,3.0,6.66,3.79,8.07,99.0,3214.0,4550.0,0.97,101.37,22.73,1596.075,358.15,2948.0,7.98,31.0,73.06,13479.0,1438.69,421.28,2003
2003-01-20,NASDAQ,1797.08,1774.05,1813.37,1724.27,670698146.0,3.67,4.99,8.08,5.21,64.0,21430.0,3468.0,1.26,95.46,142.12,1171.5,374.43,8573.0,7.45,24.0,59.17,7884.0,1438.69,440.48,2003
2003-01-21,S&P 500,4509.88,4530.12,4553.9,4506.05,225741600.0,-4.21,4.68,4.03,6.5,108.0,27717.0,4057.0,0.89,142.44,143.31,1189.02,230.72,813.0,2.08,31.0,50.34,2577.0,1176.39,995.39,2003
2003-01-22,Dow Jones,4232.385,3970.78,4000.92,3931.24,16246163.0,-1.17,4.97,4.03,3.65,119.0,7864.0,587.0,1.03,149.07,66.19,1617.73,235.37,7565.0,0.14,40.0,5.93,6790.0,1067.02,916.93,2003
2003-01-23,Unknown,1054.98,1103.89,1153.19,1014.88,475550712.0,4.58,4.37,4.87,5.76,111.0,15756.0,378.0,1.08,97.63,21.3,812.69,351.59,7565.0,5.7,18.0,23.57,6272.0,1652.02,1397.43,2003
2003-01-24,Dow Jones,1993.51,1489.365,2040.4,1930.56,383321359.0,7.89,3.93,11.6,2.95,111.0,24103.0,2691.0,1.34,130.54,91.83,2440.62,478.27,5536.0,8.13,1.0,50.34,6272.0,1895.92,1601.52,2003
2003-01-25,NASDAQ,1857.63,1874.84,1917.95,1819.63,74650760.0,8.75,5.0,2.36,3.43,99.0,12498.0,749.0,1.02,115.4,64.005,854.83,257.88,8027.0,4.33,34.0,88.05,7898.0,1716.16,1458.65,2003
2003-01-26,NASDAQ,2083.23,2038.43,2127.69,2020.98,94366238.0,2.51,5.29,9.21,6.7,103.0,24520.0,3078.0,0.83,128.9,36.18,1813.39,297.44,9229.0,5.69,15.0,81.36,3205.0,134.6,114.03,2003
2003-01-27,Dow Jones,1990.24,1951.6,2013.63,1928.91,487813508.0,3.18,6.92,4.2,1.93,103.0,10083.0,454.0,0.93,147.5,96.77,1401.76,379.31,9229.0,4.22,15.0,50.34,6123.0,200.35,178.57,2003
2003-01-28,Dow Jones,1250.11,1200.5,1282.98,1170.75,78041210.0,7.5,7.11,2.01,5.195,77.0,24425.0,2342.0,1.23,99.33,115.13,975.04,236.93,1875.0,5.14,32.0,57.45,4133.0,1551.09,178.57,2003
2003-01-29,Dow Jones,2835.76,2885.71,2930.46,2787.0600000000004,748548446.0,3.06,3.78,13.3,8.6,77.0,9774.0,4999.0,0.81,131.8,37.51,841.85,447.54,7428.0,8.84,49.0,63.18,11623.0,1551.09,655.12,2003
2003-01-30,NASDAQ,3930.93,3961.16,3980.81,3914.55,443056767.0,2.75,4.14,10.73,1.64,82.0,25369.0,2580.0,1.35,110.66,86.73,1246.11,438.47,9470.0,4.78,23.0,21.44,5057.0,981.95,836.57,2003
2003-01-31,Dow Jones,3426.93,3455.6,3503.69,3380.77,46396735.0,8.58,3.74,3.29,9.03,50.0,12771.0,657.0,1.43,125.68,31.54,981.36,369.71,5376.0,0.07,30.0,59.56,10176.0,1502.08,1267.6,2003
2003-02-02,S&P 500,1324.6,1304.61,1354.65,1255.16,780869462.0,8.64,4.53,9.95,3.81,50.0,8513.0,657.0,1.3,129.58,77.48,1216.09,493.41,3014.0,6.18,24.0,38.51,10176.0,1024.85,872.89,2003
2003-02-03,S&P 500,4805.96,4771.09,4841.45,4737.58,563923205.0,-1.73,4.53,8.15,6.3,104.0,24839.0,657.0,1.12,103.63,54.41,960.02,380.95,7890.0,7.3,24.0,88.78,8741.0,172.86,153.26,2003
2003-02-04,Unknown,4353.97,4332.44,4401.5,4309.26,921068765.0,2.87,4.53,7.45,5.81,94.0,13739.0,657.0,1.02,114.18,130.9,2108.46,357.29,6605.0,9.01,24.0,82.96,13815.0,874.96,758.64,2003
2003-02-05,Dow Jones,3503.0233333333335,4207.96,4232.59,4513.195,60985718.0,7.64,4.53,13.53,1.42,89.0,4705.0,3644.0,0.92,129.62,69.63,2166.895,450.73,4672.0,2.86,36.0,7.77,3161.0,235.04,213.23,2003
2003-02-07,S&P 500,2652.076666666667,4734.81,4760.85,4717.13,897378103.0,6.92,9.71,7.18,9.74,85.0,2654.0,2305.0,1.45,102.97,122.79,2225.33,197.17,8548.0,6.02,18.0,23.08,7876.0,2098.04,1753.48,2003
2003-02-09,S&P 500,1801.13,1752.93,1839.96,1747.23,605875495.0,7.12,9.64,7.18,9.0,63.0,11036.0,2305.0,1.44,85.19,35.48,2166.51,288.41,2535.0,8.46,38.0,94.39,4531.0,2256.51,1879.24,2003
2003-02-10,S&P 500,3467.13,3427.36,3494.74,3409.98,38892713.0,4.18,1.58,13.91,5.79,50.0,4423.0,1132.0,1.48,129.22,21.02,1164.06,306.26,1848.0,6.98,39.0,50.34,10183.0,1488.09,1260.45,2003
2003-02-11,S&P 500,3971.53,3962.58,4004.58,3924.44,393166381.0,-2.1,0.52,13.05,9.39,96.0,10546.0,3383.0,1.19,136.93,59.76,1796.96,431.08,8423.0,7.33,18.0,80.56,9192.0,107.59,91.14,2003
2003-02-12,S&P 500,3951.67,3994.99,4011.14,3502.5550000000003,762025633.0,2.1,5.79,12.37,2.17,70.0,22968.0,3610.0,0.9,91.43,126.07,1694.63,155.79,2774.0,8.08,7.0,28.89,7944.0,150.07,122.7,2003
2003-02-13,Dow Jones,3085.8,3099.54,3123.6,3080.67,377542475.0,5.23,9.83,14.83,2.17,88.0,7762.0,3610.0,1.1,131.34,120.46,1663.92,372.49,2551.0,2.58,25.0,87.33,492.0,1253.08,1053.4,2003
2003-02-14,Dow Jones,1273.83,1304.01,1334.88,1231.22,850564731.0,4.51,4.18,11.06,1.07,52.0,4368.0,885.0,1.28,125.23,133.33,1304.57,221.65,2551.0,7.46,40.0,83.25,2115.0,775.3,664.65,2003
2003-02-15,S&P 500,2410.243333333333,2481.09,2504.7,2451.02,944366139.0,4.51,2.12,11.76,8.89,65.0,4290.0,1933.0,1.11,108.76,96.59333333333333,1157.24,475.61,9094.0,7.74,24.0,52.0,10888.0,2164.46,1829.49,2003
2003-02-16,NASDAQ,4683.07,4669.24,2945.29,4621.2,155343923.0,8.49,5.22,14.78,6.9,117.0,11724.0,1091.0,1.42,91.55,23.12,2018.72,288.17,9104.0,8.42,24.0,70.54,14917.0,2077.94,1743.27,2003
2003-02-17,NASDAQ,3337.8,3298.64,3385.88,3265.13,435683187.0,2.79,6.49,2.09,4.02,75.0,25920.0,4306.0,1.3,146.84,70.12,972.99,348.96,4859.0,4.89,17.0,96.41,12810.0,114.61,123.14,2003
2003-02-18,NASDAQ,3153.33,3190.92,3216.49,3144.57,581804076.0,2.59,3.15,10.24,2.31,103.0,26783.0,1883.0,1.24,119.85,20.77,884.35,360.04,8789.0,5.04,24.0,45.26,12810.0,2085.11,1760.14,2003
2003-02-19,NASDAQ,2813.565,2103.73,2140.43,2051.72,89353774.0,2.59,7.15,11.61,2.31,62.0,18891.0,1284.0,0.85,92.86,51.489999999999995,1448.11,136.4,6143.0,0.98,27.0,49.47,7506.0,1814.66,1557.71,2003
2003-02-20,S&P 500,2473.8,2440.61,2655.69,2408.19,9653210.0,8.83,9.75,13.93,6.23,110.0,1773.0,2561.0,0.92,130.27,82.21,2064.67,440.88,2652.0,8.52,32.0,72.31,3421.0,1595.5,1322.97,2003
2003-02-21,Dow Jones,3069.825,4582.61,3170.95,4579.97,975646265.0,-2.34,8.97,13.49,3.92,69.0,23757.0,1768.0,1.1,122.55,66.8,2276.51,165.69,8443.0,5.33,5.0,38.7,7964.0,2076.71,1322.97,2003
2003-02-22,NASDAQ,3665.85,3664.59,3686.21,3663.84,564274891.0,2.76,2.92,12.95,5.195,76.0,29510.0,2413.0,1.48,137.13,92.61,1718.22,258.97,3383.0,5.94,6.0,96.13,346.0,1280.7,1062.85,2003
2003-02-23,S&P 500,4149.55,4162.06,4182.52,4143.08,487813508.0,7.05,3.27,14.3,8.35,51.0,27180.0,671.0,1.03,149.73,28.6,2227.89,369.03,6523.0,1.21,4.0,4.14,2699.0,1816.2,1544.89,2003
2003-02-24,NASDAQ,2817.38,2862.0,2889.21,2804.8,119723911.0,-1.77,3.72,8.99,3.72,51.0,11659.0,4400.0,1.24,83.14,96.48,843.0,122.09,9641.0,6.02,26.0,40.4,4160.0,267.0,1688.84,2003
2003-02-25,NASDAQ,8802.475,3528.97,3556.14,3499.51,637604879.0,2.91,3.95,2.09,1.35,109.0,12934.0,3838.0,1.49,131.75,28.45,1574.13,332.17,1225.0,0.42,7.0,71.41,6307.0,267.0,1652.79,2003
2003-02-26,S&P 500,1993.53,1997.55,2022.41,1969.16,271530172.0,-1.39,1.0,2.14,9.16,109.0,29917.0,683.0,0.98,149.24,75.08,1026.76,263.97,6626.0,9.23,37.0,43.0,2882.0,1502.6,1272.92,2003
2003-02-27,Dow Jones,3821.84,3776.87,3828.58,3769.97,598919644.0,6.4,7.62,9.08,9.16,64.0,13828.0,2320.0,0.92,117.68,65.81,1790.62,125.54,1497.0,8.64,32.0,26.0,9437.0,1240.64,1047.13,2003
2003-02-28,Dow Jones,2710.41,2666.7,2735.21,2633.03,377051874.0,3.47,3.65,7.66,3.81,96.0,15203.0,407.0,1.18,130.1,49.11,2365.68,125.54,2912.0,1.94,24.0,50.34,9437.0,2001.31,1677.85,2003
2003-03-01,S&P 500,2770.18,2738.91,2778.64,2709.1,415031931.0,7.84,8.8,7.87,2.44,73.0,23736.0,4645.0,1.19,110.88,60.56,812.22,300.53,380.0,1.94,24.0,88.16,1934.0,775.5,655.49,2003
2003-03-02,Unknown,3597.29,3550.54,3603.6,3535.82,487813508.0,8.42,9.27,7.21,9.03,65.0,9904.0,161.0,1.45,104.97,61.083333333333336,1935.98,221.38,6723.0,6.03,36.0,54.75,5344.0,1064.58,880.28,2003
2003-03-03,S&P 500,4745.12,4769.46,4816.09,4744.44,487813508.0,2.76,0.24,13.93,2.57,109.0,8311.0,4670.0,0.82,128.75,61.60666666666667,2146.99,133.73,7860.0,8.03,14.0,33.58,14234.0,1236.69,1050.11,2003
2003-03-04,S&P 500,1256.03,1278.36,1308.61,1252.15,605856652.0,5.88,9.89,6.67,6.55,98.0,10987.0,3888.0,1.09,149.17,30.19,2065.62,318.99,9768.0,7.57,16.0,67.19,3207.0,2140.07,1780.86,2003
2003-03-05,S&P 500,4298.97,4262.58,4331.94,4243.0,596865675.0,3.24,7.1,13.13,8.87,53.0,10889.0,2233.0,1.02,86.42,29.925,833.61,222.39,372.0,9.93,36.0,61.22,4303.0,662.56,549.7,2003
2003-03-06,Dow Jones,2169.53,3568.08,2223.23,2161.83,833190194.0,0.77,5.2,13.13,0.83,115.0,29885.0,2059.0,0.915,109.55,29.66,1095.6,222.39,7724.0,3.51,41.0,56.09,4303.0,1876.96,549.7,2003
2003-03-07,S&P 500,2775.68,2873.58,2821.13,2722.32,921713532.0,4.72,5.2,13.13,8.37,98.0,28360.0,2132.0,0.81,145.84,143.9,960.48,336.61,7606.0,1.25,28.0,39.18,13872.0,1288.24,1084.55,2003
2003-03-09,Dow Jones,2204.18,2179.08,2242.64,2151.72,70254560.0,1.25,3.25,11.89,6.75,115.0,15865.0,2886.0,1.14,125.57,86.71,1496.3400000000001,311.45,7606.0,7.64,24.0,62.11,3059.0,396.35,327.48,2003
2003-03-11,Dow Jones,1224.7,1200.17,1272.7,2542.1499999999996,487813508.0,0.83,0.93,6.27,7.11,51.0,18494.0,1775.0,1.11,106.38,110.4,2032.2,390.7,9398.0,2.36,39.0,42.93,2241.0,659.76,571.17,2003
2003-03-12,Dow Jones,2964.38,2963.28,3005.4,2932.58,358314024.0,1.53,6.21,3.33,2.92,110.0,10110.0,4721.0,1.13,99.36,66.855,1413.28,460.88,5328.0,8.02,44.0,23.48,3914.0,659.76,486.24,2003
2003-03-13,NASDAQ,4708.44,4699.179999999999,4751.14,4656.14,115546552.0,-3.9,2.75,5.44,0.71,64.0,18670.0,133.0,1.43,92.34,23.31,998.98,485.04,7387.0,7.54,5.0,25.02,13766.0,1277.58,486.24,2003
2003-03-14,Dow Jones,1421.57,1470.23,1478.84,1383.91,194994042.0,2.48,0.18,3.7,9.5,109.0,21283.0,4061.0,0.95,116.14,121.2,2021.37,387.16,9767.0,2.03,34.0,78.77,14309.0,1732.87,1457.18,2003
2003-03-16,S&P 500,2638.68,2523.1,2652.96,2584.79,659237940.0,3.83,5.78,5.4,8.33,89.0,20366.0,4061.0,1.19,114.41,97.79,992.06,189.97,5486.0,1.35,38.0,11.02,10654.0,1732.87,634.93,2003
2003-03-17,Dow Jones,3620.69,3575.97,3634.24,3557.7200000000003,515711728.0,0.44,4.27,10.29,2.11,79.0,23430.0,3780.0,1.26,93.72,142.54,2371.42,261.21,9208.0,1.09,33.0,4.68,8281.0,674.42,580.35,2003
2003-03-18,NASDAQ,2040.95,2053.53,2096.3,1996.98,276210216.0,4.2,4.27,14.41,4.23,112.0,10569.0,2785.0,1.05,104.51,91.43,1325.17,295.52,9208.0,3.51,23.0,22.55,8281.0,227.36,188.56,2003
2003-03-19,NASDAQ,1637.97,1593.42,1639.56,1591.46,556221791.0,8.17,8.93,10.91,8.31,73.0,11599.0,1157.0,1.16,149.75,57.12,1913.04,151.35,6739.0,8.87,18.0,48.8,10320.0,508.68,410.06,2003
2003-03-20,NASDAQ,2871.2974999999997,1675.49,1679.29,1592.45,826189157.0,9.33,6.11,14.05,2.46,93.0,16686.0,4601.0,0.96,105.76,43.24,854.37,151.35,4412.0,8.87,24.0,61.76,6625.0,2185.78,1840.48,2003
2003-03-21,NASDAQ,1281.97,1283.16,1296.86,1248.75,126426523.0,3.75,1.16,12.19,8.72,63.0,9071.0,3061.0,0.9,108.89,55.5,1553.17,493.78,4412.0,3.95,42.0,14.45,5990.0,678.76,573.41,2003
2003-03-23,Dow Jones,3656.88,2888.5,3674.63,3654.98,820257558.0,9.54,4.97,7.38,3.98,63.0,11992.0,2727.0,1.44,106.66,67.75999999999999,2307.06,292.8,8952.0,7.13,24.0,7.35,1983.0,166.23,142.49,2003
2003-03-24,NASDAQ,4526.76,4493.84,4566.66,4463.56,321137047.0,5.59,0.6,6.22,6.79,105.0,17577.0,3920.0,1.36,133.44,80.02,1176.29,190.41,3834.0,5.99,31.0,3.87,11838.0,1569.47,1301.22,2003
2003-03-25,NASDAQ,4256.5,4226.27,4284.66,4202.03,834309324.0,0.04,6.07,13.0,3.74,83.0,28652.0,3257.0,0.9,116.09,45.19,2294.52,329.38,7840.0,9.88,20.0,86.35,13809.0,1643.23,1403.83,2003
2003-03-27,NASDAQ,1441.73,1451.08,1472.55,1427.83,441805045.0,-2.85,7.49,7.87,7.47,105.0,29221.0,3862.0,0.87,118.96,144.61,2248.8,177.24,769.0,1.02,45.0,78.13,8270.0,1431.78,1201.82,2003
2003-03-28,S&P 500,2156.75,2127.76,2013.4066666666668,2083.24,487813508.0,-2.48,2.03,2.12,3.44,110.0,26523.0,2231.0,1.01,87.38,105.93,2039.69,137.5,6223.0,7.28,24.0,18.27,3798.0,1199.16,1011.0,2003
2003-03-29,NASDAQ,2239.23,2200.86,2554.2633333333333,2173.36,487813508.0,-4.32,8.62,12.3,2.41,110.0,11082.0,706.0,1.37,103.25,67.25,1398.49,238.34,1745.0,2.57,28.0,32.28,11515.0,600.39,509.61,2003
2003-03-31,S&P 500,3060.02,3012.22,3095.12,3008.59,489322582.0,3.11,9.47,2.13,8.15,69.0,18639.0,2399.0,0.93,118.36,91.93666666666667,1624.97,163.73,3541.0,0.19,0.0,65.84,4165.0,1011.48,840.77,2003
2003-04-01,S&P 500,2743.7799999999997,3172.49,3208.53,3106.51,683841841.0,5.5,0.72,2.13,5.23,91.0,7533.0,4016.0,1.08,127.25,141.31,1340.08,180.17,1019.0,2.38,48.0,53.53,2658.0,1931.56,1619.3,2003
2003-04-02,Unknown,2427.54,2456.34,2492.76,2392.4,275099565.0,7.42,4.86,8.73,5.5,91.0,24577.0,4016.0,0.89,105.21,39.44,1275.47,256.46,7482.0,4.99,3.0,55.19,14907.0,1095.57,900.63,2003
2003-04-03,Dow Jones,2415.16,2394.88,2415.16,2364.18,856741034.0,6.87,5.97,10.91,7.11,117.0,28160.0,1433.0,1.13,93.56,98.1,2396.41,295.81,5526.0,0.79,24.0,15.78,13673.0,131.23,116.67,2003
2003-04-04,S&P 500,4314.22,4277.78,4361.92,4252.27,596812493.0,8.24,2.48,13.89,5.34,80.0,26955.0,4108.0,1.27,138.09,100.19999999999999,1895.62,404.91,2212.0,3.44,22.0,47.53,860.0,731.04,630.86,2003
2003-04-05,S&P 500,4157.17,4121.73,4197.88,4100.04,8875728.0,9.51,7.71,9.04,4.46,119.0,27885.0,2573.0,1.06,106.34,102.3,1394.83,326.65,4051.0,4.97,27.0,82.4,8993.0,1020.84,879.73,2003
2003-04-06,Dow Jones,2231.18,2250.92,2296.12,2201.52,139447639.0,1.59,6.27,9.04,9.95,96.0,1347.0,3657.0,0.92,125.85,130.78,1232.09,347.08,511.0,4.47,42.0,51.0,13890.0,1020.84,1574.34,2003
2003-04-07,NASDAQ,4655.15,4669.43,4670.21,4643.48,76559156.0,9.26,0.18,5.78,1.9,100.0,11663.0,3833.0,1.12,106.69,57.25,1159.75,378.48,7519.0,4.47,24.0,20.05,6747.0,1874.45,1590.21,2003
2003-04-08,S&P 500,4811.26,4839.530000000001,4886.22,3460.505,80072697.0,9.26,6.08,5.97,6.13,107.0,20945.0,2186.0,1.33,144.91,30.22,1074.205,280.39,5367.0,8.79,11.0,50.34,6747.0,167.63,137.52,2003
2003-04-09,Dow Jones,2306.97,2350.72,2391.21,2277.53,78359806.0,-3.94,4.91,5.97,8.92,71.0,18079.0,3450.0,0.85,149.44,46.54,988.66,237.25,3399.0,5.05,18.0,75.51,2403.0,1033.92,880.99,2003
2003-04-10,NASDAQ,2417.7,2436.89,2478.75,2339.835,35092321.0,5.23,1.96,7.84,7.03,73.0,10204.0,475.0,0.85,137.435,77.08,1624.05,420.17,2958.0,9.41,24.0,13.59,14727.0,489.67,823.03,2003
2003-04-12,NASDAQ,4764.48,4738.82,4801.42,4698.54,507201199.0,8.59,8.97,3.23,3.7,112.0,22362.0,3810.0,1.09,138.86,142.45,819.57,161.59,2958.0,2.8,33.0,96.53,13552.0,1693.34,1578.27,2003
2003-04-13,Dow Jones,4505.28,4539.5,4587.5,4497.2,568957717.0,0.59,2.93,8.15,3.08,109.0,6832.0,2188.0,0.95,116.14,22.09,1850.72,481.35,6414.0,2.8,29.0,38.09,3826.0,1954.28,1651.96,2003
2003-04-14,S&P 500,1410.27,1381.2,1444.2,1366.56,159871177.0,3.77,5.41,8.04,8.59,68.0,25038.0,1793.0,0.82,140.87,25.759999999999998,950.41,471.97,853.0,2.83,42.0,4.46,9604.0,1529.92,1295.28,2003
2003-04-15,NASDAQ,2570.92,2528.17,2599.45,2494.19,487813508.0,-4.82,3.17,10.49,4.24,73.0,6148.0,3655.0,0.95,108.91,29.43,2236.86,448.35,1586.0,3.47,24.0,63.35,5052.0,2068.83,1776.25,2003
2003-04-16,S&P 500,8033.7,3233.81,3281.09,3197.71,362908423.0,-0.02,7.75,8.12,7.24,113.0,20204.0,4380.0,1.1,82.23,30.13,981.44,269.06,9732.0,9.01,24.0,4.81,8435.0,1754.37,1490.76,2003
2003-04-17,NASDAQ,4904.575,3002.78,3034.68,2963.15,930765780.0,-4.07,7.75,3.87,1.9,69.0,19341.0,171.0,0.86,144.86,105.04,1722.54,436.87,3471.0,5.39,5.0,19.24,12472.0,1919.28,1608.0,2003
2003-04-18,Dow Jones,1775.45,1817.45,1847.41,1768.93,564712420.0,2.83,3.59,8.6,7.68,76.0,28538.0,1874.0,1.3,130.51,138.16,1948.36,351.22,5372.0,3.35,24.0,4.93,2839.0,1919.28,1647.52,2003
2003-04-19,Dow Jones,2741.605,4450.3,2800.905,4397.14,494535065.0,7.26,8.06,13.79,5.72,76.0,3950.0,673.0,1.19,115.75,57.4,1189.56,182.16,7558.0,7.77,11.0,17.15,12488.0,859.94,745.28,2003
2003-04-20,S&P 500,3707.76,3666.8,3754.4,3663.38,604964940.0,-1.9,4.98,4.07,5.72,93.0,8918.0,4764.0,1.1,146.14,55.01,2310.05,409.95,2306.0,0.71,22.0,85.51,12488.0,2025.91,1728.44,2003
2003-04-23,S&P 500,3993.42,3977.14,4027.77,3948.07,199767262.0,-3.19,5.1,11.73,0.61,103.0,13000.0,252.0,1.5,123.71,75.41666666666667,2331.92,451.32,2306.0,1.77,27.0,89.72,6021.0,2025.91,1229.99,2003
2003-04-24,NASDAQ,2756.84,2747.07,2796.44,2729.48,210705348.0,2.66,4.67,3.96,6.56,88.0,16205.0,828.0,1.34,117.67,95.82333333333334,2259.18,451.32,3870.0,0.62,39.0,66.55,2274.0,1365.34,1156.04,2003
2003-04-25,NASDAQ,3442.19,3397.31,3471.34,3385.68,939185119.0,-3.81,6.72,14.24,5.65,56.0,918.0,2379.0,1.18,134.35,116.23,2006.37,445.75,7668.0,9.02,33.0,44.83,7200.0,2139.07,1797.51,2003
2003-04-26,NASDAQ,1641.46,1641.11,1686.91,1610.27,862948687.0,3.81,2.61,10.07,2.59,103.0,16622.0,1652.0,1.34,101.05,103.53,1293.82,443.81,1191.0,0.48,47.0,6.93,11314.0,2213.79,1856.58,2003
2003-04-27,Dow Jones,3694.58,3656.91,3741.68,3631.46,183150126.0,-4.53,3.25,13.01,7.65,92.0,26951.0,3763.0,1.13,80.57,90.83,1463.35,321.69,8099.0,5.16,33.0,73.1,7116.0,877.15,726.32,2003
2003-04-28,S&P 500,1717.01,1707.11,1720.23,1657.53,496597256.0,-3.4,9.32,5.21,3.38,69.0,3655.0,3667.0,1.02,92.98,44.81,1972.55,346.77,9702.0,2.25,20.0,37.62,8057.0,877.15,109.08,2003
2003-04-29,S&P 500,3775.8,3760.87,3795.92,3711.71,487813508.0,3.25,6.79,11.61,3.13,74.0,9610.0,4371.0,0.98,94.77,38.98,1114.98,479.55,9702.0,3.84,35.0,30.35,12694.0,1742.38,1461.63,2003
2003-04-30,Dow Jones,1918.39,1945.67,1946.84,1886.64,415007231.0,3.87,8.27,12.15,4.98,92.0,24248.0,4444.0,1.08,100.4,141.59,1641.69,151.74,6453.0,4.94,27.0,28.9,14695.0,1742.38,1151.14,2003
2003-05-01,NASDAQ,1470.21,1500.53,1517.0,1448.07,849251894.0,-4.57,2.71,7.17,6.92,76.0,29948.0,3206.0,0.8,105.93,91.14,2054.13,422.5,9954.0,4.5,24.0,0.87,12128.0,884.4,731.53,2003
2003-05-02,Unknown,1661.14,1626.48,1687.98,1204.29,641332203.0,3.6,5.44,6.99,9.32,74.0,29130.0,3206.0,0.92,129.46,107.14500000000001,1918.11,310.51,977.0,7.48,24.0,74.29,2324.0,2002.86,1690.74,2003
2003-05-03,Dow Jones,1007.97,994.63,1053.51,960.51,970776935.0,7.58,9.71,10.55,1.84,85.0,20702.0,1099.0,0.89,85.2,123.15,2023.89,491.36,6200.0,9.12,28.0,14.62,8018.0,475.12,410.14,2003
2003-05-04,Dow Jones,3874.96,3862.3,3917.29,3857.22,959385132.0,5.83,3.19,3.21,4.27,115.0,12963.0,1234.0,1.47,114.06,108.87333333333333,2316.26,355.69,6612.0,3.0,25.0,52.11,9018.0,475.12,1590.38,2003
2003-05-05,S&P 500,3929.6,3894.74,3935.97,3456.595,487813508.0,-3.03,1.6,11.56,1.14,58.0,3131.0,4842.0,0.85,114.91,94.59666666666666,2446.09,165.02,6612.0,0.25,12.0,1.71,3376.0,1512.99,1291.29,2003
2003-05-06,Dow Jones,3059.73,3089.58,3094.23,3055.97,125989773.0,3.89,5.11,2.56,7.71,102.0,20558.0,3245.0,1.15,123.11,80.32,1579.25,426.2,3731.0,8.94,33.0,62.83,3376.0,1122.65,924.67,2003
2003-05-08,Unknown,1334.22,1303.26,1360.83,1293.47,100212330.0,-4.44,1.6,10.63,7.22,99.0,5130.0,453.0,1.23,98.19,113.895,2218.4,159.57,5547.0,4.33,24.0,63.11,7436.0,1912.75,1608.95,2003
2003-05-09,S&P 500,1076.52,1063.19,1089.84,1038.93,793612307.0,7.83,8.89,3.28,3.56,65.0,7368.0,1402.0,1.15,113.87,147.47,1000.54,103.6,9403.0,4.33,28.0,9.08,533.0,1395.86,1159.79,2003
2003-05-10,NASDAQ,1662.99,1623.57,1707.96,1584.33,71920510.0,8.59,9.91,14.63,8.52,115.0,6013.0,4182.0,1.32,126.17,143.86333333333334,1173.06,317.46,2254.0,1.44,42.0,26.71,14944.0,2306.46,1159.79,2003
2003-05-11,S&P 500,4563.42,4576.24,4622.61,4539.15,933675051.0,7.76,5.69,13.29,5.58,75.0,2329.0,3831.0,1.05,83.12,140.25666666666666,1910.38,196.6,303.0,4.76,39.0,11.12,13876.0,2117.58,1799.56,2003
2003-05-12,S&P 500,1966.15,1928.29,1986.28,1911.52,829892331.0,7.37,7.75,10.14,9.46,93.0,10355.0,4721.0,0.94,100.55,96.1,1945.64,446.9,4776.0,3.03,15.0,64.64,12148.0,1693.16,1413.28,2003
2003-05-13,NASDAQ,2417.09,2465.68,2510.2000000000003,2412.97,394742041.0,6.17,8.59,12.65,9.46,78.0,16430.0,609.0,1.39,135.11,109.72,1980.9,200.37,6179.0,9.94,24.0,10.94,1387.0,279.7,233.6,2003
2003-05-14,S&P 500,1421.38,1449.45,1468.65,1393.87,487813508.0,4.5,7.01,13.54,5.39,95.0,13111.0,1637.0,0.84,113.89,23.84,1545.44,365.14,963.0,1.85,29.0,61.75,12966.0,2104.66,1770.44,2003
2003-05-15,Dow Jones,1889.45,1878.47,1926.29,1864.91,168524672.0,5.18,0.44,5.37,7.78,95.0,25160.0,277.0,1.37,146.63,86.54,2360.71,238.05,3809.0,3.79,22.0,13.56,1984.0,1265.7,1060.1,2003
2003-05-16,Dow Jones,3076.9,2481.6150000000002,3108.56,3046.15,345521771.0,7.1,1.58,5.37,6.2,64.0,4312.0,2476.0,0.87,140.73,113.77,2214.73,240.13,7070.0,6.17,28.0,94.34,4313.0,1265.7,1604.29,2003
2003-05-17,S&P 500,3431.01,3472.1400000000003,3478.27,3382.15,95434835.0,4.94,0.71,4.53,0.72,66.0,17770.0,900.0,1.24,104.08,35.84,1928.26,240.13,8825.0,3.45,19.0,41.7,4281.0,1619.75,1371.62,2003
2003-05-18,NASDAQ,1981.41,1986.82,2033.22,1975.84,154036780.0,-0.08,0.1,7.37,9.74,58.0,24478.0,3343.0,1.13,130.84,108.18,1549.83,301.09,5162.0,4.74,16.0,12.75,4281.0,866.7,738.85,2003
2003-05-19,Dow Jones,1230.93,1198.38,1253.63,1187.77,589853701.0,0.64,3.06,9.26,3.33,81.0,12031.0,3766.0,1.1,99.2,30.96,1588.5,331.71,9031.0,9.73,24.0,4.28,4517.0,515.22,432.05,2003
2003-05-20,NASDAQ,2564.13,2552.0,2600.85,1538.075,666260777.0,8.46,3.92,11.28,2.87,115.0,29283.0,1037.0,1.07,92.27,124.91,1099.14,332.41,9031.0,5.08,46.0,33.01,6501.0,1678.69,1416.25,2003
2003-05-21,NASDAQ,4842.025,1971.12,1989.48,1888.38,487813508.0,-4.74,2.41,2.39,5.11,115.0,27751.0,3127.0,1.27,141.67,147.11,2125.5,442.64,2412.0,9.1,24.0,89.15,6260.0,1585.45,1353.37,2003
2003-05-22,Dow Jones,1878.22,1892.64,1893.58,1839.63,732215727.0,5.48,0.65,5.78,5.65,81.0,13736.0,2120.0,1.08,104.52,101.48,2272.14,360.94,8665.0,0.43,32.0,14.47,6260.0,1723.11,1470.29,2003
2003-05-23,NASDAQ,4839.45,4854.52,4859.55,4794.54,627589562.0,9.32,5.3,9.91,7.78,92.0,19681.0,2882.0,1.28,126.035,111.435,2206.38,396.1,2758.0,1.2,13.0,79.1,11012.0,2163.43,1821.17,2003
2003-05-24,Dow Jones,4033.48,3501.88,3526.69,3986.225,487813508.0,5.59,2.73,6.65,4.24,108.0,4647.0,3640.0,1.25,147.55,121.39000000000001,1730.07,229.38,4415.0,9.45,30.0,41.8,10816.0,832.17,1821.17,2003
2003-05-25,NASDAQ,3227.51,3266.91,3301.41,3177.91,228795791.0,2.76,7.96,12.08,4.68,79.0,19015.0,2074.0,0.86,82.17,131.345,2224.5,229.38,1600.0,1.29,15.0,50.34,10816.0,1683.42,1420.62,2003
2003-05-26,Dow Jones,4942.63,2705.08,2721.82,2657.96,723854755.0,5.31,0.08,10.47,5.58,60.0,28770.0,1618.0,1.32,105.68,141.3,2143.7,107.32,619.0,7.37,20.0,87.44,4889.0,1683.42,1187.98,2003
2003-05-27,S&P 500,2715.78,2675.26,2750.55,2672.61,639755589.0,-4.48,0.08,5.05,4.25,75.0,3259.0,2769.0,0.95,110.48500000000001,25.91,2215.01,131.64,462.0,4.46,34.0,99.78,5583.0,2179.35,1831.98,2003
2003-05-28,Dow Jones,3163.62,3168.03,3202.96,3120.84,466057874.0,7.41,9.55,3.9,9.19,51.0,11470.0,1358.0,1.07,115.29,120.76,2469.29,254.05,1576.0,4.07,24.0,6.91,6862.0,2218.19,1845.54,2003
2003-05-29,Dow Jones,3785.72,3809.77,3844.97,3739.36,487813508.0,-0.73,7.16,10.18,8.59,83.0,25816.0,3210.0,1.35,108.08,124.4525,2177.0,183.89,2112.0,6.59,18.0,50.34,6862.0,102.46,106.93,2003
2003-05-30,Dow Jones,3808.58,3834.27,3858.9,3804.05,855888769.0,1.69,7.34,7.86,4.82,90.0,3376.0,1342.0,1.46,130.45,131.8375,1260.17,425.18,2112.0,7.28,5.0,7.06,9239.0,2251.42,1908.21,2003
2003-05-31,Dow Jones,1686.78,1697.45,1743.19,1681.11,540716841.0,-0.32,9.34,4.2,0.5,80.0,13212.0,2853.0,1.19,146.78,135.53,2195.47,370.59,5955.0,9.32,22.0,31.55,9239.0,924.21,777.72,2003
2003-06-01,NASDAQ,3000.45,2967.13,3024.91,2965.47,540677211.0,-0.97,2.09,6.24,9.06,112.0,13832.0,2775.0,1.16,116.38,131.96,1438.58,488.12,8291.0,2.57,25.0,64.66,11152.0,924.21,1793.34,2003
2003-06-02,S&P 500,2647.83,2677.57,3769.5,2642.6,899447611.0,1.47,9.95,5.94,1.68,104.0,10403.0,3772.0,1.15,99.98,104.87,1677.53,454.81,8291.0,6.98,8.0,44.78,868.0,1407.44,1177.43,2003
2003-06-03,Dow Jones,4482.11,4504.12,4514.09,4471.64,467275139.0,0.68,7.73,3.41,2.82,110.0,16939.0,519.0,1.37,141.05,85.1,2153.88,491.06,630.0,3.42,24.0,56.57,2995.0,1594.88,1350.9,2003
2003-06-04,NASDAQ,3525.68,3484.29,3541.06,3435.79,544512316.0,4.5,7.27,9.11,1.95,85.0,3862.0,752.0,1.5,122.32,133.7,1338.42,246.11,4247.0,7.18,43.0,50.34,494.0,603.92,1350.9,2003
2003-06-05,S&P 500,3130.02,3126.4,3132.14,3093.01,180241408.0,7.2,3.61,11.93,2.21,89.0,11551.0,2971.0,1.24,118.74,87.48,844.34,293.75,2802.0,1.42,14.0,81.88,9081.0,603.92,1350.9,2003
2003-06-07,S&P 500,3422.55,3406.3,3434.98,3367.49,734385193.0,-1.79,6.54,12.74,6.01,75.0,19940.0,967.0,0.95,82.84,142.57,2333.7,485.72,1731.0,1.84,38.0,60.03,996.0,1706.25,1350.9,2003
2003-06-08,S&P 500,1468.82,1420.63,1484.03,1393.88,560933297.0,5.0,6.2,3.66,9.58,67.0,21634.0,4308.0,0.94,112.3,68.53,2377.41,261.08,946.0,3.36,43.0,4.94,6576.0,1820.72,1535.09,2003
2003-06-09,Dow Jones,2348.83,2338.86,2387.37,2298.99,158659599.0,5.05,7.05,7.66,2.7,83.0,9698.0,3087.0,1.4,116.96,101.17,2383.575,146.7,7945.0,7.16,24.0,45.34,8657.0,1486.04,1255.11,2003
2003-06-10,Dow Jones,1571.37,1576.36,1592.72,1541.58,222192108.0,8.52,0.82,9.92,5.11,77.0,5503.0,273.0,1.49,88.9,45.89,2389.74,200.2,9187.0,2.33,44.0,60.88,5012.0,1175.03,991.44,2003
2003-06-11,NASDAQ,3768.29,1708.86,3792.36,3752.56,798036857.0,-4.76,3.56,10.79,9.79,98.0,16232.0,4832.0,1.29,84.16,68.75999999999999,2195.12,269.93,9648.0,6.85,28.0,71.5,14941.0,1151.59,991.44,2003
2003-06-12,NASDAQ,1825.01,1841.36,1849.81,1796.95,236977902.0,7.8,4.34,10.79,9.79,113.0,8405.0,1659.0,1.47,95.13,91.63,851.17,269.93,1719.0,4.96,24.0,50.34,5901.0,1358.63,1164.18,2003
2003-06-13,NASDAQ,2567.44,2601.07,2639.81,2540.76,65609985.0,2.82,2.61,11.48,7.42,112.0,20987.0,4227.0,1.04,84.42,92.1,1394.41,347.23,1970.0,0.92,39.0,28.38,8895.0,736.07,611.59,2003
2003-06-15,S&P 500,1817.27,1779.32,1839.96,1730.23,667261411.0,-3.63,1.39,3.22,7.81,91.0,2281.0,2342.0,1.16,111.09,60.53,1172.58,359.15,9754.0,8.69,33.0,66.19,7536.0,374.09,323.79,2003
2003-06-16,Dow Jones,3031.22,3066.37,3091.72,3010.67,502801344.0,1.49,3.66,11.04,3.8,73.0,13912.0,4723.0,1.14,136.72,91.95,2156.49,296.61,2297.0,9.89,48.0,7.86,12617.0,258.32,214.36,2003
2003-06-17,S&P 500,2677.09,2642.75,2711.46,2604.58,527221606.0,-1.59,4.93,11.42,5.54,84.0,17873.0,2588.0,1.24,126.48,123.37,1684.15,112.07,6293.0,9.89,24.0,38.1,7105.0,834.42,679.77,2003
2003-06-19,S&P 500,10427.575,4205.28,4245.82,4132.19,107118105.0,2.56,9.46,11.01,5.54,98.0,11856.0,2588.0,1.25,98.37,139.78,1822.29,134.18,3702.0,1.3,44.0,35.31,7105.0,2113.95,1773.7,2003
2003-06-20,NASDAQ,1276.18,1276.27,1278.51,1257.61,181174538.0,7.19,9.46,11.01,7.4,108.0,24436.0,1743.0,1.27,80.78,34.69,1804.04,287.52,3702.0,7.88,14.0,11.68,10023.0,96.65,1296.83,2003
2003-06-21,NASDAQ,2897.02,2945.16,2959.98,2895.05,96564537.0,6.16,7.31,8.69,6.79,71.0,22083.0,123.0,1.39,111.55,141.1,1453.05,458.56,9069.0,6.56,42.0,55.2,3313.0,1343.07,1154.48,2003
2003-06-22,Dow Jones,3242.71,3202.45,3256.72,3039.67,785916329.0,3.86,1.73,13.28,1.15,110.0,20253.0,2437.0,1.31,106.4,109.64,1797.685,338.75,8341.0,2.85,23.0,13.26,9223.0,1223.77,1021.05,2003
2003-06-23,S&P 500,3513.71,3494.02,3521.01,3463.49,931777856.0,3.09,6.04,13.28,5.195,79.0,27154.0,3043.0,1.02,146.31,64.77,1961.26,179.59,475.0,3.91,8.0,91.51,4891.0,172.14,136.48,2003
2003-06-24,S&P 500,3754.53,3768.35,3782.81,3748.57,247744138.0,1.41,5.3,12.13,6.81,118.0,877.0,3043.0,1.12,85.04,84.61999999999999,1375.88,423.18,122.0,8.11,39.0,86.54,4891.0,781.31,663.5,2003
2003-06-25,Dow Jones,2013.09,1998.09,2028.58,1951.89,474446743.0,9.59,9.82,9.96,3.31,109.0,19261.0,4826.0,0.88,134.35,124.32,2489.07,220.16,2772.0,4.13,19.0,47.57,13992.0,1686.57,1396.64,2003
2003-06-26,S&P 500,1039.92,1082.76,1108.85,1036.04,256100617.0,3.4,7.48,9.96,3.47,55.0,6545.0,1816.0,0.98,106.98,146.01,1586.74,220.16,1129.0,7.56,24.0,6.87,5265.0,1686.57,245.85,2003
2003-06-27,S&P 500,3893.77,3850.33,3926.96,3803.83,170134221.0,3.4,5.76,11.45,1.68,60.0,14110.0,4233.0,1.16,110.81,110.525,1338.2,354.34,4475.0,2.95,46.0,55.27,4210.0,852.23,733.17,2003
2003-06-28,NASDAQ,4119.12,3147.57,3166.63,3107.27,785829133.0,-1.55,8.51,11.21,4.48,73.0,17165.0,844.0,0.87,114.64,75.04,1969.25,392.45,492.0,7.25,23.0,59.26,9658.0,1151.34,992.45,2003
2003-06-29,Dow Jones,4344.47,4353.56,4389.53,4327.98,722994950.0,4.17,1.55,12.08,9.87,100.0,13426.0,4277.0,1.2,137.44,29.17,1178.77,125.99,3617.0,4.66,48.0,88.85,8427.0,1855.35,1571.09,2003
2003-06-30,Dow Jones,4285.55,4300.82,4317.63,4266.01,240908758.0,2.76,0.15,3.62,3.21,68.0,19803.0,149.0,1.07,112.68,44.72,2212.09,441.71,9385.0,5.45,25.0,6.84,1757.0,1639.34,1401.0,2003
2003-07-01,Dow Jones,4373.3,4348.87,4387.81,4311.83,410939114.0,2.76,6.9,10.5,5.55,99.0,19803.0,3149.0,0.82,108.13,60.27,1956.62,145.54,9789.0,5.99,13.0,69.24,2843.0,423.98,369.78,2003
2003-07-02,Dow Jones,2940.38,2926.84,2967.44,2896.77,487813508.0,7.45,0.98,5.84,7.56,52.0,12856.0,2842.0,1.1,147.46,78.43,2279.11,137.81,6224.0,4.51,4.0,56.32,5486.0,1508.23,369.78,2003
2003-07-04,NASDAQ,4166.23,4135.72,4170.22,4116.26,487813508.0,4.93,7.45,5.12,9.05,80.0,4094.0,1722.0,0.85,136.37,96.59,2252.52,248.87,8775.0,2.66,28.0,12.26,13072.0,1341.4,1141.27,2003
2003-07-05,S&P 500,2950.0,2837.87,2858.77,2900.27,878167002.0,-3.97,2.71,10.89,4.17,96.0,18722.0,3497.0,1.01,84.69,114.75,1651.58,121.85,5023.0,9.86,7.0,69.43,13009.0,916.25,779.65,2003
2003-07-06,S&P 500,1733.77,1740.04,1787.19,1684.28,159231479.0,0.43,6.29,5.83,8.76,57.0,14858.0,1887.0,1.01,84.39,26.63,900.57,166.4,8522.0,9.06,16.0,34.05,3582.0,852.7,699.82,2003
2003-07-07,S&P 500,4419.9,4446.12,4482.2,4409.2,522554817.0,9.03,9.17,2.12,0.87,66.0,13124.0,3455.0,1.05,110.67,46.405,1130.09,275.69,186.0,5.27,42.0,99.99,1922.0,2144.74,1803.83,2003
2003-07-08,S&P 500,4530.24,4551.6,3694.88,4509.35,893788646.0,7.94,3.16,10.23,0.87,94.0,7070.0,1113.0,1.06,120.99,66.18,1170.0,275.69,4584.0,0.35,21.0,50.34,10514.0,950.1,814.69,2003
2003-07-09,NASDAQ,2865.24,2835.99,2907.56,2821.4,342021362.0,-0.72,2.17,10.23,3.56,109.0,27968.0,253.0,1.1,122.6,101.68,2105.58,148.52,1743.0,1.68,24.0,56.62,12888.0,2025.12,1713.27,2003
2003-07-10,Dow Jones,1302.8,1309.68,1346.3,1264.54,678749613.0,-2.64,1.07,10.57,3.78,70.0,25290.0,3001.0,0.86,82.55,137.18,1145.31,141.81,9010.0,8.54,26.0,64.21,4043.0,2025.12,339.62,2003
2003-07-11,NASDAQ,2551.3,2588.07,2618.62,2513.1,820446546.0,1.74,1.3,14.03,8.55,119.0,21614.0,2414.0,0.8,128.77,53.8,1755.26,421.93,9010.0,9.31,1.0,15.97,1445.0,1410.72,1203.99,2003
2003-07-12,S&P 500,4214.15,4207.36,4255.16,4192.74,611486333.0,0.34,0.62,14.6,0.61,70.0,29594.0,3556.0,1.32,89.09,83.35,1909.32,296.93,2329.0,1.61,0.0,89.41,975.0,1147.88,958.97,2003
2003-07-13,NASDAQ,4607.1,4653.76,4673.97,4603.03,246585222.0,5.23,0.88,5.07,6.59,107.0,2620.0,2402.0,1.04,146.87,75.22,2115.56,244.1,2569.0,7.35,24.0,50.34,2515.0,1716.27,1437.6,2003
2003-07-14,Dow Jones,1813.89,1809.11,1824.97,1808.54,405330187.0,9.5,4.32,12.52,6.59,104.0,12485.0,4366.0,1.23,103.35,88.47,2132.6,284.54,6696.0,6.23,24.0,52.18,9067.0,405.09,344.46,2003
2003-07-15,Dow Jones,1267.89,1232.17,1293.49,2158.37,677431810.0,0.45,3.21,6.6,8.32,77.0,3370.0,4113.0,1.01,124.48,57.19,2019.93,264.34,6696.0,3.03,20.0,87.33,4004.0,405.09,90.28,2003
2003-07-17,NASDAQ,2557.62,2602.79,2629.71,2508.2,828827054.0,0.45,8.7,12.24,5.25,93.0,24657.0,3149.0,1.02,145.61,38.9,1723.9,103.73,4219.0,6.77,1.0,49.49,11124.0,1459.37,1214.15,2003
2003-07-18,NASDAQ,3167.04,3149.01,3195.29,3125.52,536993476.0,-4.43,8.7,2.96,2.52,74.0,1437.0,4743.0,1.22,113.8,112.24,1293.29,273.26,972.0,1.01,43.0,62.71,14081.0,1736.7,1449.06,2003
2003-07-19,S&P 500,4872.26,4909.07,4956.51,4859.44,226502791.0,9.29,5.31,7.29,6.53,98.0,10381.0,2025.0,0.95,110.43,68.07,2117.67,163.54,2483.0,1.89,37.0,16.02,14081.0,2248.0,1889.66,2003
2003-07-20,NASDAQ,1266.26,1304.39,1349.5,1221.7,84187277.0,4.97,1.02,6.39,1.98,95.0,28787.0,2557.0,1.16,119.61,90.51,1654.035,223.31,8264.0,0.33,27.0,6.92,3906.0,1086.41,893.97,2003
2003-07-21,NASDAQ,1281.3400000000001,3578.29,3637.06,3553.74,566951676.0,9.13,1.02,6.39,2.31,112.0,9948.0,1711.0,1.21,145.15,98.6,1190.4,144.87,3821.0,9.02,33.0,53.54,7894.0,369.32,308.35,2003
2003-07-22,NASDAQ,1296.42,1254.75,1336.49,1224.79,147180451.0,-2.01,3.63,7.33,6.45,61.0,3612.0,4341.0,0.93,101.58,128.75,1890.28,270.8,9784.0,5.74,24.0,54.8,7009.0,809.01,670.19,2003
2003-07-23,Dow Jones,2501.88,2524.34,2571.51,2497.1,572088966.0,-4.39,0.86,10.9,9.92,106.0,16797.0,3209.0,0.89,92.66,30.63,899.33,357.32,7416.0,5.23,49.0,33.09,407.0,809.01,546.41,2003
2003-07-24,Dow Jones,4215.26,4196.41,4220.18,4177.26,533588806.0,2.32,8.42,9.83,8.97,113.0,23316.0,2637.0,1.48,121.68,82.76,2106.53,364.64,6997.0,7.06,4.0,88.23,4258.0,366.48,280.92,2003
2003-07-25,S&P 500,2733.89,2762.18,2775.44,2686.68,875664241.0,1.76,3.38,14.68,6.13,113.0,23582.0,4457.0,1.43,114.42,136.23,2126.34,418.7,1194.0,9.88,44.0,30.18,10400.0,203.35,184.73,2003
2003-07-26,S&P 500,4988.73,4983.0,5013.48,4953.52,739105901.0,-0.03,2.18,14.19,5.62,53.0,7937.0,1727.0,1.26,84.34,62.87,1389.92,426.0,4107.0,1.72,35.0,51.7,12894.0,853.71,706.52,2003
2003-07-27,Dow Jones,3236.24,3234.77,3278.57,3217.54,619466527.0,9.36,8.71,7.56,9.98,53.0,5034.0,4540.0,1.4,116.54,46.964999999999996,2170.64,339.09,4587.0,1.33,24.0,18.75,12643.0,583.9,474.8,2003
2003-07-28,Dow Jones,2284.65,2312.44,2337.7,2253.37,743735175.0,7.34,9.02,11.41,5.7,114.0,10029.0,2098.0,0.87,122.565,31.06,1646.87,241.26,2395.0,2.95,29.0,1.21,8368.0,1804.0,1541.33,2003
2003-07-29,Dow Jones,1880.45,1868.69,1917.85,1823.17,314045579.0,4.92,3.39,11.41,4.49,55.0,22513.0,3026.0,1.31,128.59,117.59,1123.1,120.53,9420.0,9.04,24.0,42.66,12317.0,2280.61,1917.84,2003
2003-07-30,NASDAQ,2402.08,2396.39,2409.03,2382.69,52578953.0,-2.56,3.55,13.69,9.14,114.0,6671.0,1231.0,1.0,119.05000000000001,31.05,1396.52,120.53,5271.0,4.11,20.0,52.74,14298.0,2280.61,1844.83,2003
2003-07-31,NASDAQ,2490.13,2477.75,1860.2350000000001,2452.49,363286590.0,6.01,5.8,2.89,2.72,71.0,8961.0,2092.0,1.18,109.51,49.85000000000001,1243.84,145.31,2405.0,4.11,45.0,76.49,4146.0,1841.19,1551.0,2003
2003-08-01,Dow Jones,1274.85,1261.58,1311.44,1213.65,176749261.0,5.91,7.33,5.93,1.43,66.0,8961.0,613.0,1.34,115.71,68.65,1436.41,145.31,5704.0,4.11,33.0,44.93,12477.0,2069.36,1735.35,2003
2003-08-02,NASDAQ,2478.3,2480.89,2489.13,2469.68,514701448.0,1.38,0.63,6.16,6.52,108.0,6541.0,812.0,0.82,85.25,63.96,1559.74,414.39,8697.0,4.11,33.0,27.95,8067.0,734.51,621.64,2003
2003-08-04,S&P 500,3890.95,3877.13,3904.19,3031.31,441313437.0,-2.5,9.53,4.2,4.04,116.0,26756.0,314.0,1.1,86.87,68.335,859.68,286.48,5081.0,4.11,10.0,38.18,10118.0,2114.69,1786.43,2003
2003-08-05,Dow Jones,3626.92,3629.35,3895.87,3592.94,706271364.0,-0.99,2.62,8.45,4.52,66.0,21653.0,703.0,1.11,145.37,72.71,893.78,394.95,9879.0,2.62,24.0,23.42,14707.0,988.64,832.72,2003
2003-08-06,Dow Jones,3835.06,3852.13,3887.55,3817.5,725081728.0,-0.99,9.09,10.62,5.7,51.0,6889.0,3869.0,1.44,104.4,56.18,1913.9,305.76,6610.0,5.49,40.0,91.04,13036.0,795.19,664.0,2003
2003-08-07,NASDAQ,1033.45,1010.39,1051.84,994.7,26792704.0,6.93,9.5,8.47,9.92,81.0,28929.0,4967.0,1.4,103.63,50.47,1552.66,244.17,3873.0,7.8,49.0,53.72,9590.0,321.47,267.7,2003
2003-08-08,Dow Jones,1870.67,1848.42,1898.43,1814.21,594984440.0,4.33,2.69,10.66,2.6,71.0,25485.0,769.0,0.84,103.0,44.760000000000005,952.55,239.82,4545.0,9.38,22.0,20.13,2059.0,549.94,267.7,2003
2003-08-09,S&P 500,3646.74,3690.08,3695.08,3635.96,188696189.0,-0.28,7.54,2.86,4.07,107.0,7141.0,1180.0,1.23,146.53,39.050000000000004,1456.59,183.86,6869.0,2.84,48.0,67.12,4235.0,267.09,226.62,2003
2003-08-09,Unknown,3646.74,3690.08,3695.08,3635.96,188696189.0,-0.28,7.54,2.86,4.07,107.0,7141.0,1180.0,1.23,146.53,33.34,1456.59,183.86,6869.0,2.84,48.0,67.12,4235.0,2200.68,1836.99,2003
2003-08-10,S&P 500,2935.96,2958.31,2998.56,2914.98,22970451.0,-2.54,2.39,13.39,1.76,107.0,10133.0,4754.0,1.11,148.61,123.89,1608.34,454.24,7973.0,7.43,33.0,80.33,14609.0,2185.6,1837.12,2003
2003-08-11,S&P 500,1021.25,1028.97,1047.46,1011.84,952991536.0,-4.4,7.38,14.21,6.27,96.0,24039.0,1525.0,1.255,148.13,111.3,1880.5,265.66,2202.0,8.86,24.0,75.88,13910.0,2185.6,97.44,2003
2003-08-12,Dow Jones,4217.98,4232.75,4265.18,4217.56,641515786.0,-2.5,7.97,10.03,7.41,53.0,27334.0,2369.0,1.4,129.34,30.97,1001.16,400.95,3952.0,1.25,24.0,59.99,11984.0,806.08,671.13,2003
2003-08-13,Dow Jones,4091.24,4044.17,4127.51,3995.67,82193369.0,1.8,2.47,13.46,5.08,87.0,25867.0,574.0,0.85,87.77,41.14,2491.17,329.5,9087.0,1.25,23.0,52.01,11984.0,176.11,170.09,2003
2003-08-14,Dow Jones,3193.68,3205.49,3215.97,3172.09,248656747.0,-1.29,7.16,3.71,2.84,62.0,22226.0,1231.0,0.82,107.05,33.02,1607.0,401.64,3004.0,6.12,24.0,77.75,12713.0,1400.3,1190.11,2003
2003-08-15,Dow Jones,3380.5119999999997,1266.8,1311.03,1217.38,241643266.0,-1.12,8.12,12.37,2.84,110.0,17243.0,1231.0,0.94,100.25,122.79,1957.34,401.64,1553.0,2.72,29.0,70.84,3688.0,674.23,584.23,2003
2003-08-16,Dow Jones,3754.176,4070.63,4101.44,2170.2333333333336,930767877.0,8.13,3.59,3.55,5.62,113.0,5177.0,911.0,1.01,129.59,120.47,2343.97,400.8,9170.0,0.23,38.0,57.19,9016.0,374.09,317.29,2003
2003-08-17,S&P 500,3941.008,3320.79,3356.29,3123.086666666667,682429565.0,2.73,1.68,7.3,2.13,82.0,5639.0,4372.0,1.13,114.49,73.04,854.1,415.99,8678.0,2.57,43.0,65.81,12670.0,1316.56,1135.21,2003
2003-08-18,NASDAQ,4127.84,4085.99,4136.96,4075.94,584901802.0,5.94,0.92,6.21,4.35,87.0,5639.0,586.0,1.25,123.16,126.78,1822.31,141.71,2534.0,5.85,15.0,16.95,11535.0,1567.13,1286.15,2003
2003-08-20,Dow Jones,4212.01,4257.08,4294.83,4172.820000000001,138873708.0,0.48,9.78,5.92,9.83,110.0,19104.0,3208.0,1.09,134.8,146.16,897.59,494.2,4619.0,2.87,24.0,93.12,11535.0,411.9,1286.15,2003
2003-08-21,S&P 500,3072.03,3062.9,3082.4300000000003,3057.27,217863498.0,2.19,8.23,10.29,8.57,81.0,21013.0,2722.0,0.9,146.64,147.51,1978.15,147.18,886.0,7.08,10.0,93.53,8505.0,1655.78,1407.4,2003
2003-08-23,Dow Jones,3684.63,3639.9,3725.11,3630.17,247074332.0,-3.2,5.37,13.19,8.94,67.0,25146.0,884.0,1.07,139.64,48.21,1993.2,399.13,3319.0,0.65,35.0,37.29,8380.0,732.19,1407.4,2003
2003-08-23,Unknown,3684.63,3639.9,3725.11,3630.17,247074332.0,-3.2,5.37,13.19,8.94,67.0,25146.0,884.0,1.07,139.64,48.21,1993.2,399.13,3319.0,0.65,35.0,37.29,8380.0,124.59,85.7,2003
2003-08-24,S&P 500,3481.9,3435.66,3516.68,3405.01,537111305.0,8.05,2.8,10.24,7.49,67.0,13332.0,3973.0,1.07,113.48,27.46,1416.47,125.4,7358.0,3.99,47.0,15.16,1706.0,139.18,113.13,2003
2003-08-25,Dow Jones,3969.01,3990.73,4029.02,3919.73,145321185.0,9.09,1.63,4.8,9.08,70.0,15609.0,3071.0,0.95,81.41,125.52,2109.21,398.6,6799.0,10.0,18.0,35.8,6065.0,1789.97,1521.05,2003
2003-08-26,NASDAQ,1679.52,1683.33,1705.39,1635.4,577801069.0,-3.82,4.82,6.37,1.02,61.0,13755.0,2501.0,0.87,149.33,60.11,2186.04,267.81,1873.0,10.0,4.0,72.65,4579.0,2173.14,1826.7,2003
2003-08-27,Dow Jones,2839.715,1780.77,1816.59,1732.07,810252860.0,2.76,4.64,13.02,4.83,69.0,4192.0,3441.0,0.98,84.12,63.91,2262.87,209.87,2142.0,2.65,24.0,33.59,1292.0,2173.14,1096.44,2003
2003-08-29,NASDAQ,3999.91,4024.39,4034.95,3994.63,285561744.0,-3.75,9.53,8.97,6.04,51.0,28805.0,2416.0,1.025,83.67,112.91,1182.96,209.87,7269.0,2.72,13.0,67.33,14336.0,621.0,508.52,2003
2003-08-30,Dow Jones,4632.91,4599.73,4664.54,4590.31,621714015.0,4.65,6.04,10.44,2.16,92.0,28805.0,1301.0,1.07,123.75,76.0,2487.12,329.12,7708.0,5.75,19.0,63.03,4630.0,1450.92,1213.29,2003
2003-09-01,NASDAQ,3388.62,3384.69,3404.15,3345.03,817028769.0,9.67,1.28,5.82,3.52,78.0,4400.0,406.0,1.47,94.68,104.82,1473.12,108.94,4342.0,5.75,43.0,89.35,4630.0,1969.93,1656.48,2003
2003-09-02,S&P 500,3616.53,3595.16,3639.58,3587.65,185948695.0,9.67,9.96,8.18,2.98,81.0,12311.0,730.0,1.39,146.97,147.38,1618.59,395.44,1725.0,4.1,35.0,71.2,418.0,1283.62,1083.11,2003
2003-09-03,Unknown,4556.51,4531.26,4590.21,4498.27,402340150.0,-2.56,7.73,4.79,3.76,94.0,8962.0,2685.0,1.44,143.94,84.79,1017.69,167.76,1571.0,3.9,24.0,20.0,14454.0,1465.97,1233.58,2003
2003-09-04,Dow Jones,3315.23,3329.75,3356.83,3299.05,637988164.0,-1.97,8.77,5.69,5.39,108.0,22776.0,1237.0,1.37,99.59,62.980000000000004,1659.0,214.43,5649.0,0.24,40.0,93.9,3265.0,1886.47,1584.16,2003
2003-09-05,Dow Jones,3529.57,3544.67,3586.84,3512.51,488447742.0,8.34,4.14,5.69,8.62,52.0,28200.0,2281.0,1.21,126.12,41.17,1094.38,328.9,1446.0,0.03,45.0,22.79,7637.0,1886.47,1928.43,2003
2003-09-06,NASDAQ,1625.91,1658.36,1696.45,1592.8100000000002,999129180.0,8.68,5.02,5.95,7.55,88.0,6113.0,1813.0,1.4,139.87,40.92,1421.77,209.78,9406.0,7.97,24.0,37.32,5272.0,1596.12,1360.75,2003
2003-09-07,Dow Jones,2895.68,2887.45,2898.59,2864.1,411969135.0,4.12,5.22,6.17,8.43,100.0,26659.0,1148.0,1.2,105.19,79.57,1636.0,167.26,113.0,4.9,40.0,50.34,5060.0,1793.65,1534.89,2003
2003-09-09,Dow Jones,2083.77,2061.14,2121.39,2053.34,450115385.0,6.1,6.89,9.67,4.45,95.0,26659.0,3451.0,1.06,121.31,138.19,1861.98,462.69,1926.0,2.86,1.0,63.9,10768.0,764.28,618.21,2003
2003-09-10,S&P 500,1809.02,1857.02,2209.4449999999997,1769.52,525502241.0,4.93,9.03,12.24,3.79,115.0,3317.0,1934.0,1.2,137.43,103.43,1432.21,114.55,8700.0,3.57,11.0,45.84,1646.0,279.88,618.21,2003
2003-09-11,Dow Jones,1887.51,2264.94,2297.5,2252.1,5777231.0,2.76,1.64,2.59,1.05,55.0,5450.0,1051.0,1.37,112.41,66.87,992.25,300.05,5607.0,7.83,27.0,62.44,11227.0,1480.86,1259.76,2003
2003-09-12,S&P 500,1966.0,1986.97,2029.78,1956.3,472292568.0,5.28,0.86,3.38,9.34,107.0,3339.0,2132.0,0.89,130.07,117.51,2070.22,181.47,5607.0,4.34,43.0,95.81,12492.0,1003.85,862.48,2003
2003-09-13,Dow Jones,1859.65,1810.39,1865.27,1777.5800000000002,711888932.0,3.01,7.38,12.59,1.13,90.0,14833.0,1324.0,0.83,125.52,57.95,1593.65,445.36,5607.0,7.89,12.0,80.86,7789.0,1961.64,862.48,2003
2003-09-15,Unknown,4631.35,4585.1,4675.17,4572.47,441279836.0,6.16,6.24,4.48,4.09,90.0,7991.0,196.0,1.25,94.57,83.52333333333333,1916.69,291.38,8696.0,0.33,42.0,5.82,12729.0,1566.28,1312.53,2003
2003-09-16,S&P 500,3028.24,3035.16,3045.24,3148.645,853858035.0,2.1,6.96,7.26,4.09,97.0,8514.0,4458.0,1.37,88.8,109.09666666666666,1395.18,350.99,8016.0,9.69,7.0,96.71,14455.0,450.13,362.8,2003
2003-09-17,NASDAQ,2168.065,1793.76,1797.67,1724.82,343879021.0,-0.58,3.22,9.0,4.49,119.0,8191.0,4458.0,1.48,81.67,134.67,1486.62,122.25,5820.0,1.81,11.0,58.56,13243.0,263.4,224.4,2003
2003-09-18,NASDAQ,1307.89,1354.73,1394.14,1297.31,657487064.0,7.03,8.15,12.97,8.26,76.0,942.0,2877.0,0.98,85.69,94.94,2226.05,150.92,958.0,2.76,40.0,17.39,1087.0,263.4,802.79,2003
2003-09-19,S&P 500,3784.62,3788.68,2387.6066666666666,3744.06,88386857.0,5.45,5.5,2.79,3.19,96.0,23278.0,3378.0,0.94,97.94,136.57,1033.42,299.35,308.0,8.09,43.0,62.75,12642.0,842.18,802.79,2003
2003-09-20,Dow Jones,2531.2,2527.02,3381.0733333333333,2488.34,464965206.0,9.06,8.69,9.76,3.34,72.0,24886.0,271.0,1.04,129.95,94.77499999999999,1378.64,486.68,2290.0,1.9,10.0,4.32,13029.0,1862.76,1556.11,2003
2003-09-21,S&P 500,4287.32,4331.82,4374.54,4280.06,777211361.0,-2.52,7.63,9.76,6.16,63.0,27159.0,4953.0,1.41,90.84,52.98,1418.24,437.44,8209.0,4.01,18.0,18.83,8715.0,2305.32,1942.0,2003
2003-09-22,Dow Jones,3638.04,3655.4,3689.74,3614.85,150799874.0,4.74,8.69,14.71,9.98,110.0,16520.0,1000.0,0.81,116.64,124.58,805.66,455.74,7894.0,8.65,7.0,63.3,7514.0,141.43,105.08,2003
2003-09-23,NASDAQ,4184.97,4141.46,4210.97,4102.72,784521373.0,-1.34,0.2,12.49,5.42,116.0,28003.0,1000.0,0.88,97.16,87.85,2237.06,154.86,1922.0,6.37,26.0,40.31,6389.0,119.15,118.01,2003
2003-09-24,Dow Jones,2087.78,2084.35,2129.29,2067.48,239343537.0,8.55,2.44,5.59,5.195,74.0,9913.0,1000.0,0.95,115.83,51.12,2220.03,483.45,7841.0,3.02,6.0,32.58,5301.0,435.39,385.06,2003
2003-09-25,NASDAQ,3769.44,3743.46,3790.4,3711.8,943015732.0,-3.51,0.9,11.22,5.195,114.0,16309.0,2714.0,1.06,132.5,123.5,1925.12,392.0,645.0,6.44,24.0,65.58,10853.0,1635.7,1385.09,2003
2003-09-26,Dow Jones,2056.25,2053.23,4280.455,2050.72,459080033.0,4.84,4.42,11.92,8.06,73.0,12141.0,2022.0,1.01,98.62,126.89,2328.2,230.27,9095.0,8.13,26.0,86.65,6034.0,1507.3,1273.44,2003
2003-09-27,Dow Jones,4756.27,4751.82,4770.51,4721.39,539498207.0,6.87,8.9,11.49,4.64,102.0,11132.0,2797.0,1.38,104.35,79.31,1263.91,445.79,1227.0,4.04,13.0,50.34,13844.0,1281.91,1074.17,2003
2003-09-29,S&P 500,2298.05,2283.73,2324.62,2242.2,690590556.0,9.31,8.5,13.75,2.32,50.0,27438.0,1058.0,1.39,118.24,121.52,1535.165,394.6,4192.0,9.88,28.0,65.92,13147.0,979.71,820.78,2003
2003-09-30,S&P 500,2078.05,2044.48,2118.33,2026.7100000000005,315763784.0,7.76,3.27,13.75,9.66,88.0,13195.0,4770.0,1.07,86.62,120.27,1806.42,393.85,346.0,9.65,23.0,69.6,13306.0,887.88,772.61,2003
2003-10-01,NASDAQ,1763.71,1764.08,1803.65,1749.63,760078337.0,-0.58,3.4,3.36,9.61,93.0,1394.0,443.0,1.22,133.07,132.65,1992.045,420.34,8756.0,5.09,27.0,77.53,8338.0,1060.21,772.61,2003
2003-10-02,NASDAQ,3778.56,3811.58,3840.65,3736.52,649690360.0,-4.89,8.96,12.35,7.6,54.0,12594.0,3581.0,1.16,99.42,103.92,2177.67,479.41,6544.0,0.96,24.0,30.77,599.0,819.7,700.88,2003
2003-10-05,S&P 500,2058.54,2102.09,2104.59,2040.04,80310445.0,8.35,2.37,7.22,9.89,64.0,23741.0,543.0,1.3,118.03,69.71,2176.31,448.94,6781.0,6.69,11.0,12.2,5343.0,1841.22,700.88,2003
2003-10-06,Dow Jones,3647.88,3689.1,3732.78,3633.64,216754308.0,9.51,9.49,12.66,1.13,99.0,14174.0,4392.0,1.17,129.54,23.52,1574.27,276.65,6781.0,3.52,24.0,46.26,2492.0,1108.75,922.68,2003
2003-10-08,NASDAQ,4112.1,4066.04,4124.43,4028.49,100778655.0,2.07,7.59,12.66,3.88,115.0,29266.0,2510.0,0.8,144.55,46.73,1708.6,281.52,2478.0,3.67,28.0,33.27,13176.0,2164.14,1855.55,2003
2003-10-09,S&P 500,4043.41,4067.54,4102.31,4040.21,594050742.0,3.22,0.9,2.05,4.48,118.0,21519.0,3581.0,0.825,105.15,62.83,998.46,411.44,2478.0,9.41,29.0,47.12,5650.0,2060.64,1720.44,2003
2003-10-10,NASDAQ,1750.89,1783.65,1804.12,1715.16,809090997.0,-3.61,0.9,3.43,8.4,88.0,28291.0,1517.0,0.85,145.28,78.93,2246.74,340.98,984.0,1.37,24.0,89.63,5251.0,2103.96,1769.65,2003
2003-10-11,NASDAQ,1353.54,1400.33,1444.15,1327.18,487813508.0,0.66,9.01,3.43,8.4,78.0,24692.0,770.0,1.06,123.19,86.04,2293.3,211.82,6685.0,0.68,0.0,68.07,2133.0,2103.96,1799.06,2003
2003-10-12,Dow Jones,3795.8,3834.78,3849.68,3750.76,442732965.0,-0.24,8.77,3.09,3.86,95.0,7497.0,2384.0,1.01,107.27,79.825,1557.23,262.72,9749.0,7.81,21.0,17.25,4982.0,546.93,439.89,2003
2003-10-13,NASDAQ,2473.39,2483.44,2484.03,2457.74,461725101.0,3.04,0.47,13.0,9.54,80.0,29680.0,4656.0,0.91,142.11,73.61,844.19,481.72,6443.0,4.01,41.0,87.96,9461.0,1278.81,1083.73,2003
2003-10-14,Dow Jones,6823.45,2732.39,2747.4200000000005,2700.67,777420177.0,4.92,3.04,13.23,7.14,73.0,11252.0,199.0,1.16,120.57,91.43,847.36,421.53,650.0,4.66,7.0,50.1,3963.0,971.86,825.56,2003
2003-10-15,S&P 500,1124.6,1077.38,1153.5,1052.34,606807792.0,5.55,4.43,11.82,7.67,64.0,11538.0,2887.0,1.035,111.8,35.66,1396.95,149.63,8491.0,9.34,12.0,20.5,3090.0,331.48,189.77,2003
2003-10-16,Unknown,2038.31,2012.98,1157.475,1988.5,376443304.0,-2.95,1.72,5.15,7.7,69.0,9737.0,507.0,0.91,80.81,93.1,2017.59,149.63,9682.0,5.9,13.0,52.79,10957.0,373.08,311.5,2003
2003-10-17,Dow Jones,1134.71,1130.67,1161.45,1107.86,403331372.0,7.19,7.3,8.8,1.08,53.0,5333.0,1077.0,0.98,130.23,112.29,1362.79,472.39,9682.0,6.6,41.0,19.17,9408.0,1290.78,1079.55,2003
2003-10-19,NASDAQ,1973.59,1979.32,2024.94,1935.8,241112916.0,7.19,3.47,5.66,5.17,110.0,3434.0,242.0,1.25,100.26,59.2,2242.57,117.02,4874.0,6.71,31.0,50.34,9408.0,2186.81,1837.82,2003
2003-10-20,S&P 500,3229.35,3253.61,3266.91,3206.78,753680073.0,1.74,6.63,8.71,5.17,59.0,25546.0,3176.0,1.22,147.32,78.99000000000001,1815.7,386.69,8568.0,3.88,37.0,65.9,9976.0,1368.33,1148.97,2003
2003-10-21,NASDAQ,1155.92,1133.9,1179.03,1085.97,763060649.0,8.41,4.82,11.56,4.4,59.0,25546.0,819.0,1.16,90.86,98.78,1388.83,330.22,153.0,4.6,11.0,47.85,403.0,2277.73,1928.3,2003
2003-10-22,S&P 500,3667.39,1692.41,3701.35,3654.35,488042091.0,7.99,7.39,3.23,7.92,102.0,871.0,1559.0,1.32,101.82,85.36,924.23,118.4,263.0,8.08,24.0,22.72,2124.0,516.12,414.21,2003
2003-10-23,S&P 500,2292.11,2250.92,2339.57,2216.78,452976314.0,1.58,9.61,5.86,0.64,97.0,28479.0,517.0,1.39,145.26,139.54,1295.4,498.41,6898.0,5.24,44.0,28.29,549.0,1882.99,1584.2,2003
2003-10-24,Dow Jones,4591.68,4583.05,3464.415,4536.01,790101703.0,0.72,1.17,14.05,6.77,64.0,15886.0,1204.0,1.5,103.64,100.6,2158.31,332.04,2889.0,9.87,24.0,97.83,9232.0,1246.96,1028.56,2003
2003-10-25,S&P 500,4552.47,4577.49,4589.26,4519.3,733128622.0,8.99,7.1,14.05,0.5,56.0,7498.0,644.0,1.13,103.01,67.59,1721.84,296.77,2889.0,7.97,15.0,34.36,11492.0,1246.96,1827.08,2003
2003-10-26,NASDAQ,2301.16,2320.5,2356.85,2257.6,891345844.0,5.73,2.3,14.21,1.1,92.0,14964.0,3388.0,1.5,125.36,112.68,1452.78,279.08,9545.0,7.29,23.0,61.65,11492.0,894.17,773.42,2003
2003-10-27,NASDAQ,4603.84,4652.9,4671.8,3601.005,653846205.0,8.92,4.14,14.89,4.38,53.0,18287.0,3388.0,1.31,89.2,144.78,1368.19,380.27,9621.0,5.89,43.0,50.02,10907.0,693.33,568.29,2003
2003-10-28,Dow Jones,4984.63,4962.42,4985.04,4944.41,219803638.0,6.95,0.33,8.85,8.49,100.0,21486.0,1793.0,1.26,148.09,139.36,996.17,283.34,9277.0,4.12,19.0,2.41,2571.0,128.74,98.46,2003
2003-10-29,NASDAQ,4301.66,4301.48,4302.12,4271.47,868915538.0,4.14,1.36,5.74,1.88,108.0,20830.0,1168.0,1.25,143.72666666666666,147.44,1377.17,363.63,5459.0,4.12,42.0,94.47,6281.0,1813.46,98.46,2003
2003-10-30,NASDAQ,4379.49,4362.44,4402.52,4354.63,454474286.0,-3.26,3.2,12.28,5.77,90.0,16757.0,3803.0,1.44,135.0,32.36,1599.18,295.33,5752.0,0.18,24.0,8.88,2678.0,488.61,421.22,2003
2003-10-31,NASDAQ,1996.03,1990.09,2020.45,1963.31,396603519.0,-0.63,3.42,4.07,6.95,90.0,29151.0,4323.0,1.46,100.13,77.65,1944.34,344.29,1180.0,0.47,31.0,50.34,8182.0,2286.36,1920.47,2003
2003-11-01,S&P 500,3306.81,3342.51,3343.64,3295.29,402519335.0,9.53,9.0,5.28,2.68,79.0,13906.0,1673.0,1.305,99.28,76.25,1245.53,344.29,8950.0,9.59,26.0,81.12,12069.0,892.74,752.65,2003
2003-11-02,S&P 500,1269.02,1287.44,1321.79,1231.83,487813508.0,-0.21,7.42,12.2,5.37,67.0,21557.0,1673.0,1.15,84.03,69.9,1434.845,426.87,5248.0,3.23,33.0,74.9,2752.0,372.04,337.55,2003
2003-11-03,NASDAQ,1379.67,1417.91,1432.61,1353.27,853776093.0,-0.21,9.72,7.64,9.16,79.0,11212.0,2753.0,1.46,88.35,43.2,1624.16,426.87,2365.0,7.01,21.0,80.94,10197.0,400.09,319.2,2003
2003-11-04,Dow Jones,4995.57,4965.92,5023.56,4945.36,116117648.0,5.61,5.99,4.62,5.37,56.0,17891.0,640.0,1.07,116.54,75.35,1488.77,181.19,4741.0,5.94,2.0,74.0,5077.0,241.93,319.2,2003
2003-11-05,S&P 500,2306.56,2343.9,2358.95,2293.12,527615271.0,6.01,2.42,10.46,1.99,101.0,28422.0,2311.0,0.96,120.38,107.5,1809.72,124.45,948.0,5.72,16.0,44.61,10554.0,687.57,586.24,2003
2003-11-06,Dow Jones,3992.74,3948.72,4001.1,3898.79,160807915.0,-0.72,3.28,11.53,6.46,101.0,1167.0,2311.0,0.87,137.11,98.78,1084.96,434.46,8757.0,5.72,13.0,89.64,3858.0,673.33,579.36,2003
2003-11-07,NASDAQ,4226.66,4265.52,4285.88,4223.07,221754362.0,-0.53,3.2,11.53,6.13,72.0,16825.0,1658.0,1.22,84.22,78.09,1186.3466666666666,116.92,4761.0,3.02,26.0,91.25,3997.0,1232.11,1013.97,2003
2003-11-08,NASDAQ,4432.09,4415.0,4443.7,4412.82,816273870.0,2.03,3.26,5.6,0.76,86.0,1946.0,230.0,1.29,104.93,70.51,1389.12,185.4,7811.0,8.87,38.0,43.75,1052.0,1808.73,1543.59,2003
2003-11-11,S&P 500,1161.4,1205.47,1230.89,1112.44,605813951.0,-0.24,3.85,11.92,1.79,98.0,26983.0,3920.0,1.43,104.8,98.99,1941.52,458.71,9666.0,8.64,24.0,27.96,12129.0,1803.17,1511.81,2003
2003-11-12,NASDAQ,2644.77,2599.55,2652.64,2566.8,72530109.0,7.81,1.49,11.28,2.96,98.0,27443.0,2331.0,0.97,104.8,33.0,2180.61,351.22,6211.0,0.6,40.0,11.58,13843.0,379.38,319.53,2003
2003-11-12,Unknown,2644.77,2599.55,2652.64,2566.8,72530109.0,7.81,1.49,11.28,2.96,98.0,27443.0,2331.0,0.97,104.8,65.19333333333333,2180.61,351.22,6211.0,0.6,24.0,11.58,13843.0,1698.76,1454.61,2003
2003-11-13,NASDAQ,1520.32,1505.54,1553.87,1461.53,331689340.0,7.04,0.22,10.61,4.81,96.0,27181.0,925.0,0.89,101.67,81.29,1785.6,486.7,5615.0,1.0,30.0,26.27,9790.0,1594.99,1325.17,2003
2003-11-15,S&P 500,2441.71,2805.205,2447.23,2382.72,50330649.0,-0.13,1.07,3.85,8.96,76.0,5817.0,1122.0,1.44,128.28,27.0,2216.32,311.09,1559.0,8.47,24.0,54.35,6458.0,1199.43,1009.86,2003
2003-11-16,S&P 500,4134.95,4104.87,4158.34,4097.73,487813508.0,2.74,7.85,4.9,6.32,61.0,24130.0,2701.0,0.95,103.9,109.61,2114.32,153.75,4632.0,3.15,42.0,85.03,11583.0,297.04,255.62,2003
2003-11-17,NASDAQ,3264.72,3257.2,3268.26,3252.14,108482006.0,2.76,1.12,4.9,8.82,61.0,3529.0,4326.0,1.3,90.25,55.73,1343.97,271.51,4632.0,5.48,31.0,74.54,3675.0,301.07,258.75,2003
2003-11-19,Dow Jones,3617.37,3658.91,3672.13,3588.71,304414446.0,7.72,3.86,7.33,1.35,93.0,13525.0,1137.0,0.97,144.32,98.71,1250.25,213.46,2313.0,9.87,42.0,18.61,14751.0,1260.83,1067.5,2003
2003-11-20,S&P 500,1928.07,2358.475,1980.64,1889.02,763842768.0,7.72,0.73,2.98,4.9,73.0,22776.0,913.0,1.38,88.65,103.87,1779.77,331.31,697.0,7.67,26.0,56.77,13160.0,412.77,1067.5,2003
2003-11-21,NASDAQ,1057.53,1058.04,1083.91,1039.2,577360888.0,7.49,8.13,11.75,8.31,109.0,24074.0,3937.0,1.13,132.71,45.59,1524.2,331.31,9481.0,3.61,18.0,93.59,13160.0,1148.94,964.72,2003
2003-11-22,Unknown,4057.41,4106.25,4152.47,4008.52,487813508.0,-3.42,5.8,12.24,2.34,109.0,21688.0,758.0,1.29,126.95500000000001,36.75,1433.76,169.77,5628.0,9.83,27.0,50.34,3137.0,306.0,964.72,2003
2003-11-23,S&P 500,3494.97,3491.5,3522.42,3469.78,75684085.0,-2.88,2.36,9.47,1.37,65.0,23263.0,2527.0,1.01,121.2,88.3,1112.06,140.58,8737.0,0.92,44.0,76.41,4155.0,2295.47,1918.6,2003
2003-11-25,S&P 500,1155.75,1131.98,1175.83,1108.68,667502067.0,3.82,0.45,13.57,4.19,115.0,17661.0,3074.0,0.99,146.92,87.18,2039.84,109.97,146.0,0.59,15.0,50.34,3379.0,281.78,227.4,2003
2003-11-26,Dow Jones,4348.48,4342.09,4395.93,4308.14,638481237.0,2.65,2.02,14.55,3.41,99.0,9527.0,1283.0,1.06,97.07,86.06,1771.18,357.3,9804.0,3.35,30.0,17.04,13376.0,1300.62,1124.09,2003
2003-11-27,NASDAQ,3478.1,3443.79,3516.96,3769.3900000000003,757891108.0,2.85,7.52,4.63,1.78,118.0,25954.0,2724.0,1.0,136.59,45.83,917.69,357.3,7990.0,2.19,9.0,28.63,5185.0,373.11,341.76,2003
2003-11-28,Dow Jones,3253.58,3298.34,3312.61,3230.64,979649682.0,-1.77,7.09,11.16,2.88,89.0,4989.0,2724.0,0.94,123.46,66.77,2371.36,389.53,1386.0,3.17,9.0,57.83,8060.0,326.78,341.76,2003
2003-11-29,NASDAQ,3498.46,3525.14,3567.35,3825.915,444044774.0,5.78,2.89,12.95,6.98,55.0,13615.0,2097.0,1.41,108.62,108.65,809.33,148.1,2801.0,9.47,27.0,31.7,3593.0,319.82,245.58,2003
2003-11-30,S&P 500,4457.73,3440.9849999999997,4479.35,4421.19,33471010.0,5.78,0.62,9.02,4.17,113.0,13615.0,2111.0,0.88,126.59,32.64,2304.6,232.02,1042.0,4.27,11.0,78.18,13920.0,1771.12,1462.26,2003
2003-12-01,S&P 500,3347.75,3356.83,3933.215,3315.45,897483468.0,3.6,8.58,6.2,6.51,77.0,24165.0,2111.0,1.19,146.92,100.12,2102.32,232.02,1042.0,3.25,32.0,37.38,2122.0,558.08,446.57,2003
2003-12-02,S&P 500,3323.8,3345.94,3387.08,3274.5,225488269.0,3.56,3.14,8.22,5.195,58.0,14731.0,2111.0,1.37,116.18,147.87,964.15,194.04,1003.0,6.41,27.0,50.34,5860.0,764.68,634.64,2003
2003-12-03,Dow Jones,4962.72,5006.85,5016.29,4960.27,995462703.0,8.71,1.96,8.66,5.72,55.0,9528.0,2513.0,1.21,145.81,88.66,1202.16,293.3,5552.0,6.83,17.0,78.28,5387.0,1219.15,1034.34,2003
2003-12-04,NASDAQ,4026.92,3888.775,4100.14,3982.59,913090718.0,2.89,5.16,7.21,2.86,66.0,9216.0,4443.0,1.03,125.0,57.11,1393.24,171.05,2759.0,6.83,27.0,69.84,1050.0,2108.22,1791.07,2003
2003-12-05,S&P 500,2769.18,2770.7,2785.23,2741.07,857089452.0,-2.94,9.1,14.09,5.45,89.0,9943.0,111.0,1.35,113.8,39.78,2347.51,339.86,1231.0,5.46,27.0,25.39,9154.0,1649.64,1390.96,2003
2003-12-06,S&P 500,3829.59,3857.06,3871.93,3816.99,281268909.0,-2.94,0.44,11.67,0.72,94.0,8188.0,2110.0,1.15,125.09,148.65,2465.87,147.26,2468.0,7.53,42.0,98.11,13578.0,1324.88,1390.96,2003
2003-12-07,NASDAQ,2556.92,2563.13,2577.95,2509.1800000000003,965514867.0,-2.94,7.66,5.14,4.6,92.0,4741.0,3707.0,0.91,122.18,93.3,1970.3249999999998,398.09,7048.0,3.82,38.0,40.38,9922.0,1324.88,1263.35,2003
2003-12-08,S&P 500,1915.5,1920.77,3303.7233333333334,1891.33,470966438.0,-1.94,5.72,9.61,5.94,95.0,24214.0,836.0,1.02,109.52,68.71,1474.78,468.67,3644.0,1.71,13.0,68.08,9922.0,2137.29,1794.49,2003
2003-12-09,NASDAQ,3387.41,3348.88,4029.496666666667,3332.3,161107108.0,-4.53,4.25,10.95,2.23,112.0,9426.0,609.0,1.21,119.37,47.86,1053.78,254.37,8758.0,4.3,7.0,91.05,4164.0,747.16,615.31,2003
2003-12-11,NASDAQ,4716.56,4719.51,4755.27,4704.34,835378440.0,-3.73,9.66,6.66,2.59,108.0,14711.0,4366.0,1.18,138.72,101.51,2467.82,295.41,4950.0,4.21,35.0,87.91,9562.0,747.74,614.23,2003
2003-12-12,NASDAQ,2367.62,2344.51,2376.18,2302.87,954817033.0,2.04,2.29,13.77,1.17,112.0,17052.0,4916.0,0.99,101.3,27.5,2473.52,414.16,4950.0,6.95,2.0,70.42,11770.0,747.74,703.46,2003
2003-12-13,NASDAQ,3110.71,3062.81,3115.93,3032.09,687812478.0,8.99,1.44,13.77,3.8,67.0,14349.0,3142.0,1.22,81.03,27.73,1602.63,497.68,1235.0,4.06,24.0,16.84,8974.0,518.72,703.46,2003
2003-12-14,Dow Jones,1846.54,1868.82,1880.7,1800.88,62019334.0,5.8,9.13,4.82,9.8,114.0,9840.0,1158.0,1.03,118.59,142.13,1111.34,394.27,9770.0,9.54,8.0,66.48,11744.0,1748.7,1484.42,2003
2003-12-16,Dow Jones,4924.47,4934.0,4957.8,4918.41,487813508.0,5.8,4.38,8.74,4.88,105.0,12013.0,989.0,1.46,83.79,33.45,1345.16,378.43,5672.0,5.23,39.0,79.92,11583.0,947.28,801.78,2003
2003-12-17,S&P 500,3598.04,3601.96,3604.19,3597.74,980399384.0,5.1,5.73,9.12,6.7,103.0,5533.0,3052.0,1.02,124.28,53.99,2379.01,346.31,8632.0,5.58,12.0,76.08,13892.0,1354.91,1170.37,2003
2003-12-18,Dow Jones,4217.66,4264.54,4313.07,4192.27,344263736.0,5.1,7.46,6.35,6.66,97.0,1021.0,3437.0,1.03,145.9,74.53,2190.96,346.31,8632.0,4.08,21.0,16.22,8585.0,1452.27,1236.45,2003
2003-12-19,NASDAQ,3860.4,3858.82,3896.2,3808.9,66064475.0,5.1,7.73,6.35,9.52,103.0,25693.0,3781.0,1.43,108.16,122.53,1511.045,196.38,285.0,3.56,23.0,19.14,9149.0,260.07,228.95,2003
2003-12-20,S&P 500,3372.63,3523.6033333333335,3388.79,3294.24,684046401.0,7.19,9.2,2.89,8.65,65.0,13756.0,2844.0,0.9,142.61,55.58,831.13,361.11,2176.0,9.85,24.0,54.82,11131.0,1552.17,1303.55,2003
2003-12-21,S&P 500,1213.39,3188.3866666666668,1234.49,1197.97,73556414.0,3.43,4.27,3.89,8.04,69.0,13756.0,4945.0,1.21,136.92,48.67,2496.68,423.13,1531.0,0.41,12.0,58.06,4449.0,1956.98,1656.92,2003
2003-12-22,Dow Jones,2819.06,2853.17,2875.6,2775.22,487813508.0,3.19,2.93,9.1,9.54,69.0,26793.0,1608.0,1.35,91.32,41.76,1961.68,404.96,846.0,4.1,5.0,94.37,11087.0,869.47,739.51,2003
2003-12-23,Dow Jones,3699.15,3748.83,3780.14,3238.805,801939443.0,9.37,6.4,2.8,2.69,56.0,26793.0,3437.0,0.99,135.11,52.82,1523.74,342.56,3934.0,1.51,9.0,46.92,10783.0,433.56,355.93,2003
2003-12-24,S&P 500,3710.13,3111.675,3717.45,3702.39,468774851.0,6.21,4.16,13.45,6.36,72.0,25377.0,3437.0,1.39,116.17,44.59,1290.37,475.02,8824.0,7.26,10.0,30.32,1012.0,1976.66,1675.87,2003
2003-12-25,Unknown,2492.49,2474.52,2501.94,2433.68,901878412.0,7.75,5.95,3.85,8.93,72.0,9344.0,1867.0,1.34,144.3,35.295,807.52,392.42,7156.0,1.94,28.0,50.34,8272.0,605.85,499.04,2003
2003-12-26,Dow Jones,4766.77,4807.44,4850.41,4751.74,627355153.0,0.31,5.95,10.76,6.43,89.0,3801.0,1232.0,1.14,93.26,26.0,1061.73,316.77,7359.0,8.85,15.0,5.51,9480.0,828.61,684.22,2003
2003-12-27,Dow Jones,1669.43,1638.55,1682.24,1631.07,941460930.0,3.32,1.53,7.09,9.79,54.0,21043.0,1301.0,0.88,90.98750000000001,58.83,809.98,426.48,3075.0,3.74,19.0,6.96,10610.0,1593.42,1352.68,2003
2003-12-28,Unknown,3001.44,3012.98,3031.99,2990.12,886734770.0,4.23,4.69,7.2,1.45,94.0,27713.0,348.0,1.48,86.4425,124.49,1815.89,216.19,6415.0,9.17,20.0,57.46,7973.0,508.01,426.35,2003
2003-12-29,Unknown,3763.54,3754.11,3807.1,3730.68,540626660.0,-0.18,6.91,11.94,4.67,90.0,19163.0,1995.0,1.24,84.17,38.29,1927.68,205.4,4309.0,9.17,28.0,17.71,11333.0,1523.53,1279.72,2003
2003-12-30,Dow Jones,3788.54,3742.65,3821.7,3721.41,557469856.0,3.55,6.91,8.49,9.78,57.0,10314.0,329.0,1.16,102.41,106.83,2103.55,488.58,9413.0,7.71,24.0,85.18,10103.0,222.12,193.85,2003
2003-12-31,Unknown,3594.56,3579.29,3611.65,3564.85,579582120.0,-1.45,4.93,11.43,4.11,99.0,29490.0,2775.0,1.42,107.41,116.93,2004.665,479.93,7522.0,6.23,40.0,59.69,8961.0,1048.57,876.6,2003
2004-01-02,NASDAQ,1624.83,1643.44,1644.42,1586.72,572888327.0,0.61,4.15,9.71,0.79,53.0,13616.0,2975.0,1.19,112.41,31.51,1905.78,185.75,9436.0,9.33,8.0,42.8,9871.0,831.32,724.06,2004
2004-01-04,S&P 500,3397.21,3374.01,3421.56,3335.1200000000003,583174209.0,8.74,4.13,9.9,9.38,105.0,4206.0,127.0,1.08,123.36,68.64,2288.67,314.02,3873.0,2.88,37.0,52.59,7399.0,1852.08,1565.18,2004
2004-01-05,NASDAQ,1717.42,1748.57,1789.23,1702.62,107729248.0,1.87,6.97,10.0,4.14,54.0,16647.0,2998.0,1.34,95.65,110.92,1706.55,181.24,2963.0,4.69,28.0,50.34,4354.0,1852.08,201.98,2004
2004-01-06,Dow Jones,3820.56,3776.1,3868.29,3763.86,829737355.0,4.64,5.07,10.0,0.7,103.0,1460.0,609.0,0.98,88.54,92.5,1556.2,279.12,7915.0,0.68,17.0,79.7,5516.0,1852.11,1564.58,2004
2004-01-07,Dow Jones,2820.69,2824.5,2870.79,2809.81,601423884.0,-3.45,2.41,14.34,0.77,50.0,21043.0,740.0,1.29,129.62,100.69,1629.65,279.12,7915.0,6.59,23.0,59.58,10846.0,902.7,746.9,2004
2004-01-08,Dow Jones,3671.04,3628.1,3716.5,3621.27,164824777.0,8.57,7.96,6.9,8.97,110.0,1343.0,4736.0,1.16,121.67666666666668,108.88,1363.4733333333334,196.25,7551.0,1.25,16.0,60.7,9903.0,642.3,746.9,2004
2004-01-09,Dow Jones,4349.47,4392.87,4418.48,4321.900000000001,102617488.0,3.53,0.84,9.5,7.36,56.0,17102.0,3350.0,0.92,105.79,111.16333333333333,831.12,481.95,2023.0,6.52,35.0,24.96,8677.0,985.78,855.68,2004
2004-01-10,S&P 500,1678.91,1705.55,1723.56,1648.64,376068221.0,2.76,5.25,3.12,1.51,79.0,9395.0,3847.0,0.9,90.11,113.44666666666667,2360.96,297.09,740.0,6.72,24.0,73.5,5739.0,324.11,292.07,2004
2004-01-11,NASDAQ,1076.58,1092.37,1115.62,1041.3,159945066.0,6.92,2.09,6.66,1.02,64.0,29790.0,2819.0,1.12,141.8,115.73,2014.12,309.96,9906.0,3.25,18.0,98.29,13489.0,1428.35,1196.86,2004
2004-01-12,Dow Jones,4116.41,4148.8,4183.29,4082.4,757263620.0,-1.15,0.67,7.36,8.15,53.0,22912.0,2819.0,1.3,137.71,120.26,2304.99,339.43,1584.0,9.49,22.0,50.34,5838.0,1428.35,876.92,2004
2004-01-13,S&P 500,3438.79,3453.54,3497.74,3424.17,487813508.0,2.94,5.03,12.86,8.19,112.0,746.0,1411.0,1.22,128.12,75.93,2431.32,454.78,5954.0,7.79,26.0,50.34,5259.0,382.54,325.46,2004
2004-01-14,Unknown,3798.56,3845.45,3855.8,3782.04,884056186.0,9.41,5.0,8.67,1.64,119.0,13751.0,3436.0,1.4,118.53,31.6,1184.21,313.32,3892.0,4.97,10.0,51.84,6860.0,416.71,325.46,2004
2004-01-15,NASDAQ,4352.62,4374.02,4419.93,4318.54,879354696.0,9.41,7.07,11.5,3.36,87.0,12729.0,1590.0,1.07,100.67,120.06,1783.18,316.39,2025.0,9.19,25.0,85.06,6561.0,651.62,539.26,2004
2004-01-16,S&P 500,4211.24,4253.71,4294.47,4193.77,487764876.0,5.25,7.45,2.25,7.91,96.0,5609.0,1518.0,1.39,93.48,133.13,1626.27,196.08,1431.0,8.56,10.0,0.1,9885.0,1937.0,1637.7,2004
2004-01-17,NASDAQ,4843.68,4845.39,4894.33,4833.05,922049275.0,9.43,7.28,8.04,5.49,109.0,25132.0,1558.0,0.83,101.81,145.36,1713.95,341.13,5552.0,6.92,24.0,13.74,1450.0,601.23,516.54,2004
2004-01-18,NASDAQ,3143.74,3105.45,3187.75,3086.73,557487742.0,-0.49,4.1,8.04,9.59,51.0,12651.0,3559.0,1.06,137.11,61.32,880.39,252.46,6433.0,1.53,24.0,3.8,11779.0,1339.58,516.54,2004
2004-01-19,S&P 500,2875.645,2956.8,2970.8,2940.38,655684979.0,7.92,6.32,4.92,5.07,118.0,13897.0,2667.0,0.85,84.05,36.1,2353.78,358.71,7257.0,4.97,24.0,16.38,12248.0,1217.0,1036.29,2004
2004-01-20,S&P 500,2607.55,2570.24,2612.85,2565.82,747628374.0,9.0,5.77,2.41,6.93,57.0,23008.0,1437.0,1.44,125.38,141.9,2422.96,220.3,2240.0,8.64,7.0,70.82,7866.0,335.67,296.85,2004
2004-01-21,S&P 500,1614.76,1624.01,1629.62,1573.25,808384605.0,6.21,4.22,2.41,5.34,100.0,6825.0,3792.0,1.23,143.94,71.97,1964.71,386.29,7675.0,6.09,22.0,14.05,7866.0,134.42,296.85,2004
2004-01-22,S&P 500,3290.43,3288.68,3304.99,3246.02,905897706.0,-1.53,4.22,11.16,9.46,68.0,23191.0,4709.0,1.02,111.36,32.16,1239.07,347.56,1743.0,5.46,47.0,62.27,8650.0,134.42,1739.31,2004
2004-01-23,S&P 500,2108.05,2120.31,2151.02,2097.06,176490550.0,0.01,9.47,7.91,4.29,80.0,29928.0,3181.0,1.14,143.11,84.84,2138.25,289.79,1743.0,9.55,24.0,86.83,9981.0,321.22,289.23,2004
2004-01-25,S&P 500,3332.76,3302.24,3377.72,3265.3,968814676.0,7.47,9.06,10.71,3.6,80.0,2412.0,216.0,1.39,122.67,66.19,1776.8,350.79,6002.0,0.12,8.0,2.78,1042.0,321.22,289.23,2004
2004-01-26,Dow Jones,3371.36,3370.49,3402.55,3359.91,172528490.0,7.74,0.53,5.31,8.6,86.0,4721.0,2558.0,1.18,111.91,61.65,1433.105,443.71,8290.0,0.12,23.0,98.99,4629.0,2280.3,1895.08,2004
2004-01-27,NASDAQ,2419.7,2464.75,2465.03,2400.03,964307720.0,4.49,0.53,11.77,5.23,61.0,7874.0,1520.0,1.1,131.64,148.35,1054.205,168.43,3810.0,0.39,11.0,67.36,528.0,1725.71,485.01,2004
2004-01-29,Dow Jones,1126.98,1119.42,1131.97,1108.11,603755343.0,4.49,0.53,7.14,5.67,113.0,15189.0,3182.0,1.48,127.6,83.93,1019.0,115.83,3810.0,9.24,31.0,30.74,2044.0,2004.9,1706.78,2004
2004-01-30,Dow Jones,2693.34,2714.81,2732.98,2653.69,672732246.0,6.3,1.31,10.53,1.77,74.0,20366.0,1731.0,0.83,94.67,86.79,2030.68,112.73,9695.0,6.91,1.0,98.5,2455.0,787.45,632.58,2004
2004-01-31,Dow Jones,1338.26,1348.64,1373.71,1298.04,686755833.0,5.9,8.82,12.77,0.55,103.0,14410.0,2099.0,1.29,116.035,92.66,1161.42,436.83,6293.0,6.48,5.0,22.8,14069.0,993.39,839.76,2004
2004-02-01,NASDAQ,3427.39,3407.28,3429.56,3396.93,991248022.0,8.69,8.29,12.29,0.55,78.0,26756.0,2245.0,1.06,146.61,133.46,2347.82,391.05,8530.0,6.57,3.0,75.31,9706.0,632.83,555.95,2004
2004-02-04,NASDAQ,2636.16,3682.78,3715.13,3632.47,813646468.0,6.19,9.33,3.59,8.35,71.0,26756.0,1791.0,1.03,116.27,61.88,941.76,391.05,8853.0,6.3,24.0,88.08,7995.0,2196.94,1860.05,2004
2004-02-05,NASDAQ,1844.93,1807.99,1868.14,1758.38,255611077.0,4.46,8.31,4.82,9.3,59.0,29781.0,2804.0,1.49,87.84,94.28,1839.41,249.67,5312.0,3.06,38.0,2.94,10713.0,1112.48,929.31,2004
2004-02-06,NASDAQ,4451.99,4439.17,3216.9449999999997,4406.39,503086514.0,1.4,4.99,13.24,4.42,97.0,5064.0,2804.0,1.05,104.49,87.31,1562.3,280.84,3513.0,7.95,37.0,30.79,4363.0,1324.31,1134.36,2004
2004-02-07,Dow Jones,4544.37,4496.95,4565.75,4469.85,818540032.0,8.53,4.99,13.15,7.53,91.0,29972.0,310.0,1.24,91.47,23.89,1044.31,130.36,6485.0,3.22,17.0,48.77,5655.0,1585.59,1314.39,2004
2004-02-08,S&P 500,1786.61,1758.79,1834.41,1720.52,127182202.0,4.76,5.67,14.37,1.21,108.0,4728.0,1790.0,1.37,127.15,95.72,1703.52,238.99,2759.0,0.71,14.0,62.59,6613.0,1088.06,933.4,2004
2004-02-09,Dow Jones,1966.3449999999998,3977.75,2003.1599999999999,3907.7,604897327.0,0.98,5.88,2.99,1.05,102.0,28526.0,1877.0,0.9,120.75,112.2,2487.63,238.99,1607.0,2.01,47.0,2.92,11167.0,1591.82,1372.22,2004
2004-02-10,Dow Jones,2146.08,2116.2,2171.91,2075.86,287751643.0,-3.75,3.31,8.98,1.69,89.0,7655.0,3247.0,0.9199999999999999,82.35,73.045,917.27,415.91,7189.0,4.08,24.0,41.13,11532.0,1904.88,1604.82,2004
2004-02-11,S&P 500,4210.56,4168.57,4247.36,3526.46,306702033.0,-0.64,3.31,10.43,4.76,111.0,7655.0,2599.0,0.94,84.31,33.89,1316.455,118.73,5061.0,9.08,24.0,34.49,4143.0,470.27,388.64,2004
2004-02-12,S&P 500,4988.95,2619.835,5016.79,4977.06,987964951.0,3.16,0.78,11.24,2.51,55.0,26095.0,786.0,1.35,98.26,47.51,1715.64,106.85,2120.0,9.08,29.0,2.78,7779.0,615.48,500.19,2004
2004-02-13,S&P 500,1120.1,1071.1,1166.55,1038.35,248840076.0,3.16,3.57,10.37,5.195,53.0,817.0,2770.0,1.36,132.14,102.73,2148.71,393.0,254.0,0.9,35.0,35.6,7779.0,336.34,270.19,2004
2004-02-14,NASDAQ,4589.46,4547.94,4608.36,4529.15,163755040.0,-1.68,3.57,12.01,6.65,104.0,26676.0,1029.0,0.98,88.88,80.94,831.89,412.34,8833.0,1.96,24.0,93.18,7779.0,2222.46,1842.14,2004
2004-02-15,S&P 500,3490.52,3521.28,3544.46,3441.4,174076361.0,2.91,9.53,6.67,3.91,118.0,1210.0,1029.0,0.8,94.33,132.49,2045.69,298.25,7478.0,5.44,3.0,27.54,668.0,2176.32,1825.12,2004
2004-02-16,Unknown,4893.53,4920.68,4925.11,4860.26,509046598.0,-2.45,9.63,6.67,5.8,52.0,11888.0,1414.0,1.1,143.53,57.05,1037.8,227.15,7992.0,1.78,17.0,58.6,8129.0,1214.62,1016.54,2004
2004-02-17,S&P 500,2860.04,4672.84,2932.0,2812.21,336243556.0,7.01,5.56,4.66,4.42,56.0,9142.0,2933.0,1.28,118.23,67.46,2212.16,194.58,1704.0,0.64,44.0,29.88,6342.0,1214.62,1884.7,2004
2004-02-18,Dow Jones,2054.81,4425.0,4439.41,4379.48,563800607.0,2.27,6.07,4.66,2.11,61.0,26957.0,1873.0,1.24,115.065,88.65,1976.7,146.81,1704.0,0.64,32.0,10.76,2310.0,360.1,287.99,2004
2004-02-19,NASDAQ,1249.58,1267.9,1275.92,1206.38,487813508.0,3.61,1.86,4.66,1.2,66.0,18627.0,2345.0,1.11,111.9,79.8,1576.07,293.69,2636.0,7.84,24.0,29.04,8125.0,306.88,259.28,2004
2004-02-20,Dow Jones,2341.12,2296.35,2368.35,2280.28,401189525.0,-2.79,6.95,3.19,2.74,116.0,1823.0,1285.0,1.01,100.98,91.21,2196.69,296.44,9571.0,8.51,41.0,47.13,5494.0,960.84,815.56,2004
2004-02-22,S&P 500,4901.37,4935.92,3350.535,4893.49,487813508.0,1.15,6.95,10.17,6.38,85.0,19564.0,483.0,0.81,121.25,41.67,2090.61,411.31,5961.0,3.79,24.0,62.45,7224.0,620.98,509.35,2004
2004-02-23,S&P 500,4655.78,4297.81,4332.72,4242.08,21583027.0,7.12,6.68,13.63,6.38,66.0,4737.0,4023.0,0.85,112.97,124.43,1740.3666666666668,139.91,5378.0,7.34,33.0,94.91,14832.0,1448.24,1202.73,2004
2004-02-24,Dow Jones,4410.19,4411.04,4442.23,4370.55,422007477.0,6.55,3.1,12.91,6.38,50.0,3551.0,1621.0,0.91,108.21,25.11,1390.1233333333334,368.0,968.0,5.84,8.0,7.02,11128.0,276.48,230.2,2004
2004-02-25,S&P 500,3386.93,3399.0066666666667,4761.31,4703.52,547540938.0,-1.66,0.5,5.28,4.18,116.0,21548.0,1079.0,1.24,128.61,68.06,1039.88,260.63,3113.0,0.23,0.0,71.73,443.0,1697.39,1421.62,2004
2004-02-26,NASDAQ,1340.41,1374.94,1398.41,1317.01,6327826.0,4.24,8.32,3.74,8.25,98.0,11043.0,4277.0,1.17,108.29,31.36,2195.46,196.38,3410.0,4.02,46.0,50.34,11343.0,330.68,275.38,2004
2004-02-27,NASDAQ,2542.39,2565.11,2601.13,2493.07,487813508.0,-1.35,3.1,4.51,2.61,100.0,19588.0,3710.0,1.1,123.535,115.72,1695.46,372.64,782.0,0.53,26.0,0.2,11419.0,761.28,635.71,2004
2004-02-28,S&P 500,1284.14,1332.22,1358.69,1262.87,387948199.0,9.82,0.63,14.62,1.63,92.0,6175.0,3370.0,1.23,138.78,67.52,2202.3,179.07,1561.0,0.53,14.0,13.38,12930.0,1834.31,1553.94,2004
2004-02-29,NASDAQ,1843.17,1808.74,1862.94,1778.54,589740236.0,9.28,0.75,14.62,5.26,80.0,7287.0,2053.0,1.38,102.29,48.69,1158.97,192.37,3929.0,0.56,23.0,48.05,13441.0,2268.48,1908.3,2004
2004-03-01,S&P 500,1917.46,2328.175,1933.58,1887.3,831156966.0,3.45,2.52,4.37,6.64,73.0,3140.0,1584.0,1.18,146.25,29.86,1021.58,499.42,245.0,9.61,24.0,4.9,2683.0,799.58,666.47,2004
2004-03-02,Dow Jones,2876.43,2847.61,2906.95,2805.4999999999995,487813508.0,5.48,1.78,12.93,6.2,86.0,12817.0,983.0,0.92,141.57,45.82,1971.25,455.47,2074.0,8.44,24.0,72.24,6851.0,208.17,205.56,2004
2004-03-03,Dow Jones,2074.25,2103.5,2150.46,2041.84,845912667.0,7.02,7.74,7.14,7.28,114.0,12140.0,2627.0,1.47,96.37,84.85499999999999,899.28,378.86,5727.0,4.39,43.0,3.03,11521.0,1110.18,939.39,2004
2004-03-04,NASDAQ,1403.91,1372.6,1437.5,1352.4,188198887.0,5.81,3.22,13.69,1.04,112.0,7876.0,4923.0,0.86,147.58,123.89,1214.78,226.31,1920.0,2.48,49.0,49.59,3292.0,1337.64,1107.28,2004
2004-03-05,S&P 500,1669.96,1626.63,1673.7,1625.82,487813508.0,5.5,8.05,5.39,4.57,105.0,8638.0,223.0,1.06,139.75,149.56,2344.81,314.69,6367.0,2.48,9.0,67.64,3292.0,186.7,164.64,2004
2004-03-06,S&P 500,1589.1,1638.96,1661.99,1559.52,14754929.0,9.38,1.74,7.11,2.77,67.0,5862.0,625.0,1.44,133.605,51.32,1025.69,150.65,7968.0,4.31,29.0,50.34,11209.0,1450.01,1230.58,2004
2004-03-07,NASDAQ,4892.31,4844.79,4936.85,4844.16,73711026.0,3.95,4.93,8.56,7.71,114.0,1194.0,2186.0,1.22,127.46,27.86,1438.45,233.58,7062.0,6.0,44.0,50.34,7349.0,1450.01,731.18,2004
2004-03-08,Unknown,4037.17,4457.74,4075.41,4037.11,941883967.0,4.54,6.88,13.6,8.79,78.0,21137.0,2255.0,1.26,145.15,42.335,2407.49,127.19,6575.0,7.97,40.0,26.25,11724.0,2167.42,1357.83,2004
2004-03-08,Dow Jones,10092.925,4070.69,4075.41,4037.11,941883967.0,4.54,6.88,13.6,8.79,78.0,21137.0,2255.0,1.26,139.53666666666666,56.81,2407.49,127.19,6575.0,7.97,40.0,26.25,11724.0,644.52,555.45,2004
2004-03-09,NASDAQ,4871.05,4857.59,4920.49,4826.79,95898331.0,7.74,6.88,13.29,3.17,53.0,10885.0,1476.0,1.01,128.31,43.25,834.01,344.13,8896.0,0.52,24.0,50.34,11220.0,401.05,363.79,2004
2004-03-10,Dow Jones,2758.96,2793.12,3521.665,2749.51,367136667.0,5.05,6.01,9.47,1.4,61.0,25415.0,4506.0,1.0350000000000001,139.86,112.35,1557.04,443.0,6432.0,4.18,2.0,81.86,10207.0,1405.48,1170.32,2004
2004-03-11,S&P 500,2113.47,2118.93,2122.84,2103.88,321472184.0,5.99,9.25,4.88,2.91,105.0,15701.0,3561.0,1.06,122.73,146.0,1951.155,423.82,1706.0,9.77,24.0,33.36,12719.0,1654.33,1411.17,2004
2004-03-12,Dow Jones,4193.17,4233.33,4280.0,4160.51,6668795.0,-1.49,2.29,7.24,1.49,97.0,2268.0,4235.0,1.08,145.04,55.49,2345.27,442.43,4339.0,1.21,39.0,81.42,7544.0,675.73,563.9,2004
2004-03-13,NASDAQ,2305.02,2347.64,2365.8,2302.34,285904075.0,0.57,4.94,14.68,3.56,68.0,25167.0,4976.0,0.99,116.27,62.72,2050.48,169.84,1647.0,1.21,45.0,21.77,10746.0,1577.84,1337.66,2004
2004-03-14,S&P 500,2197.53,2148.44,2239.77,2217.5550000000003,487813508.0,-2.79,8.84,14.68,5.195,75.0,13116.0,680.0,0.95,131.56,65.65,2310.27,360.03,7073.0,2.75,23.0,35.65,10746.0,1250.59,1031.68,2004
2004-03-15,NASDAQ,1930.02,1887.56,1950.94,1880.09,191184244.0,2.59,0.78,12.15,9.75,87.0,671.0,680.0,1.05,144.19,80.39500000000001,858.43,482.7,2872.0,1.34,26.0,10.36,5503.0,1787.09,1526.88,2004
2004-03-16,NASDAQ,1518.72,1493.76,1540.76,1464.75,487813508.0,1.84,0.56,7.85,4.29,74.0,3249.0,4625.0,1.25,109.57,95.14,969.79,413.3,2087.0,8.39,25.0,49.7,7903.0,852.36,728.28,2004
2004-03-17,Dow Jones,2025.85,2042.78,2074.49,1992.76,317686896.0,9.96,2.33,8.92,2.59,105.0,3602.0,4035.0,1.46,98.74,98.33500000000001,2054.14,101.36,9677.0,6.97,15.0,38.22,10932.0,1794.96,1512.44,2004
2004-03-18,NASDAQ,2421.28,2460.11,2498.83,2385.22,617105123.0,4.17,6.33,7.58,2.08,77.0,17504.0,556.0,1.29,87.91,101.53,2080.66,452.92,2996.0,4.12,37.0,0.7,1970.0,1008.64,854.91,2004
2004-03-19,Dow Jones,3695.98,3691.97,3697.67,3679.21,909266557.0,6.8,2.6,11.14,2.14,110.0,15107.0,2900.0,1.35,148.03,66.56,1828.96,382.31,7075.0,3.69,40.0,46.54,8058.0,2290.62,1901.83,2004
2004-03-20,S&P 500,1250.26,1260.96,1290.62,1245.8,567299987.0,0.01,1.9,13.07,2.33,100.0,5714.0,1551.0,1.01,141.12,31.59,2041.47,148.82,8274.0,8.28,3.0,7.53,10782.0,711.32,608.35,2004
2004-03-21,Dow Jones,1842.03,1810.88,1851.37,2730.29,998361305.0,7.47,4.59,13.07,7.74,61.0,26064.0,303.0,0.87,113.84,66.62,2258.69,225.53,9237.0,0.91,24.0,83.71,3352.0,1065.23,886.45,2004
2004-03-22,S&P 500,4236.09,1989.7333333333333,4283.89,4214.78,34001783.0,4.23,4.59,8.25,1.08,57.0,576.0,2926.0,1.0,147.26,101.65,1727.32,147.01,9597.0,1.47,18.0,49.42,6040.0,777.18,666.26,2004
2004-03-24,NASDAQ,2370.58,2347.44,2394.03,2336.55,604453589.0,-0.58,3.01,4.3,5.47,72.0,4737.0,1952.0,1.28,87.77,70.36,1980.2,101.41,8450.0,8.17,30.0,82.13,3647.0,2058.45,1758.94,2004
2004-03-25,Dow Jones,4458.64,4458.12,4475.35,4445.28,560142775.0,3.23,6.14,14.21,5.67,86.0,25306.0,3565.0,1.46,122.1,30.02,1602.37,285.81,8450.0,7.75,23.0,5.21,4007.0,2312.5,1923.3,2004
2004-03-26,Dow Jones,1619.7,1578.31,1625.07,1573.27,202398856.0,4.51,9.46,6.11,3.9,60.0,6527.0,4145.0,1.37,106.75,37.34,1516.58,285.81,1450.0,6.24,24.0,33.79,9676.0,2002.24,1711.21,2004
2004-03-27,S&P 500,1330.95,1336.86,1344.14,1300.67,231875716.0,3.84,6.75,12.41,7.06,66.0,13741.0,2543.0,0.99,103.78,21.52,2075.28,440.45,7784.0,2.92,9.0,2.61,11887.0,440.94,355.26,2004
2004-03-28,NASDAQ,2938.15,2938.43,2940.1,2904.16,780518928.0,8.73,7.83,11.3,4.98,105.0,10867.0,2152.0,1.37,131.39,149.83,1871.8,334.89,7157.0,9.35,7.0,5.06,12517.0,815.78,676.91,2004
2004-03-30,NASDAQ,3576.6850000000004,3247.84,3301.35,3204.78,863411105.0,9.56,2.72,14.18,3.02,116.0,22739.0,2292.0,0.92,134.49,123.67,2127.68,341.46,8085.0,2.81,18.0,47.84,10171.0,409.38,322.05,2004
2004-03-31,Dow Jones,4215.22,4198.63,4221.0,4174.31,82998337.0,5.01,4.54,10.1,9.29,51.0,22739.0,2809.0,1.12,105.16,114.91,2267.685,341.46,5975.0,3.66,24.0,45.12,7106.0,1331.57,1119.11,2004
2004-04-01,Dow Jones,1548.59,1550.77,1598.08,1541.87,730229620.0,9.58,8.07,13.67,3.26,51.0,3044.0,1282.0,1.19,149.07,82.93,2407.69,454.39,7380.0,0.17,28.0,6.22,7904.0,2061.42,1740.18,2004
2004-04-02,NASDAQ,3322.8,3331.3700000000003,2325.995,3308.33,487813508.0,7.49,4.56,4.18,4.65,106.0,28688.0,2928.0,1.33,136.61,31.47,1997.24,454.39,3130.0,2.55,44.0,26.31,1575.0,1388.89,1172.11,2004
2004-04-03,Dow Jones,3022.04,2972.89,3053.91,2939.77,82102342.0,-0.94,8.47,10.15,3.83,83.0,16871.0,1058.0,1.04,125.24,29.39,1141.43,172.79,775.0,1.88,40.0,24.52,4101.0,2027.32,1703.66,2004
2004-04-04,NASDAQ,1576.32,1602.42,1634.6799999999998,1545.66,764220734.0,1.41,8.47,12.04,5.195,51.0,3357.0,4174.0,0.9,96.06,24.715,1851.43,249.01,468.0,1.88,20.0,29.73,9449.0,762.65,636.14,2004
2004-04-05,Dow Jones,3495.99,3517.29,3558.63,3469.44,689475107.0,-1.42,0.72,5.53,2.27,80.0,2053.0,2158.0,0.87,146.95,20.04,1143.08,413.76,6870.0,0.32,44.0,64.11,4034.0,420.83,363.46,2004
2004-04-07,NASDAQ,2951.34,2906.63,2976.58,2874.76,902088147.0,-2.18,1.5,12.12,7.09,105.0,13056.0,1737.0,1.47,95.63,52.6,2142.89,351.52,3460.0,1.04,47.0,33.97,4885.0,163.58,147.03,2004
2004-04-08,Dow Jones,1329.09,1354.58,1389.43,1285.02,793861149.0,-4.94,3.84,12.81,4.36,103.0,27741.0,301.0,1.47,82.57,85.16,2181.26,385.66,1571.0,0.45,17.0,78.84,3963.0,1138.87,942.54,2004
2004-04-09,Dow Jones,2838.34,2883.86,2913.2,2809.04,55748573.0,5.8,1.31,6.07,7.93,102.0,27741.0,365.0,1.48,147.66,146.74,1906.4,169.8,5451.0,1.37,18.0,41.84,2620.0,778.99,942.54,2004
2004-04-10,S&P 500,2225.85,2199.87,2267.49,2160.94,721421450.0,1.38,8.71,10.86,7.24,95.0,9653.0,3225.0,1.01,141.0,45.76,2131.62,249.07,1448.0,2.02,16.0,52.29,4200.0,1390.94,1141.57,2004
2004-04-11,NASDAQ,4289.52,1698.08,4293.13,4259.43,777135006.0,-0.31,0.23,5.96,2.32,103.0,2127.0,338.0,0.93,146.65,122.09,1602.8,249.07,3116.0,4.16,43.0,14.64,7833.0,1460.15,1242.89,2004
2004-04-12,Dow Jones,1227.91,1196.2900000000002,1262.45,1162.38,44832825.0,6.43,3.16,11.61,5.85,80.0,27043.0,390.0,1.49,130.05,107.73,1736.11,493.48,769.0,5.84,42.0,23.37,10137.0,637.06,547.67,2004
2004-04-13,S&P 500,2674.43,2682.12,2708.82,2629.32,751918842.0,7.49,1.85,11.61,7.56,73.0,12023.0,3494.0,1.49,81.92,146.68,2295.33,493.48,5827.0,3.22,23.0,72.78,877.0,2198.73,1847.05,2004
2004-04-14,Dow Jones,2833.73,2799.21,2852.69,2779.92,277608449.0,9.63,9.32,9.77,6.51,73.0,1574.0,1908.0,0.85,145.21,141.43,1638.24,177.05,1354.0,1.41,48.0,97.71,14517.0,202.7,1847.05,2004
2004-04-15,NASDAQ,3900.02,3885.64,3917.03,3020.415,381473839.0,4.63,6.69,7.41,6.2,84.0,1574.0,2189.0,1.33,109.47,36.71,1396.58,240.96,2108.0,9.4,24.0,70.49,8512.0,1840.65,1542.8,2004
2004-04-16,Dow Jones,3297.15,3316.85,3347.89,3260.91,587992130.0,1.92,9.12,4.11,7.53,106.0,14490.0,1054.0,1.0,105.77,60.0,2154.89,186.76,926.0,5.15,30.0,5.51,11182.0,1528.79,1301.11,2004
2004-04-17,Dow Jones,3668.85,3674.86,3719.41,3665.87,963812599.0,2.76,9.72,4.31,1.04,118.0,17912.0,4828.0,1.44,99.89,130.6,1895.9633333333331,160.9,2411.0,7.42,26.0,14.37,11092.0,904.18,750.95,2004
2004-04-19,Dow Jones,4448.81,4440.83,4490.05,4434.32,469623632.0,-1.81,2.34,10.03,3.09,82.0,13525.0,4180.0,1.42,136.04,69.21,1378.11,486.28,8840.0,2.85,33.0,73.28,13262.0,1804.22,1837.75,2004
2004-04-20,S&P 500,2255.5,2261.71,2281.82,2207.13,487813508.0,1.14,1.94,13.03,5.93,102.0,15337.0,383.0,0.8,97.95,101.38,1870.35,462.65,1734.0,5.6,45.0,16.68,14504.0,2246.75,1888.63,2004
2004-04-22,NASDAQ,3606.65,4318.280000000001,4363.51,4312.79,342044591.0,-4.99,7.09,2.86,8.47,75.0,15244.0,2006.0,1.03,128.86,103.28,1033.03,319.42,3769.0,3.52,26.0,55.63,14129.0,491.45,410.04,2004
2004-04-23,S&P 500,4957.8,4995.93,4998.5,4399.469999999999,623155908.0,-2.04,0.4,7.95,5.07,61.0,20046.0,2776.0,1.1,100.12,112.75,2198.86,435.45,9930.0,6.71,24.0,77.48,5747.0,491.45,577.73,2004
2004-04-24,S&P 500,4558.08,4515.87,4577.09,4486.15,207892001.0,-2.17,0.51,11.59,5.07,80.0,14247.0,3671.0,1.1,80.92,114.74,1772.59,359.54,4819.0,7.91,11.0,55.81,7839.0,235.93,195.47,2004
2004-04-25,NASDAQ,2485.87,2506.55,2523.41,2468.63,788283168.0,5.76,6.08,4.05,8.04,80.0,13607.0,4771.0,1.26,145.22,115.88,1357.48,393.06,4548.0,3.64,28.0,60.29,12529.0,435.06,365.35,2004
2004-04-26,S&P 500,1780.67,1822.67,1858.57,2688.0950000000003,158251893.0,0.29,6.42,5.53,9.01,85.0,17786.0,3859.0,0.82,101.95,148.92,2246.17,416.46,1107.0,0.15,5.0,24.95,13188.0,977.64,365.35,2004
2004-04-27,S&P 500,2957.57,2934.6400000000003,2994.71,2907.56,609990780.0,2.76,6.65,5.02,7.45,108.0,20951.0,4169.0,1.28,133.51,66.36,1862.64,293.21,1110.0,3.49,36.0,72.05,10843.0,977.64,1303.32,2004
2004-04-28,NASDAQ,3966.57,3953.62,3969.11,2936.395,492777900.0,-2.77,3.72,7.19,1.91,52.0,10195.0,1718.0,1.105,112.83,25.74,2135.82,489.92,1110.0,1.17,6.0,84.42,13768.0,2181.27,1863.64,2004
2004-04-29,NASDAQ,2970.28,2977.17,2988.23,2965.23,282524239.0,1.07,8.06,4.92,8.62,81.0,5576.0,908.0,0.93,89.39,65.35,2486.93,351.35,2900.0,1.56,24.0,87.14,9256.0,1230.59,1046.64,2004
2004-04-30,NASDAQ,2932.72,2970.89,2984.6,2892.62,926503682.0,-3.45,5.34,6.58,6.38,64.0,11554.0,3886.0,0.895,126.33,138.5,1021.47,353.39,8601.0,3.66,18.0,3.04,6155.0,2201.78,1869.64,2004
2004-05-01,Dow Jones,4352.92,4397.11,4424.49,4307.17,404101434.0,3.0,1.05,11.47,6.29,115.0,29554.0,1041.0,0.86,96.21,30.84,2074.31,156.42,7827.0,2.08,24.0,62.5,11569.0,189.45,156.76,2004
2004-05-02,Dow Jones,2445.62,2469.58,2476.81,2407.79,403421178.0,-3.53,7.97,9.94,9.25,112.0,3397.0,139.0,1.49,100.15,104.1,2088.04,495.09,7628.0,9.35,49.0,98.95,14475.0,835.29,714.78,2004
2004-05-03,NASDAQ,4439.18,4397.84,4445.88,4356.72,642669422.0,6.86,9.53,9.94,2.86,50.0,10037.0,1438.0,1.35,82.27,75.01,2286.97,128.31,8447.0,9.35,20.0,58.73,11966.0,1250.7,389.95,2004
2004-05-04,NASDAQ,2627.22,2644.14,2691.33,2616.4,289609327.0,3.5,0.6,10.29,2.78,54.0,22446.0,4752.0,1.29,81.15,139.8,1493.71,494.25,9928.0,5.18,24.0,17.21,11966.0,1807.16,1539.22,2004
2004-05-05,NASDAQ,2312.93,2303.96,2353.14,2290.78,368388394.0,5.86,3.91,8.2,5.38,55.0,25057.0,1421.0,1.06,115.95,104.13666666666668,2278.41,464.23,5157.0,0.1,39.0,87.77,6950.0,1479.57,1212.18,2004
2004-05-06,Dow Jones,2815.96,2813.03,2824.99,2802.6,922449592.0,1.28,4.88,14.15,7.63,54.0,9181.0,1754.0,0.83,84.05,68.47333333333334,1887.8,442.57,5157.0,1.04,24.0,26.5,11411.0,1616.32,1358.18,2004
2004-05-07,Dow Jones,2159.985,4004.7,4070.12,3966.45,988301362.0,0.72,1.46,5.76,4.75,77.0,22136.0,3168.0,0.865,94.66,32.81,916.91,442.57,3252.0,7.88,31.0,4.6,9285.0,194.93,155.86,2004
2004-05-08,Unknown,1504.01,1473.12,1521.79,1425.72,873473407.0,-3.53,8.68,11.44,6.52,118.0,8351.0,4838.0,0.9,144.67,23.21,853.58,343.54,7907.0,7.88,24.0,43.11,3620.0,238.11,232.83,2004
2004-05-09,S&P 500,1785.68,1814.73,1854.28,1749.84,487813508.0,2.86,2.84,11.5,4.8,93.0,25501.0,494.0,1.38,85.8,37.76,1494.745,498.65,7938.0,0.45,2.0,10.12,10849.0,245.07,208.59,2004
2004-05-10,NASDAQ,4805.78,4801.18,4831.29,4757.11,843412072.0,2.72,2.84,4.88,6.3,65.0,15085.0,891.0,1.22,100.36,47.86333333333333,2135.91,489.6,3230.0,8.26,14.0,11.61,6488.0,1774.71,1476.42,2004
2004-05-11,Dow Jones,1701.97,1682.14,1708.36,1650.21,613795847.0,2.02,6.71,13.74,8.31,71.0,7728.0,3733.0,1.06,130.86,57.96666666666666,1453.19,424.73,3230.0,3.03,20.0,46.38,8553.0,229.03,205.67,2004
2004-05-12,Dow Jones,3270.91,3259.31,3307.86,3239.93,938695765.0,6.11,5.98,8.39,2.21,72.0,14770.0,2044.0,1.29,141.9,68.07,2248.11,134.74,3230.0,3.86,29.0,61.31,10283.0,1110.71,205.67,2004
2004-05-14,NASDAQ,3424.9449999999997,2983.4,2996.55,2954.73,481298165.0,6.26,2.21,3.9,7.98,117.0,15855.0,4472.0,0.81,92.98,117.83,844.69,446.37,4569.0,0.16,46.0,70.55,4738.0,1972.88,1679.92,2004
2004-05-15,S&P 500,3578.98,3556.21,3597.75,3554.64,627055684.0,-2.84,0.47,5.35,4.75,92.0,6095.0,293.0,0.98,107.15,129.89,2455.23,381.01,3480.0,7.21,13.0,84.28,12137.0,2135.64,1793.89,2004
2004-05-16,NASDAQ,1919.31,1881.06,1944.2,1846.29,18343120.0,4.33,2.41,9.62,3.57,75.0,24274.0,4374.0,1.34,105.27,83.43,1632.34,381.01,1730.0,9.49,46.0,41.24,3522.0,1354.81,1145.51,2004
2004-05-18,S&P 500,2488.69,2530.77,2542.87,2461.08,788923533.0,5.42,8.33,8.5,8.07,119.0,11423.0,317.0,0.88,96.96,35.64,1138.79,107.77,6876.0,8.66,36.0,59.32,587.0,1023.85,861.02,2004
2004-05-19,Unknown,3646.67,3654.83,3674.76,3618.79,719721254.0,2.76,3.66,6.86,3.62,80.0,20875.0,3682.0,0.83,98.81,33.76,1305.46,457.12,135.0,4.16,40.0,69.58,10072.0,247.78,190.09,2004
2004-05-19,NASDAQ,3646.67,3654.83,3674.76,3618.79,719721254.0,0.73,3.66,6.86,3.62,80.0,20875.0,3682.0,0.83,98.81,33.76,1305.46,457.12,135.0,4.16,40.0,69.58,10072.0,247.78,371.98,2004
2004-05-20,S&P 500,1564.89,1568.24,1569.2,1551.02,378672488.0,-3.01,7.55,10.33,3.89,66.0,10099.0,4752.0,1.15,89.34,46.05,1623.28,398.8,824.0,8.78,47.0,56.87,3520.0,1502.7,1255.12,2004
2004-05-21,S&P 500,3283.51,3293.15,3331.77,3259.72,483829659.0,7.93,4.39,8.33,3.69,58.0,6962.0,3590.0,1.34,91.43,147.65,2255.52,274.34,824.0,3.08,27.0,26.53,14246.0,1018.3,835.9,2004
2004-05-22,Dow Jones,2699.04,1727.68,1749.63,1704.14,487813508.0,4.21,7.85,8.33,5.24,104.0,13807.0,2915.0,1.47,122.47,143.89,973.32,404.16,2606.0,3.08,1.0,37.04,7713.0,2159.86,1822.6,2004
2004-05-23,S&P 500,2114.57,2145.28,2147.48,2095.15,915568400.0,0.32,9.76,10.45,7.17,55.0,6868.0,4003.0,0.99,100.45,140.13,2126.58,473.37,3397.0,6.47,21.0,44.89,6713.0,136.68,97.74,2004
2004-05-24,NASDAQ,1874.84,1877.17,1909.85,1833.81,149437666.0,0.32,2.4,7.49,7.83,119.0,25498.0,4023.0,1.0350000000000001,107.98,135.06,1784.9,211.96,990.0,6.27,6.0,1.51,6537.0,1356.87,1125.2,2004
2004-05-25,NASDAQ,1731.35,1693.02,1770.05,1670.46,604762343.0,3.06,8.62,6.44,4.23,113.0,28031.0,1885.0,1.08,108.84,129.99,1649.43,214.33,1500.0,8.06,43.0,88.0,10550.0,784.38,649.6,2004
2004-05-26,S&P 500,4302.84,4265.75,1970.625,4235.57,325163861.0,8.85,6.22,3.22,6.8,53.0,9906.0,4272.0,0.84,87.68,60.3,2290.2,293.06,8019.0,4.37,31.0,51.19,11498.0,784.38,1069.95,2004
2004-05-27,Dow Jones,2142.83,2146.52,2171.2,4450.379999999999,293386540.0,3.95,8.17,4.86,7.35,53.0,9906.0,4794.0,1.03,137.36,103.49000000000001,1000.8,382.76,9318.0,2.59,15.0,75.13,11939.0,648.14,541.35,2004
2004-05-28,Dow Jones,4708.5,4752.16,4762.43,4665.19,530288879.0,9.57,6.52,4.91,3.32,105.0,2300.0,3933.0,1.25,146.95,146.68,2484.28,497.21,4201.0,2.63,35.0,17.27,13274.0,648.14,1522.53,2004
2004-05-29,S&P 500,4879.71,4860.55,4916.57,4816.03,650013300.0,-2.95,4.24,14.16,1.42,67.0,14914.0,1282.0,0.92,98.45,141.29,2252.88,497.21,7671.0,3.31,1.0,55.71,5083.0,1315.16,1089.76,2004
2004-05-30,S&P 500,3285.04,3321.99,3356.98,3193.14,817949084.0,3.52,2.28,14.16,9.0,81.0,29536.0,623.0,1.24,100.61,127.19666666666666,1353.75,236.85,2760.0,6.17,24.0,92.62,12766.0,931.35,812.59,2004
2004-05-31,NASDAQ,1572.0,1598.41,1610.72,1570.25,171587145.0,6.97,0.7,2.55,6.93,97.0,10761.0,3396.0,1.3199999999999998,128.52,113.10333333333334,1567.68,236.85,6058.0,8.38,48.0,21.51,12766.0,2001.53,1687.64,2004
2004-06-01,S&P 500,2498.19,2472.9700000000003,2543.36,2459.92,997294289.0,2.88,5.36,3.8,6.93,78.0,29719.0,4579.0,1.4,85.64,99.01,842.51,390.33,3849.0,5.0,2.0,34.65,10672.0,466.06,394.82,2004
2004-06-02,Dow Jones,4190.93,2451.355,4196.15,4130.620000000001,184984875.0,-3.63,9.9,3.03,1.06,81.0,2877.0,468.0,1.05,143.51,128.61,1696.93,454.64,8967.0,4.03,47.0,38.89,7655.0,2094.19,1789.79,2004
2004-06-03,S&P 500,2469.56,2429.74,2518.69,2384.27,487813508.0,3.74,7.38,9.66,8.27,74.0,7823.0,4483.0,1.1,88.44,71.91,1731.12,173.52,8809.0,7.94,22.0,38.39,376.0,937.79,775.2,2004
2004-06-05,NASDAQ,3227.14,3197.11,3261.53,3193.02,708338822.0,5.93,8.27,8.48,8.55,58.0,16726.0,2251.0,1.4,100.41,37.95,1459.47,173.52,7205.0,6.89,38.0,39.44,376.0,163.17,158.06,2004
2004-06-06,NASDAQ,4380.48,4367.61,4427.42,4360.84,284904157.0,6.42,7.69,6.81,9.76,63.0,1771.0,3980.0,1.5,102.63,70.815,1759.2600000000002,148.52,6733.0,1.06,27.0,67.44,13802.0,2122.15,1784.38,2004
2004-06-07,NASDAQ,4183.71,4183.88,4220.0,4175.93,533992018.0,6.56,2.82,12.45,9.59,69.0,5520.0,226.0,1.38,89.86,103.68,2059.05,354.02,6794.0,1.13,44.0,48.51,14512.0,1138.71,980.81,2004
2004-06-08,Unknown,1700.49,1723.04,1732.56,1668.97,58290806.0,4.95,0.14,6.17,8.63,59.0,5520.0,2187.0,1.19,125.24,76.82,1834.48,180.95,5494.0,6.44,40.0,15.85,10758.0,977.23,820.85,2004
2004-06-09,S&P 500,3691.06,3652.38,3713.17,3615.61,730747387.0,-1.76,1.18,7.96,0.6,60.0,5520.0,3243.0,1.33,135.65,48.37,1065.5,276.46,4803.0,0.83,7.0,94.86,11028.0,137.22,100.71,2004
2004-06-10,S&P 500,1882.02,2761.86,1885.6,1829.68,96090390.0,1.06,8.77,11.38,8.91,88.0,934.0,1870.0,1.47,146.52,56.77,1092.09,150.72,8453.0,0.83,32.0,24.03,12996.0,1256.95,1092.78,2004
2004-06-11,S&P 500,1872.83,1871.34,1892.31,1824.31,487813508.0,1.06,8.37,11.38,1.21,68.0,20482.0,4153.0,1.4,103.21,100.46,1035.18,373.45,700.0,6.24,3.0,56.29,11740.0,1902.93,1604.3,2004
2004-06-12,S&P 500,4496.29,4500.37,4537.45,4486.2,114922768.0,9.3,2.95,12.31,8.59,68.0,28625.0,346.0,1.39,123.48,114.3,1170.14,260.55,9851.0,4.38,6.0,6.16,11502.0,387.89,329.95,2004
2004-06-13,NASDAQ,1998.68,2030.52,2049.84,3247.17,712072788.0,-3.82,2.85,10.6,3.16,92.0,4271.0,3418.0,1.25,109.05,129.24,1358.16,326.9,8956.0,5.61,10.0,91.87,5462.0,1590.59,1345.78,2004
2004-06-14,Dow Jones,2052.99,2020.16,2069.5,2008.14,2436953.0,3.03,7.93,7.34,6.3,110.0,15373.0,2181.0,1.11,119.05,144.18,2057.43,309.42,5057.0,9.77,39.0,92.81,8138.0,1290.15,1057.34,2004
2004-06-15,S&P 500,1002.61,1033.39,1063.16,984.67,577981752.0,-0.31,9.38,8.55,0.86,119.0,9226.0,2157.0,0.88,91.41,21.06,903.57,377.59,6273.0,6.32,7.0,36.52,4028.0,1402.56,1188.11,2004
2004-06-16,Dow Jones,4482.68,4501.97,4545.58,4436.95,492009563.0,-1.62,7.79,14.57,7.83,114.0,9072.0,3089.0,1.46,120.72,111.01,2194.76,458.23,4676.0,5.91,19.0,12.19,10833.0,1637.61,1356.25,2004
2004-06-17,S&P 500,3996.0,4175.97,4178.35,4141.62,575488486.0,2.59,6.06,10.6,1.56,72.0,19034.0,3697.0,1.46,139.44,96.61,1246.19,211.9,4416.0,3.8,24.0,77.02,4554.0,2246.67,1879.41,2004
2004-06-18,S&P 500,3509.32,3529.27,3548.54,3472.41,105005024.0,2.59,2.43,13.76,4.4,109.0,4624.0,439.0,0.98,140.46,82.21,1842.82,211.9,7833.0,6.31,24.0,26.3,12638.0,1750.02,1479.25,2004
2004-06-19,Dow Jones,4001.06,3992.26,4008.97,3967.75,857161063.0,-4.85,5.26,4.32,8.27,59.0,12617.0,2828.0,1.29,113.84,94.08,1739.71,329.51,6363.0,0.13,24.0,70.09,2939.0,412.67,1479.25,2004
2004-06-20,NASDAQ,1608.19,1572.03,1642.96,1570.59,460684562.0,6.7,2.34,8.28,7.11,112.0,6102.0,1691.0,0.94,96.5,93.0,1061.84,226.06,6112.0,5.57,10.0,91.52,377.0,2158.51,1826.56,2004
2004-06-21,S&P 500,2833.29,2849.87,2855.16,2830.08,311917404.0,7.3,8.08,13.81,7.11,51.0,28204.0,3261.0,1.08,138.57,120.92,1288.41,299.83,8040.0,5.57,24.0,59.06,4366.0,1581.01,1328.02,2004
2004-06-23,S&P 500,1375.11,1389.05,1403.36,1339.17,702036051.0,-2.29,8.08,14.58,0.9,106.0,5667.0,4729.0,1.07,106.4,29.54,1860.51,270.77,1490.0,5.63,35.0,22.54,1619.0,1344.92,1328.02,2004
2004-06-24,Dow Jones,2944.52,2928.32,2954.47,2917.55,778484798.0,3.92,3.82,3.26,6.9,115.0,5986.0,3438.0,1.02,144.71,111.39,2140.45,208.21,7347.0,6.68,5.0,91.05,6932.0,136.43,133.79,2004
2004-06-25,NASDAQ,4682.96,4723.65,4770.47,4646.86,62378377.0,3.92,8.24,13.73,9.71,69.0,20933.0,2798.0,1.04,148.84,71.88,2493.69,445.59,7626.0,3.85,6.0,22.74,11741.0,136.43,692.46,2004
2004-06-26,Dow Jones,1160.24,3274.395,1169.91,1119.71,800865853.0,0.02,3.33,7.79,6.72,91.0,17430.0,3223.0,1.35,107.69,126.42,2124.14,445.59,4386.0,4.19,9.0,22.66,10833.0,1594.01,1355.64,2004
2004-06-28,NASDAQ,1830.16,1825.14,1831.24,1787.8200000000002,147868343.0,6.74,6.15,13.43,3.87,115.0,21306.0,2153.0,1.37,120.68,21.33,1754.59,445.59,9951.0,7.59,3.0,55.53,12665.0,560.4,462.02,2004
2004-06-29,Dow Jones,1952.59,1978.23,2002.41,1932.39,414861984.0,-4.65,0.7,5.28,3.87,87.0,10443.0,1609.0,1.2,130.55,106.64,1406.51,424.39,9951.0,0.18,8.0,79.96,10674.0,382.57,342.28,2004
2004-07-01,S&P 500,2872.28,2871.74,2888.36,2833.54,405465176.0,7.15,5.74,3.77,5.83,73.0,3615.0,112.0,1.44,105.67,30.8,1155.37,438.73,1927.0,0.14,48.0,64.73,6543.0,2145.3,1813.6,2004
2004-07-02,NASDAQ,3457.29,2904.67,2911.28,2815.6,861136600.0,6.27,5.08,10.57,4.3,75.0,718.0,4134.0,0.9,84.4,84.25,1747.03,230.45,9408.0,3.19,18.0,18.99,4304.0,1973.68,1673.1,2004
2004-07-03,S&P 500,4042.3,4019.07,4061.12,4001.8,136488756.0,6.41,8.39,14.71,7.8,51.0,625.0,1680.0,1.04,122.93,101.36,2408.23,394.24,2105.0,5.2,45.0,69.24,9347.0,1973.68,539.7,2004
2004-07-05,Unknown,2949.06,2988.92,3028.04,2940.78,317501507.0,6.27,5.22,8.01,3.74,83.0,16825.0,4733.0,1.08,119.22,63.915,1541.48,124.88,6690.0,4.85,37.0,20.15,1179.0,1573.07,1321.14,2004
2004-07-06,Unknown,2719.94,2759.57,2786.11,2709.74,931437512.0,0.8,9.27,4.35,6.77,111.0,14190.0,2151.0,0.97,84.92,26.47,1146.54,395.03,267.0,9.25,21.0,64.33,10055.0,708.63,583.74,2004
2004-07-07,Dow Jones,3387.64,3406.21,3435.7,3352.97,823166670.0,8.48,0.65,11.69,5.72,90.0,13106.0,3976.0,1.2,87.11500000000001,137.74,1710.0,247.36,8580.0,6.85,38.0,90.79,11884.0,1135.18,968.69,2004
2004-07-08,NASDAQ,4998.23,5034.13,5044.16,4952.38,730452023.0,-2.34,1.13,3.53,3.15,64.0,26404.0,4917.0,1.35,89.31,119.15,2273.46,257.2,1137.0,7.82,0.0,77.19,2594.0,1275.12,1063.48,2004
2004-07-09,S&P 500,4077.8,4036.68,4092.17,4016.95,487813508.0,-0.61,5.97,5.12,3.08,104.0,9915.0,1923.0,1.14,141.81,142.33,2297.8566666666666,329.66,6298.0,5.8,48.0,33.31,6735.0,582.3,478.96,2004
2004-07-10,Dow Jones,2591.46,2627.96,2636.05,2582.47,368325017.0,3.27,3.54,4.55,5.62,52.0,4680.0,3530.0,1.03,130.0,116.35333333333334,2322.2533333333336,494.75,4923.0,8.96,20.0,82.39,12988.0,2082.48,1751.31,2004
2004-07-11,S&P 500,4310.21,4292.27,4322.67,4278.02,805710619.0,3.27,4.64,9.18,1.96,87.0,5660.0,2840.0,0.91,124.55,90.37666666666667,2346.65,168.6,7628.0,1.47,48.0,96.66,9180.0,2230.9,1882.55,2004
2004-07-12,NASDAQ,1682.83,1650.66,2735.245,2679.6400000000003,510725510.0,1.36,3.28,13.35,8.2,100.0,19654.0,1888.0,0.82,121.08,64.4,1456.27,219.94,4073.0,4.5,6.0,33.26,8423.0,821.1,1882.55,2004
2004-07-13,NASDAQ,1121.85,1095.79,1147.82,1081.26,324600543.0,2.39,4.05,8.64,1.16,66.0,10266.0,2052.0,1.27,89.18,87.05,814.82,359.48,9476.0,5.97,45.0,18.76,9553.0,1814.05,1521.58,2004
2004-07-14,Dow Jones,1817.79,1809.59,1845.92,1797.91,124837515.0,2.39,8.23,2.76,1.4,66.0,2442.0,2804.0,0.82,115.06,141.66,2026.02,380.39,9774.0,8.73,6.0,19.83,349.0,1522.66,1288.1,2004
2004-07-15,NASDAQ,2361.65,2336.77,2408.9,2410.95,845556898.0,2.85,5.93,9.32,3.75,70.0,12032.0,1051.0,1.44,93.77,134.8,1678.92,382.46,299.0,3.08,21.0,40.09,1165.0,2121.36,1773.58,2004
2004-07-16,S&P 500,3042.32,3024.38,3052.1,3023.99,875466995.0,0.44,9.97,12.37,1.62,73.0,21341.0,4823.0,1.22,120.02,137.10250000000002,2116.02,338.16,299.0,3.08,12.0,5.33,1096.0,1695.7,1773.58,2004
2004-07-17,NASDAQ,3460.52,3424.02,3595.8266666666664,3397.06,733443262.0,-1.28,7.87,3.72,5.02,89.0,11106.0,3520.0,1.05,111.31,139.405,1769.5,335.31,3513.0,9.74,24.0,48.83,330.0,1125.12,920.77,2004
2004-07-18,S&P 500,4642.42,4622.04,4683.28,4582.35,133875295.0,1.13,2.74,2.95,4.3,69.0,1754.0,3127.0,1.07,127.58,144.01,1397.15,159.24,278.0,0.26,21.0,73.26,330.0,634.67,537.2,2004
2004-07-19,S&P 500,3039.42,3046.65,3074.66,3026.11,793132360.0,2.74,2.64,4.44,7.36,84.0,1487.0,3201.0,1.09,148.77,130.58,913.16,433.85,8741.0,1.52,25.0,53.09,10201.0,1272.97,1076.47,2004
2004-07-20,NASDAQ,3005.1,2999.29,3017.85,2969.13,278332301.0,6.19,3.36,11.7,9.55,97.0,24121.0,3201.0,1.41,105.27,110.39500000000001,2272.09,103.56,1824.0,4.22,17.0,50.34,9119.0,2067.28,1747.17,2004
2004-07-21,Dow Jones,1200.97,1185.64,1214.1,1152.19,936841292.0,-3.18,8.43,9.69,7.66,82.0,26924.0,3688.0,1.48,123.17,90.21,1152.04,267.03,1279.0,4.96,24.0,50.34,11453.0,103.89,101.73,2004
2004-07-22,NASDAQ,1139.65,1164.3000000000002,2236.6800000000003,1106.9,319070199.0,-1.68,0.27,9.03,2.2,82.0,15423.0,3945.0,0.86,140.51,81.89,2451.29,186.16,4935.0,8.34,1.0,1.42,11453.0,103.89,1107.16,2004
2004-07-23,S&P 500,3204.64,3243.99,3259.26,2144.625,399828411.0,0.69,2.3,5.24,9.39,90.0,8611.0,1247.0,1.34,86.5,100.125,1217.92,186.16,4935.0,4.48,18.0,47.07,10530.0,435.1,345.23,2004
2004-07-24,S&P 500,2752.71,2778.39,2815.62,2735.38,996388331.0,0.41,9.05,6.32,4.23,103.0,24839.0,3617.0,0.98,136.02,125.14,2205.96,227.8,1077.0,5.47,13.0,93.0,4176.0,1931.16,1626.58,2004
2004-07-25,NASDAQ,4356.72,4339.92,4359.1,4298.12,487813508.0,2.76,6.4,14.56,5.0,93.0,15324.0,3158.0,1.08,96.76,103.38,2140.87,362.87,3740.0,2.0,24.0,9.68,4063.0,633.12,534.15,2004
2004-07-26,Dow Jones,1642.72,1667.16,1678.12,1604.8,487813508.0,2.76,2.27,5.13,4.5,60.0,22237.0,1517.0,1.18,117.82,81.62,1586.67,298.83,8957.0,5.69,24.0,22.37,4063.0,1661.97,1382.9,2004
2004-07-27,Dow Jones,1099.89,1065.09,1135.2,1049.03,325175186.0,-0.14,2.19,13.72,3.17,63.0,12593.0,4009.0,1.5,149.41,94.73,1791.105,449.41,882.0,3.48,47.0,71.58,8146.0,210.34,173.11,2004
2004-07-28,S&P 500,2796.16,2759.19,2835.29,1342.98,809190877.0,2.53,8.63,9.55,9.0,91.0,14240.0,4845.0,1.2966666666666666,148.88,107.84,1995.54,339.87,4397.0,0.99,38.0,50.34,8056.0,734.52,173.11,2004
2004-07-29,S&P 500,1949.91,1934.47,2049.71,1930.88,295638991.0,4.36,8.94,3.6,5.195,61.0,13618.0,3789.0,0.89,102.11,96.9,1698.54,201.25,8138.0,9.46,47.0,76.55,4322.0,339.7,262.93,2004
2004-07-30,Dow Jones,2996.15,1229.23,1264.13,1193.75,349703115.0,-1.52,2.56,8.08,6.0,66.0,12411.0,2872.0,1.22,89.22,62.08,1874.33,306.09,6832.0,0.82,19.0,41.99,5864.0,324.82,287.78,2004
2004-07-31,NASDAQ,3898.39,3873.02,3917.79,3843.88,161562377.0,5.78,2.56,14.33,2.78,74.0,15501.0,2928.0,1.2349999999999999,145.67,99.2,1599.37,190.95,9779.0,6.78,24.0,79.63,14812.0,1086.34,911.6,2004
2004-08-01,S&P 500,1446.37,1402.7,1454.37,1400.12,628589057.0,3.21,8.35,7.44,8.08,75.0,10009.0,2269.0,1.25,142.55,99.58,1747.16,171.46,3650.0,9.08,4.0,55.2,11137.0,495.39,435.9,2004
2004-08-02,S&P 500,3433.28,3396.45,3453.19,3379.6,688745553.0,1.7,7.71,13.22,7.85,96.0,1871.0,2349.0,1.04,123.12,76.22,1121.56,482.01,8100.0,1.79,48.0,8.34,12962.0,254.59,233.45,2004
2004-08-03,Dow Jones,2124.2,2160.07,2189.07,2086.54,371315148.0,7.15,8.14,5.33,3.31,74.0,13663.0,3958.0,1.48,127.855,144.84,894.17,287.21,7636.0,2.37,20.0,38.68,8531.0,254.59,1735.92,2004
2004-08-04,NASDAQ,1693.98,1707.36,1754.76,2271.35,487813508.0,-1.35,5.18,9.42,6.97,109.0,860.0,1725.0,1.5,132.59,104.91,1405.07,360.48,3550.0,4.27,24.0,33.39,8531.0,759.31,616.59,2004
2004-08-05,Dow Jones,2519.01,2494.33,2522.45,2456.16,727941463.0,-1.35,9.12,12.97,7.19,109.0,8604.0,1725.0,1.34,91.26,130.59,1591.97,449.37,8414.0,2.95,13.0,81.03,11401.0,1669.63,1402.24,2004
2004-08-06,NASDAQ,4205.78,4211.31,4236.679999999999,4168.51,744516517.0,3.42,3.26,13.97,5.84,76.0,14686.0,2705.0,1.36,146.01,119.80666666666667,2340.25,228.87,6297.0,7.59,15.0,62.53,7817.0,568.28,488.39,2004
2004-08-07,NASDAQ,2568.37,2571.13,4140.36,2556.08,621791179.0,2.76,1.57,8.32,6.21,92.0,14686.0,1947.0,1.17,110.46,109.02333333333333,1503.7,415.61,5690.0,3.38,44.0,77.76,12666.0,462.98,410.94,2004
2004-08-08,NASDAQ,4003.08,4018.62,4044.04,3966.64,487813508.0,8.13,7.09,10.32,5.96,69.0,28277.0,678.0,0.98,123.06,98.24,1537.66,415.53,7473.0,9.86,24.0,37.28,11514.0,778.26,651.72,2004
2004-08-09,S&P 500,1501.95,1475.27,1503.15,1437.88,298009211.0,7.26,5.39,2.04,1.28,112.0,24668.0,1236.0,0.91,99.68,60.08,1947.21,429.6,6410.0,8.59,24.0,69.21,6813.0,1376.12,1139.38,2004
2004-08-10,Dow Jones,4091.09,4127.53,4143.18,4071.22,690408476.0,4.02,8.55,5.29,6.87,74.0,24972.0,3510.0,1.19,113.26,63.169999999999995,1151.54,175.79,5185.0,8.95,40.0,6.62,8979.0,1779.95,1522.45,2004
2004-08-11,Dow Jones,1947.73,1928.67,1988.72,1918.15,421695765.0,6.3,0.81,5.62,4.96,76.0,28966.0,3233.0,1.47,132.82,69.35,2281.79,485.14,5185.0,0.64,27.0,3.77,13801.0,2007.79,1697.21,2004
2004-08-13,S&P 500,3263.13,2130.6,3285.66,3168.67,817410624.0,3.21,2.93,5.64,8.67,59.0,3283.0,3233.0,0.87,139.3,38.3,2382.34,410.73,9698.0,1.69,1.0,50.34,4369.0,339.01,307.1,2004
2004-08-14,S&P 500,4716.58,2332.53,4730.86,4671.87,881870954.0,-4.07,6.55,6.17,0.72,99.0,563.0,1257.0,0.84,129.91,107.12,1261.16,164.92,4704.0,6.72,7.0,53.46,5050.0,1496.8,1245.6,2004
2004-08-15,Dow Jones,2549.29,2534.46,2564.19,2525.81,652866422.0,-3.65,0.4,14.59,5.195,79.0,19112.0,3958.0,0.8825,85.42,59.92,1591.51,469.69,8855.0,0.12,12.0,40.94,11506.0,271.91,214.93,2004
2004-08-16,S&P 500,1264.66,1269.01,1288.17,1230.52,926497511.0,7.44,6.1,10.69,1.65,50.0,27710.0,1749.0,0.9675,122.48,124.79,2122.87,271.14,824.0,8.06,37.0,89.67,2404.0,1679.07,1404.33,2004
2004-08-17,S&P 500,1076.62,1033.89,1118.4,1012.53,126679807.0,-4.1,7.17,7.54,0.84,103.0,4349.0,4764.0,1.01,122.88,104.29,1745.08,367.46,7321.0,5.47,18.0,49.79,2247.0,1679.07,1385.97,2004
2004-08-18,NASDAQ,4307.43,4336.44,4384.8,4277.85,487813508.0,-2.46,3.69,14.84,0.84,53.0,23216.0,4472.0,1.19,106.66,60.37,1924.12,440.08,8538.0,5.66,24.0,61.38,2634.0,1011.4,1385.97,2004
2004-08-19,S&P 500,3098.94,3070.72,3120.87,3034.02,181087841.0,6.94,2.15,3.99,9.89,53.0,4438.0,1686.0,0.96,102.59,66.8,1277.18,212.95,2728.0,5.37,30.0,98.58,9663.0,1117.86,924.46,2004
2004-08-20,NASDAQ,4100.98,4118.68,4138.35,4075.23,487813508.0,-4.98,5.38,8.19,3.07,79.0,18399.0,2058.0,1.17,84.4,142.48,1358.38,255.6,6383.0,5.35,24.0,52.29,2692.0,1764.3,1504.51,2004
2004-08-21,Dow Jones,1937.7,1968.02,2010.35,1897.0,195018720.0,-0.76,8.33,10.41,6.81,114.0,9271.0,2423.0,1.38,111.23,142.87,1662.94,225.36,8696.0,1.98,4.0,78.37,3537.0,2219.53,1874.31,2004
2004-08-22,S&P 500,2380.33,2386.52,2407.87,2344.22,29148419.0,3.76,3.24,2.72,1.62,78.0,23197.0,333.0,1.47,103.56,74.39,1144.22,213.15,1347.0,2.83,22.0,41.44,5371.0,96.76,81.29,2004
2004-08-23,Dow Jones,1120.42,1144.51,1172.11,1089.67,118399525.0,3.76,2.52,11.32,6.22,74.0,13109.0,1365.0,0.93,115.375,108.29,1014.72,304.12,2494.0,4.88,29.0,3.73,2729.0,1431.48,1205.36,2004
2004-08-24,Dow Jones,4845.97,4862.16,4873.71,4838.43,141252317.0,2.76,2.79,3.3,9.85,74.0,13983.0,131.0,1.39,127.19,147.4,2234.46,318.7,5058.0,6.78,31.0,83.46,6897.0,1449.41,1224.15,2004
2004-08-27,Dow Jones,2061.99,2041.46,2102.44,2034.61,493685677.0,5.88,0.04,14.08,9.98,80.0,27489.0,859.0,1.14,134.51,91.95,1797.14,268.0,8924.0,8.11,43.0,50.41,8630.0,1636.07,1406.67,2004
2004-08-28,S&P 500,3445.85,3452.97,3492.01,3421.44,33503123.0,2.48,7.82,10.88,6.09,110.0,27489.0,3303.0,1.46,113.63,114.46,1514.45,455.81,6535.0,2.74,41.0,42.47,8630.0,470.58,404.79,2004
2004-08-29,NASDAQ,3714.0,3738.54,3749.29,3701.06,829093273.0,4.13,6.99,10.52,3.44,57.0,19009.0,1894.0,1.28,85.3,44.29,1880.12,455.81,6520.0,5.6,24.0,99.69,1207.0,983.45,824.29,2004
2004-08-30,NASDAQ,2270.2,2258.1,2305.98,2220.37,189542286.0,8.47,1.29,9.22,6.9,118.0,12461.0,4988.0,1.05,134.64,126.85,2245.79,388.04,6242.0,3.49,46.0,90.35,7740.0,977.7,809.15,2004
2004-08-31,S&P 500,4392.44,4372.72,4432.44,3498.955,487813508.0,2.76,9.85,5.81,8.53,50.0,6896.0,861.0,1.5,86.32,80.9,1575.64,441.51,8950.0,1.91,29.0,4.21,4320.0,1941.36,1660.96,2004
2004-09-01,Dow Jones,4788.65,4784.58,4805.96,4777.54,487813508.0,0.78,6.08,10.07,8.53,95.0,2783.0,4460.0,1.04,139.33,84.71,1753.93,469.01,7604.0,8.06,36.0,77.92,2487.0,1877.1,1578.98,2004
2004-09-02,S&P 500,4539.42,4571.22,4579.85,4495.57,451984732.0,-4.95,6.08,7.33,4.8,69.0,6736.0,4180.0,1.37,103.39,71.865,1332.99,330.93,1223.0,9.91,27.0,60.12,750.0,1120.41,924.48,2004
2004-09-03,S&P 500,3956.27,3999.26,3999.39,3947.22,326710742.0,4.2,3.82,3.89,3.53,89.0,8309.0,381.0,1.35,124.68,59.02,1690.58,488.76,6400.0,5.66,20.0,2.61,5728.0,356.07,305.74,2004
2004-09-04,Dow Jones,2109.86,2114.37,2136.92,2070.0,611434465.0,-4.55,8.99,10.96,3.19,51.0,8309.0,4171.0,1.31,131.83,30.94,2128.98,482.16,9175.0,9.14,12.0,44.53,5728.0,311.33,267.98,2004
2004-09-05,Dow Jones,2126.46,2142.61,2160.23,2103.61,137752595.0,2.56,2.44,3.68,3.19,110.0,3605.0,4003.0,1.27,82.46,141.1,2010.84,143.95,8988.0,6.42,39.0,15.06,6915.0,125.49,91.45,2004
2004-09-06,NASDAQ,4853.44,4893.77,4921.52,1548.345,509198030.0,7.06,2.86,3.68,4.51,79.0,4052.0,4725.0,0.88,106.92,69.64,2481.17,309.1,9006.0,5.66,25.0,87.32,1536.0,554.28,484.74,2004
2004-09-07,Dow Jones,1041.14,1000.99,1050.54,993.08,133170036.0,3.25,1.22,12.63,3.72,79.0,20359.0,4155.0,1.5,122.29,41.09,1642.6,145.79,6390.0,4.8,39.0,1.37,3457.0,1182.45,1020.56,2004
2004-09-08,Unknown,3864.2,3837.41,3907.18,3829.03,730151888.0,-0.96,7.59,10.58,6.23,94.0,2338.0,915.0,0.91,139.37,38.51,1700.49,373.65,4089.0,2.36,29.0,87.32,3257.0,589.18,473.8,2004
2004-09-08,NASDAQ,9660.5,3837.41,3907.18,3829.03,730151888.0,-0.96,7.59,10.58,6.23,94.0,2338.0,915.0,1.065,139.37,38.51,1700.49,373.65,4089.0,2.36,29.0,50.34,3257.0,735.7,643.5,2004
2004-09-09,Dow Jones,3824.98,3845.87,3858.76,3791.89,489707391.0,6.79,5.96,10.2,2.58,73.0,25297.0,4659.0,1.22,141.05,72.96,889.63,406.11,341.0,0.84,23.0,94.09,3257.0,1893.7,643.5,2004
2004-09-10,S&P 500,4392.71,3523.13,3534.45,3463.24,317608723.0,-0.95,6.09,7.44,2.68,105.0,24937.0,1570.0,0.97,142.73,97.035,1461.95,453.87,4374.0,4.42,37.0,7.39,12820.0,1017.25,836.4,2004
2004-09-11,NASDAQ,4960.44,4996.14,2903.455,4954.34,40338168.0,6.0,2.18,7.15,5.44,110.0,24937.0,3387.0,0.92,85.79,121.11,2367.58,360.0,2327.0,5.61,40.0,72.01,9271.0,2221.34,1858.67,2004
2004-09-12,NASDAQ,2247.52,2239.03,2272.46,2233.4,56743692.0,4.15,6.51,10.97,4.39,62.0,22493.0,4359.0,0.99,85.03,140.2,1395.81,281.6,7124.0,5.09,45.0,54.93,11468.0,1058.23,910.37,2004
2004-09-14,S&P 500,1315.76,1309.54,1329.35,1272.35,487813508.0,4.15,3.58,8.63,1.01,64.0,20295.0,610.0,1.06,99.37,74.69,2461.92,150.04,6452.0,1.92,15.0,79.84,11070.0,1315.96,1099.46,2004
2004-09-15,S&P 500,2771.19,2744.26,1884.315,2708.67,487813508.0,-1.99,8.01,14.6,5.45,60.0,16372.0,654.0,1.2000000000000002,113.71,74.85,1015.64,294.27,7755.0,3.54,45.0,69.47,803.0,1720.24,1460.23,2004
2004-09-17,S&P 500,2373.55,2400.78,2439.28,2345.54,735566180.0,-4.89,7.58,7.36,8.59,52.0,26060.0,1406.0,1.34,149.02,89.08,1606.44,400.29,9752.0,1.87,48.0,16.12,6153.0,907.28,751.01,2004
2004-09-18,S&P 500,4338.29,4295.84,4361.41,4291.61,283097030.0,-1.05,0.34,12.67,2.74,73.0,26708.0,3242.0,1.01,84.7,103.31,1203.54,452.32,6786.0,9.06,15.0,37.66,1311.0,874.0,701.43,2004
2004-09-20,S&P 500,3414.165,1735.7,1779.73,3373.37,50428045.0,-4.79,9.7,8.65,8.63,95.0,3390.0,1324.0,0.85,138.05,94.2,1457.895,182.19,5500.0,0.92,47.0,10.25,9706.0,1054.36,905.99,2004
2004-09-21,NASDAQ,2490.04,2499.65,2506.56,2455.13,309547395.0,5.99,9.81,2.71,4.38,109.0,15087.0,1765.0,1.05,81.44,85.09,1712.25,180.13,5500.0,0.92,9.0,93.55,10177.0,1314.84,1106.75,2004
2004-09-22,S&P 500,4714.52,4673.49,4762.83,4627.18,68338516.0,5.4,2.82,9.46,9.36,60.0,10735.0,1503.0,1.13,111.53,22.93,1863.24,283.21,1541.0,5.48,24.0,50.34,13997.0,1636.53,1358.22,2004
2004-09-23,Dow Jones,1247.23,1230.97,1288.28,1190.4,79671804.0,6.89,4.41,13.71,9.08,59.0,16223.0,1965.0,1.35,134.19,43.48,2206.27,176.46,706.0,5.24,24.0,43.99,5098.0,1978.62,1681.91,2004
2004-09-24,NASDAQ,1369.44,1328.41,1497.4499999999998,1286.98,487813508.0,-1.15,0.63,12.14,2.48,52.0,23169.0,865.0,1.04,93.67,70.37,1230.17,174.99,3209.0,9.9,16.0,50.34,8231.0,346.74,276.64,2004
2004-09-25,Dow Jones,1651.16,1697.3100000000002,1706.62,1622.67,3767049.0,1.67,8.73,12.22,2.96,68.0,15146.0,164.0,1.12,93.09,69.94,903.76,207.11,3209.0,6.18,40.0,14.85,7559.0,1452.42,1228.46,2004
2004-09-26,NASDAQ,3380.85,3411.58,3417.86,3365.55,894006037.0,4.89,5.69,4.08,5.195,51.0,18292.0,3549.0,1.24,101.72,69.51,952.72,109.03,7443.0,8.97,39.0,9.46,10482.0,1268.54,1045.81,2004
2004-09-27,Dow Jones,1601.89,1597.85,1608.81,1586.96,985343133.0,1.6,3.85,6.66,2.36,66.0,18292.0,2805.0,1.24,114.61,69.08000000000001,1645.6,328.54,4141.0,8.97,30.0,42.42,10482.0,1899.89,1605.91,2004
2004-09-28,S&P 500,4872.31,4844.67,4909.72,4828.31,487813508.0,5.46,1.13,5.03,9.12,51.0,21561.0,295.0,1.16,127.5,68.65,2367.8,258.64,9276.0,1.01,25.0,84.33,1161.0,1462.46,1228.31,2004
2004-09-29,S&P 500,3939.1900000000005,2830.21,2853.69,2755.44,785711631.0,4.51,9.47,6.11,9.35,102.0,26411.0,295.0,1.03,94.01,45.64,2469.76,194.96,1224.0,0.08,25.0,53.23,1159.0,1028.47,856.41,2004
2004-09-30,S&P 500,3006.07,2990.53,3045.22,2981.9,153941642.0,-3.28,5.3,9.53,0.99,65.0,7946.0,2535.0,1.21,95.88,149.84,1148.59,153.69,8096.0,4.35,39.0,45.17,8406.0,1224.4,1025.39,2004
2004-10-01,NASDAQ,1986.63,1952.73,2023.94,1939.8,487813508.0,6.72,2.83,6.74,0.99,59.0,12329.0,4260.0,1.39,120.25,124.61,1274.745,282.34,8782.0,7.69,11.0,31.97,8805.0,520.62,430.7,2004
2004-10-02,Dow Jones,2883.84,2890.16,2920.39,2860.44,353017052.0,5.81,3.5,9.29,5.86,117.0,23373.0,1550.0,0.91,147.71,114.39,1400.9,340.78,3744.0,8.24,17.0,15.78,11378.0,1509.14,1266.14,2004
2004-10-03,Unknown,3647.65,3692.03,3726.35,3636.0,11873496.0,4.84,2.71,7.7,4.21,92.0,3958.0,322.0,1.12,143.97,93.95,1588.61,489.31,4324.0,7.87,33.0,99.01,11959.0,1120.65,944.53,2004
2004-10-05,Dow Jones,4015.47,3989.28,4031.06,3943.12,264176333.0,-0.98,9.3,3.24,9.5,109.0,22767.0,1537.0,1.33,117.16,115.19,2116.83,110.53,120.0,7.5,10.0,31.25,10081.0,1878.3,1586.05,2004
2004-10-07,S&P 500,4617.44,4584.55,4617.91,4551.23,377908097.0,-0.8,4.6,2.15,1.64,65.0,15323.0,2467.0,1.26,129.4,99.37,2258.77,194.07,5118.0,3.14,44.0,52.1,944.0,1878.3,416.23,2004
2004-10-08,Dow Jones,4269.63,4230.95,4271.28,4201.81,487813508.0,-1.58,8.26,2.02,0.82,58.0,8588.0,4965.0,1.13,107.27,90.68,1545.95,194.07,7171.0,1.69,49.0,31.45,3359.0,1723.58,1459.05,2004
2004-10-09,S&P 500,4028.19,4035.21,4077.8,4003.79,308737036.0,2.76,4.23,12.75,3.96,55.0,7906.0,982.0,1.01,134.45,99.095,832.34,194.07,1553.0,6.21,10.0,99.27,4220.0,1247.85,1032.21,2004
2004-10-10,S&P 500,1222.42,1258.6,1292.8,1213.09,653638914.0,4.57,2.52,14.96,3.71,114.0,20484.0,982.0,0.89,81.13,107.51,1202.2,114.79,5356.0,6.77,45.0,61.96,9073.0,907.83,744.29,2004
2004-10-11,S&P 500,1027.51,1025.22,1040.78,980.48,832091357.0,3.48,9.83,11.45,4.59,73.0,7571.0,842.0,0.95,117.07,115.925,1837.09,156.61,6561.0,5.68,3.0,29.59,10828.0,2013.63,1689.54,2004
2004-10-12,NASDAQ,1849.79,1899.25,1933.65,1837.36,699621073.0,-1.61,3.04,2.2,5.28,73.0,22352.0,1644.0,1.45,103.61,124.34,1652.54,139.27,4935.0,2.13,35.0,84.81,7507.0,1970.27,1670.5,2004
2004-10-13,Dow Jones,3654.09,3672.01,3711.63,3649.52,487813508.0,8.77,3.24,4.95,7.7,76.0,13578.0,3450.0,1.45,97.43,132.755,1208.27,193.49,6086.0,2.77,9.0,15.1,5612.0,2014.52,1709.21,2004
2004-10-14,Dow Jones,2644.79,2602.2,2660.13,2564.7,359509923.0,-2.13,9.9,14.63,4.23,52.0,16604.0,3450.0,1.31,126.33,141.17,1023.72,169.21,1575.0,7.08,33.0,46.41,13588.0,1451.9,1248.33,2004
2004-10-15,NASDAQ,2609.63,2658.91,2660.7100000000005,2600.85,382741332.0,6.92,1.34,12.51,3.64,87.0,5507.0,2713.0,1.03,126.09,31.23,1167.22,226.64,1035.0,9.63,30.0,83.97,12761.0,1384.36,1175.28,2004
2004-10-16,Dow Jones,4538.35,4529.14,4584.99,4510.55,806660468.0,9.5,7.61,9.37,8.36,66.0,5507.0,2015.0,1.25,82.59,66.74,1241.57,398.52,8526.0,9.45,31.0,98.37,774.0,1625.51,1388.98,2004
2004-10-17,S&P 500,4582.25,4560.99,4599.51,4559.58,502945938.0,5.91,9.36,5.08,8.57,97.0,23181.0,1348.0,1.28,146.34,102.25,2274.39,116.94,134.0,5.2,49.0,38.37,9576.0,2165.29,1830.37,2004
2004-10-18,Dow Jones,4636.7,4642.49,4647.81,4629.85,456721359.0,9.89,5.12,2.19,5.195,98.0,10225.0,627.0,1.16,105.33,81.325,2007.45,129.51,8630.0,8.87,27.0,13.9,4431.0,314.3,277.91,2004
2004-10-19,S&P 500,2255.51,2235.94,2280.1000000000004,2227.28,47518939.0,4.77,0.03,2.27,3.49,92.0,10644.0,4919.0,1.32,144.22,60.4,1738.97,325.73,3625.0,0.29,24.0,50.34,4431.0,891.15,755.41,2004
2004-10-20,NASDAQ,3764.22,3722.87,3802.64,3720.15,956163958.0,-1.74,3.75,9.96,8.34,56.0,10644.0,4919.0,0.82,120.86,72.67,835.6,308.1,3625.0,8.61,36.0,94.4,13044.0,1337.33,1122.63,2004
2004-10-21,S&P 500,2086.53,2036.67,2789.275,2003.84,864646990.0,-1.94,1.12,2.28,1.25,117.0,11683.0,2242.0,0.98,125.68,121.72,2196.03,289.63,6078.0,8.61,24.0,66.59,9825.0,1944.74,1614.89,2004
2004-10-22,Dow Jones,1762.44,1757.4,1775.91,1715.55,869330047.0,-0.13,4.16,14.92,3.6,70.0,21574.0,464.0,1.36,147.24,38.13,1739.19,306.36,7907.0,7.82,31.0,60.26,2216.0,457.54,388.43,2004
2004-10-23,Dow Jones,1738.53,2066.5299999999997,1784.36,1719.86,487813508.0,-4.89,7.9,4.38,4.76,74.0,22570.0,1308.0,1.46,137.55,52.85,1866.48,306.36,805.0,7.82,24.0,31.0,11312.0,2222.83,1872.25,2004
2004-10-24,Dow Jones,2368.43,2375.66,2425.24,2324.7,487813508.0,5.23,4.39,11.24,2.28,110.0,20380.0,4220.0,1.41,89.8,36.08,2025.865,306.36,4947.0,8.69,33.0,60.67,5470.0,2025.46,1872.25,2004
2004-10-25,NASDAQ,2719.83,2769.75,2779.62,2709.16,409240366.0,5.23,4.32,4.02,2.21,77.0,12849.0,4220.0,1.3,80.37,75.47,2185.25,282.79,4444.0,5.95,34.0,88.48,6930.0,1502.02,1238.58,2004
2004-10-26,NASDAQ,4323.8,4302.48,4352.58,4286.21,966643407.0,7.23,5.57,9.02,4.54,101.0,20356.0,3061.0,0.92,101.6,70.34,2214.45,132.7,9416.0,2.4,38.0,37.62,834.0,432.97,371.59,2004
2004-10-27,Dow Jones,1479.56,1457.61,1525.82,1450.07,591781813.0,0.39,5.82,3.05,7.67,62.0,27993.0,4757.0,1.06,114.2,109.89,2301.68,489.91,5434.0,2.4,20.0,24.28,7597.0,1129.07,958.87,2004
2004-10-28,S&P 500,3939.7,3905.67,3947.04,3874.64,575649363.0,2.2,8.56,11.97,8.48,83.0,24110.0,4876.0,0.84,131.25,149.44,1697.75,195.73,7567.0,2.01,31.0,48.15,3667.0,1800.22,1550.38,2004
2004-10-29,NASDAQ,3125.82,3092.23,3174.36,3071.24,726832992.0,9.49,3.08,9.6,9.8,116.0,9857.0,2247.0,1.25,126.27,136.01,1469.88,447.66,9891.0,4.24,33.0,37.68,1120.0,1912.62,1470.23,2004
2004-10-31,Unknown,2971.28,3000.56,3044.79,2933.2000000000003,50633476.0,5.82,5.66,13.03,2.56,116.0,8114.0,1716.0,1.2,117.94,103.94,1129.6,373.57,338.0,5.35,7.0,9.66,10234.0,2131.75,1823.75,2004
2004-11-01,Unknown,2199.77,3216.2,2251.08,2172.48,821955517.0,6.33,3.01,9.11,7.69,64.0,2858.0,1135.0,1.49,125.57,86.935,1183.47,281.65,9439.0,8.15,15.0,33.69,6592.0,1068.47,928.85,2004
2004-11-02,NASDAQ,3384.33,3431.84,3463.54,3352.95,555307140.0,-1.69,2.95,13.98,5.64,57.0,11930.0,819.0,1.08,115.96,69.93,906.57,241.67,4344.0,9.82,24.0,82.67,6592.0,1323.94,1130.67,2004
2004-11-03,NASDAQ,2735.38,2708.61,2773.42,2661.85,868985081.0,2.51,3.61,13.92,3.61,54.0,16541.0,4782.0,1.01,128.23,52.52,1062.44,345.72,2204.0,2.51,22.0,40.09,308.0,798.03,683.77,2004
2004-11-04,S&P 500,1657.62,1695.75,1745.05,2251.633333333333,725795046.0,0.25,6.23,13.97,2.45,115.0,13603.0,1073.0,0.91,113.97,64.60000000000001,2307.57,314.44,3768.0,1.07,21.0,96.79,7310.0,2218.82,1889.29,2004
2004-11-05,S&P 500,1466.33,1572.455,1475.35,1841.4166666666665,218462476.0,6.58,2.31,3.01,3.16,95.0,27226.0,1946.0,0.9,117.08,76.68,1727.18,192.97,4731.0,3.96,30.0,70.91,9265.0,714.08,612.56,2004
2004-11-06,Dow Jones,3186.78,3148.06,3225.0800000000004,3112.17,724662315.0,4.34,9.2,3.57,4.58,114.0,10767.0,1471.0,1.16,145.85,103.36,2099.64,234.5,2262.0,1.44,24.0,36.67,9265.0,1331.64,1027.94,2004
2004-11-07,NASDAQ,11524.125,3897.3549999999996,4663.59,4579.08,307452643.0,2.14,5.75,14.84,2.18,115.0,12359.0,1566.0,1.32,126.54499999999999,116.7,1267.54,113.75,6574.0,8.34,37.0,25.24,2028.0,1331.64,563.68,2004
2004-11-08,S&P 500,2375.83,2389.44,2398.22,2366.9,166050973.0,6.69,9.2,8.34,9.66,75.0,13295.0,790.0,1.24,132.9,92.91,1028.82,177.43,4561.0,5.01,18.0,50.34,5034.0,1757.44,1492.16,2004
2004-11-09,NASDAQ,3932.0,3898.47,3953.07,3879.66,645146424.0,-1.47,0.46,5.1,1.52,80.0,10873.0,187.0,1.41,103.43,45.33,1052.598,177.43,3665.0,6.2,44.0,30.31,12337.0,1888.7,1613.57,2004
2004-11-10,Dow Jones,3634.65,3627.63,3674.34,3604.24,790507139.0,6.3,3.43,12.01,9.86,100.0,25134.0,2612.0,1.02,103.23,85.07,1076.376,488.85,5468.0,1.51,35.0,92.7,12337.0,1888.7,1739.08,2004
2004-11-11,S&P 500,4726.22,4704.95,4749.46,4683.98,146652566.0,7.98,0.23,5.44,8.5,90.0,7757.0,3948.0,1.1400000000000001,144.87,123.1,1123.932,310.84,3033.0,1.51,48.0,11.72,1823.0,1684.59,1386.02,2004
2004-11-12,S&P 500,4283.92,4307.6,4334.48,4275.01,746133076.0,8.18,0.23,11.45,4.52,100.0,23097.0,593.0,1.26,128.91,79.86,1147.71,380.32,3208.0,9.74,8.0,2.97,10733.0,1263.38,1386.02,2004
2004-11-13,S&P 500,3266.42,3992.3250000000003,3316.18,3215.54,355110270.0,6.76,8.62,12.88,7.53,68.0,23097.0,1345.0,1.0,145.03,102.965,838.08,369.44,564.0,4.82,34.0,22.18,10978.0,1565.5,1308.74,2004
2004-11-14,Dow Jones,3628.12,3677.05,3697.01,3590.0,487813508.0,1.12,0.37,12.2,6.88,52.0,8876.0,1241.0,1.08,149.62,126.07,1072.3533333333335,492.36,5440.0,9.62,0.0,60.7,14815.0,1578.72,1331.89,2004
2004-11-15,NASDAQ,4593.55,3130.315,4624.32,4524.95,393313428.0,9.73,4.36,5.56,2.53,87.0,24489.0,4331.0,1.21,149.22,75.94,1540.9,322.27,3020.0,0.35,32.0,83.51,13288.0,1554.46,1304.66,2004
2004-11-16,Unknown,2598.08,2583.58,2616.34,2549.58,526745541.0,0.69,1.18,7.22,3.72,119.0,19503.0,1077.0,0.81,148.82,138.69,1239.89,334.2,910.0,0.36,16.0,17.1,7574.0,1317.59,1118.83,2004
2004-11-17,Dow Jones,2307.18,2305.37,2326.82,2260.51,927163479.0,4.58,4.17,7.37,5.37,94.0,10372.0,2334.0,1.42,87.06,54.89,1230.29,220.03,6009.0,9.6,25.0,58.51,13418.0,1317.59,833.0,2004
2004-11-19,Dow Jones,4306.2,4287.79,4353.09,4275.27,598181364.0,9.71,6.23,4.18,5.66,74.0,17461.0,1502.0,0.83,95.785,56.2,1220.69,403.09,6729.0,1.89,4.0,56.36,8827.0,211.1,188.44,2004
2004-11-20,NASDAQ,4203.92,4226.84,4253.96,4176.78,570865054.0,5.56,7.37,7.88,4.99,99.0,12646.0,910.0,0.95,104.51,57.64,1834.91,141.3,498.0,3.64,18.0,1.92,8673.0,170.08,144.82,2004
2004-11-21,Dow Jones,1417.82,3789.07,1493.71,1377.87,369454226.0,6.3,3.49,8.64,4.71,50.0,22127.0,4607.0,1.15,144.25,74.68,1242.26,141.3,7800.0,5.08,41.0,55.82,10699.0,1364.61,1155.73,2004
2004-11-22,NASDAQ,2136.875,3351.3,3355.76,2092.3,265392549.0,-4.01,9.44,8.91,5.23,103.0,12969.0,3592.0,1.03,118.12,87.06,2477.32,268.76,1175.0,5.08,8.0,52.23,7006.0,2148.46,1826.12,2004
2004-11-23,S&P 500,2855.93,2886.44,2897.0,2806.73,466183741.0,6.45,7.09,12.66,5.23,62.0,8762.0,4412.0,1.11,107.03,74.37,2150.92,145.43,7698.0,8.42,5.0,4.38,13561.0,577.06,473.75,2004
2004-11-24,NASDAQ,1474.84,1509.9,1535.0099999999998,1452.09,748100619.0,6.62,4.22,8.73,5.64,89.0,1055.0,1233.0,0.86,85.14,98.89500000000001,1824.52,236.52,1962.0,0.83,20.0,68.97,3162.0,1362.36,1150.72,2004
2004-11-25,Dow Jones,4922.27,4927.32,4928.320000000001,4904.31,595394189.0,5.08,4.26,5.0,8.94,70.0,17735.0,4480.0,0.96,112.52,123.42,1092.96,236.52,985.0,6.57,48.0,57.27,10502.0,593.46,506.67,2004
2004-11-26,Dow Jones,1858.78,1891.37,1904.01,1844.14,14763963.0,-0.62,9.19,10.62,6.51,90.0,9910.0,4965.0,0.87,99.45,60.28,1796.87,236.52,5638.0,4.77,21.0,62.35,6225.0,593.46,506.67,2004
2004-11-28,S&P 500,3379.39,3369.24,3380.14,3329.66,81465335.0,-3.34,7.06,6.15,6.18,82.0,13868.0,3100.0,1.29,126.93,76.03,2053.08,290.52,1773.0,5.09,47.0,72.23,9498.0,2009.76,1707.65,2004
2004-11-29,S&P 500,3955.47,3937.16,3968.7,3889.39,487813508.0,2.07,4.17,10.39,6.18,78.0,2412.0,1421.0,1.2,148.41,27.29,2122.64,393.63,5359.0,4.51,4.0,52.55,5977.0,1422.97,1228.05,2004
2004-11-30,NASDAQ,1129.77,1126.51,1155.47,1105.83,548803918.0,-1.34,2.24,3.91,5.99,104.0,19614.0,2844.0,1.03,106.52,35.455,1340.26,268.9,6590.0,2.06,21.0,92.23,5977.0,2230.72,1884.09,2004
2004-12-01,NASDAQ,3634.87,3613.43,3663.53,3565.81,812146578.0,0.24,7.24,6.45,0.76,81.0,5919.0,4725.0,0.98,100.81,43.62,1358.05,476.31,1791.0,4.72,49.0,94.36,5586.0,1657.45,1395.96,2004
2004-12-03,S&P 500,1413.06,1394.34,1445.33,1370.29,461987815.0,-1.55,7.24,13.85,0.82,101.0,24422.0,1867.0,1.1600000000000001,95.62,71.71,1273.72,204.09,1791.0,0.45,25.0,91.19,4138.0,638.58,551.19,2004
2004-12-04,NASDAQ,1690.1,1649.9,1710.84,1616.2,580203240.0,-3.85,6.24,9.48,4.25,101.0,15942.0,2174.0,1.38,99.95,100.89,992.12,153.36,3356.0,3.74,24.0,92.32,8566.0,2030.42,1916.06,2004
2004-12-05,Unknown,3271.9,3274.58,3321.1,3250.15,681276676.0,8.8,2.08,11.13,1.5,80.0,14929.0,2143.0,0.82,104.09,126.38,1583.91,316.52,6421.0,0.25,24.0,26.27,4621.0,2030.42,522.28,2004
2004-12-06,NASDAQ,2185.43,2141.14,2224.67,2113.2,113169924.0,2.96,7.94,13.1,1.42,63.0,17150.0,1241.0,0.84,124.38,43.44,1193.5900000000001,170.95,4154.0,5.63,24.0,99.39,13920.0,2030.42,1366.39,2004
2004-12-08,S&P 500,4274.96,4246.9,4281.5,4212.089999999999,781188374.0,3.03,8.91,8.37,4.55,101.0,14187.0,4699.0,0.93,84.09,50.86,2074.47,467.34,5346.0,5.63,8.0,1.95,3499.0,220.93,169.52,2004
2004-12-09,Unknown,4934.27,4930.71,4968.06,4928.07,484427906.0,4.42,3.21,9.3,8.11,103.0,24212.0,251.0,1.1,145.14,86.26,1738.26,182.88,9360.0,9.8,24.0,96.23,6970.0,1842.51,1559.32,2004
2004-12-10,NASDAQ,2038.68,2032.01,2066.67,4882.855,487813508.0,8.83,4.06,9.3,3.09,99.0,29785.0,4932.0,0.93,135.94,95.33,2070.95,462.71,6433.0,0.1,19.0,22.45,6970.0,1193.09,989.42,2004
2004-12-11,Dow Jones,4878.89,4908.860000000001,4948.34,4837.64,737572576.0,-2.32,8.08,2.94,2.94,103.0,15337.0,4932.0,0.92,99.48,41.99,1861.7,352.7,9677.0,3.67,24.0,58.45,3972.0,1193.09,976.86,2004
2004-12-13,NASDAQ,2390.08,2382.71,2421.34,2366.53,398078649.0,9.64,5.48,12.28,6.35,79.0,15971.0,4932.0,1.22,121.47,79.14,909.91,394.62,871.0,3.67,43.0,5.04,8562.0,1001.98,837.46,2004
2004-12-14,NASDAQ,1201.4,1184.77,1250.72,1160.7,442714836.0,0.57,5.48,12.46,8.24,104.0,13365.0,3591.0,1.32,132.01,87.86,2298.15,136.35,871.0,5.61,40.0,27.0,12456.0,1224.14,1034.71,2004
2004-12-15,Dow Jones,1211.06,1192.71,1237.74,1162.88,2715027.0,-4.66,5.36,13.6,4.8,50.0,12385.0,1471.0,0.84,140.15,137.65,1894.68,136.35,2296.0,2.58,41.0,60.92,3121.0,2229.85,1876.75,2004
2004-12-16,S&P 500,3768.05,3795.45,3801.11,3753.68,595214630.0,-2.79,5.15,2.67,4.8,64.0,13419.0,4000.0,0.99,105.04,82.89,1838.07,136.35,2296.0,2.58,10.0,76.28,556.0,1899.27,1591.67,2004
2004-12-17,Unknown,2831.72,2786.93,2873.13,2757.31,25100496.0,-4.6,0.42,8.85,9.75,74.0,2826.0,2701.0,1.26,126.26,81.9,1458.31,480.15,2296.0,8.95,47.0,80.76,8637.0,1521.7,1282.51,2004
2004-12-18,Dow Jones,1906.09,1857.37,1918.68,1842.48,896476956.0,9.85,0.69,3.4,1.61,69.0,3301.0,3523.0,1.07,136.14,81.15,847.83,121.81,4815.0,2.03,28.0,88.4,11843.0,1916.4,1644.28,2004
2004-12-19,S&P 500,3455.88,3485.4300000000003,3524.3,3453.11,984177095.0,-0.82,0.07,4.61,5.12,65.0,22436.0,1796.0,1.29,128.95,101.0,2332.48,124.77,2097.0,3.77,24.0,16.93,3427.0,1820.52,1544.65,2004
2004-12-20,Dow Jones,2011.43,2009.14,3035.9633333333336,2009.01,700420735.0,8.85,9.13,13.7,4.38,101.0,16519.0,3757.0,1.33,144.55,67.78,2475.63,472.16,2182.0,3.77,21.0,37.07,6018.0,1335.95,1113.7,2004
2004-12-21,S&P 500,3310.53,3273.62,3345.37,3268.56,415640765.0,9.94,9.13,8.46,1.43,114.0,18918.0,4076.0,0.82,114.63,64.25,2173.24,415.84,9063.0,2.84,7.0,71.45,13161.0,1851.41,1544.58,2004
2004-12-22,Dow Jones,2436.83,2410.39,2466.63,2819.67,182890777.0,4.0,4.69,11.86,1.43,119.0,14033.0,1498.0,1.07,136.18,57.19,2355.57,409.71,6463.0,2.93,45.0,71.56,3556.0,1768.69,1492.86,2004
2004-12-23,S&P 500,4294.21,4337.46,4360.48,4246.14,592236891.0,-4.5,8.45,2.84,0.77,50.0,11522.0,4080.0,1.31,143.68,76.86500000000001,1005.63,409.71,1263.0,3.27,33.0,30.87,5366.0,585.57,476.83,2004
2004-12-24,NASDAQ,4282.78,4318.73,4336.95,4261.43,253618081.0,-4.5,6.09,7.42,8.83,65.0,15797.0,1501.0,1.06,118.99,96.54,1018.75,386.93,7041.0,6.41,24.0,30.49,9842.0,2036.84,1738.95,2004
2004-12-25,Dow Jones,2909.4,2930.38,2948.03,2883.77,593616921.0,2.22,6.09,10.77,6.27,76.0,24337.0,1808.0,0.8,81.21,53.79,958.255,345.29,6508.0,7.43,3.0,32.13,3973.0,1091.58,895.48,2004
2004-12-26,Unknown,2403.28,2401.5,2435.1,2394.16,192435660.0,1.09,2.97,3.73,8.24,67.0,17868.0,1512.0,1.04,137.26,31.69,897.76,425.1,4982.0,5.11,14.0,89.22,13347.0,1894.35,895.48,2004
2004-12-27,Dow Jones,2450.24,2452.27,2489.83,2422.69,438397227.0,4.09,8.34,6.24,5.45,93.0,20983.0,3330.0,1.41,139.22,46.73,958.45,113.67,5156.0,6.1,24.0,90.96,13750.0,692.0,564.53,2004
2004-12-28,Dow Jones,2381.4799999999996,4270.38,4304.31,4215.63,882472996.0,1.58,1.66,2.84,6.2,99.0,6963.0,2602.0,1.47,107.99,138.78,2188.64,396.12,3793.0,8.13,10.0,1.58,5301.0,1548.58,1302.37,2004
2004-12-29,NASDAQ,2312.72,2359.3,3082.625,2282.16,477618764.0,9.01,0.53,10.47,7.16,63.0,14132.0,4822.0,1.19,96.04,21.39,1746.86,333.17,5776.0,10.0,24.0,32.57,10299.0,1080.07,938.21,2004
2004-12-30,Dow Jones,1836.24,1807.77,1860.94,1761.11,839933413.0,3.02,1.92,14.62,9.13,101.0,17959.0,1364.0,1.01,148.47,37.35,1465.94,462.98,872.0,4.57,18.0,39.26,3857.0,2128.11,1788.9,2004
2005-01-01,NASDAQ,7166.925,2836.49,2890.56,2798.26,354635517.0,8.45,2.82,14.67,3.64,66.0,13953.0,462.0,0.97,116.13,147.38,2293.87,196.53,1318.0,4.9,8.0,94.42,12332.0,2163.54,1817.01,2005
2005-01-02,NASDAQ,2928.53,2899.88,2955.36,2898.7,40076502.0,-2.8,6.71,12.99,7.24,52.0,20781.0,2745.0,0.92,146.23,143.64,2087.12,415.78,805.0,7.82,24.0,62.87,2414.0,110.47,83.09,2005
2005-01-03,NASDAQ,4363.63,4381.24,4419.8,4344.86,882603669.0,-1.55,2.18,13.12,9.6,111.0,20781.0,1632.0,1.15,108.57,139.9,1975.73,482.8,9573.0,5.73,21.0,4.68,3662.0,699.04,595.12,2005
2005-01-04,S&P 500,1884.95,1875.45,1918.01,1869.91,405155412.0,-3.39,6.77,9.5,5.195,70.0,23854.0,4852.0,1.32,139.37,135.54000000000002,2460.71,206.66,4637.0,8.84,24.0,19.2,5045.0,699.04,1200.37,2005
2005-01-05,S&P 500,2523.97,2567.12,2587.59,2506.35,144483573.0,-2.91,0.91,9.5,6.56,82.0,8971.0,1483.0,0.96,129.05,82.4,1686.22,440.43,710.0,8.84,36.0,43.48,12879.0,1328.39,1443.26,2005
2005-01-06,Dow Jones,4233.62,4192.52,4278.39,4183.84,47425245.0,2.69,1.47,7.28,2.34,50.0,17995.0,766.0,1.44,147.74,88.99666666666667,810.75,334.61,5154.0,6.96,9.0,95.91,11322.0,362.27,287.62,2005
2005-01-07,S&P 500,4294.49,4295.64,4303.77,4275.82,487813508.0,-0.18,5.09,12.64,1.63,119.0,26259.0,2912.0,0.92,110.01,102.19,1529.36,258.0,9944.0,4.66,16.0,9.56,10124.0,1264.12,1062.72,2005
2005-01-08,S&P 500,2538.44,2580.29,2630.07,2517.56,198802947.0,1.35,9.22,4.37,9.49,105.0,21964.0,2575.0,1.19,143.53,89.36,964.17,429.44,8075.0,8.57,12.0,79.16,13384.0,2208.1,1882.51,2005
2005-01-10,Dow Jones,2213.14,3648.585,2213.89,3594.25,394873262.0,-2.65,9.69,14.32,2.35,71.0,18959.0,3501.0,1.1,113.31,91.745,1233.33,213.06,4146.0,2.43,31.0,50.83,6500.0,2064.21,1882.51,2005
2005-01-11,Dow Jones,4730.22,4716.88,4774.72,4670.94,871699083.0,3.11,6.5,2.05,9.37,107.0,28675.0,3205.0,1.01,101.4,94.13,1448.32,417.79,8136.0,4.74,27.0,76.72,2156.0,653.97,530.35,2005
2005-01-12,S&P 500,1474.58,1486.49,1498.74,1454.55,731579272.0,-3.52,6.76,14.7,1.49,93.0,29981.0,2651.0,0.84,118.69,133.68,1618.72,119.86,7631.0,0.81,29.0,69.28,12298.0,2206.58,1848.76,2005
2005-01-13,S&P 500,4735.0,4700.94,4771.48,4691.32,187164639.0,-0.22,6.25,14.7,7.43,93.0,20826.0,3999.0,1.46,120.08,115.5,1088.69,267.07,7414.0,1.41,45.0,50.34,4516.0,688.97,582.42,2005
2005-01-15,NASDAQ,2932.82,3167.76,3210.71,3083.59,82704164.0,9.2,6.25,11.07,1.33,93.0,26199.0,487.0,0.85,129.28,137.15,1270.12,217.53,7980.0,5.44,20.0,30.64,14196.0,2072.07,1738.75,2005
2005-01-16,Dow Jones,1130.64,1097.34,1180.22,1068.76,596318935.0,0.87,5.44,12.63,3.72,112.0,12671.0,3261.0,1.38,137.85,122.75,1420.92,480.15,7222.0,3.95,14.0,36.47,10662.0,528.48,437.4,2005
2005-01-17,NASDAQ,2902.38,2864.5,2917.08,2841.75,721506630.0,-4.03,3.86,5.19,1.92,112.0,26303.0,2480.0,1.2,133.84,126.005,983.58,393.89,2499.0,6.71,24.0,81.59,1466.0,1661.53,1400.86,2005
2005-01-18,NASDAQ,2630.99,2589.53,2666.5,2582.05,260665991.0,0.82,4.43,5.19,6.24,56.0,17073.0,476.0,0.84,99.37,129.26,1475.48,402.24,5055.0,5.6,16.0,3.96,7524.0,1055.06,901.79,2005
2005-01-19,Dow Jones,1644.88,1685.82,1691.59,1622.39,451019552.0,-2.81,5.24,12.46,5.03,63.0,25621.0,4435.0,1.12,94.41,55.3,1742.4,402.24,1474.0,2.89,24.0,51.49,4061.0,477.64,398.69,2005
2005-01-20,Dow Jones,3625.64,3595.0,3645.98,3581.08,359156760.0,-1.55,1.28,5.24,0.54,67.0,11033.0,4377.0,1.1,98.09,107.19,964.81,331.47,1696.0,2.27,32.0,92.05,9463.0,108.04,100.4,2005
2005-01-21,Dow Jones,3437.2,4876.23,4927.0,4829.07,813687232.0,4.27,3.59,2.55,9.77,104.0,12658.0,4377.0,0.9,90.26,34.9,1524.93,255.53,9287.0,5.9,4.0,88.51,2339.0,1169.51,980.68,2005
2005-01-22,S&P 500,3248.76,3243.65,3267.14,3199.45,980521154.0,-3.99,0.63,2.55,3.82,105.0,20898.0,843.0,1.09,107.02,132.55,2085.05,393.67,6384.0,1.88,7.0,80.45,2339.0,1095.69,980.68,2005
2005-01-23,NASDAQ,3859.01,3868.91,3898.460000000001,3854.81,344525735.0,1.97,9.8,4.61,3.82,106.0,8642.0,3586.0,1.0,125.77,114.83,814.01,162.83,845.0,1.39,8.0,2.25,2339.0,652.73,565.87,2005
2005-01-24,S&P 500,1273.8,1230.97,1298.99,1205.14,211344475.0,1.97,1.19,2.85,2.61,107.0,16649.0,1168.0,1.29,117.59,39.83,880.8,212.77,5584.0,3.18,25.0,88.78,13615.0,357.75,294.13,2005
2005-01-25,S&P 500,2670.67,2643.35,2702.97,2632.1,851745952.0,1.33,2.59,11.44,2.01,74.0,5443.0,1168.0,0.8,111.26,22.77,1593.01,459.43,9034.0,8.61,1.0,91.18,9652.0,1815.76,1551.56,2005
2005-01-26,Dow Jones,1465.43,1508.58,1557.22,1444.89,487813508.0,-4.71,8.91,6.94,9.99,119.0,21750.0,4793.0,0.87,104.93,70.68,2283.72,167.91,9785.0,0.37,36.0,66.4,184.0,1476.01,1228.53,2005
2005-01-27,S&P 500,2556.2700000000004,3492.02,3494.81,3407.34,202291776.0,9.78,4.83,13.5,3.3,52.0,17652.0,4396.0,1.44,94.37,107.79,2496.24,352.96,3620.0,8.33,35.0,29.96,5131.0,867.14,732.81,2005
2005-01-29,NASDAQ,3647.11,3599.05,3690.26,3582.34,649039642.0,6.68,3.84,7.89,3.3,81.0,27807.0,3383.0,0.92,122.06,146.52,831.18,132.75,3255.0,0.4,24.0,76.29,7937.0,2207.47,1876.12,2005
2005-01-30,Dow Jones,1307.21,1289.91,1331.28,1279.52,284672165.0,-0.12,1.16,10.31,6.6,51.0,5666.0,730.0,1.36,91.5,141.51,1188.91,189.47,2823.0,6.02,26.0,81.32,14842.0,1398.91,1180.97,2005
2005-01-31,S&P 500,2418.66,2431.46,2435.39,2378.64,764638050.0,2.13,2.0,13.41,4.0,51.0,26086.0,730.0,1.4,107.8,97.73,1594.7,447.76,4368.0,4.26,23.0,34.4,1658.0,2169.0,1820.93,2005
2005-02-01,S&P 500,3202.65,3180.17,3230.6800000000003,3148.94,191707145.0,0.83,0.52,8.82,9.03,67.0,8089.0,797.0,1.35,94.9,61.03,1772.05,464.22,6125.0,8.41,1.0,32.67,5339.0,1941.29,1662.85,2005
2005-02-02,Dow Jones,2612.83,2653.79,2670.39,2589.43,221072139.0,0.83,0.52,6.86,9.03,103.0,5298.0,1605.0,1.3,126.39,136.52,2454.92,267.93,6161.0,9.07,15.0,73.64,5275.0,1737.65,1475.41,2005
2005-02-03,Dow Jones,3435.755,4347.97,4355.72,4323.71,200439561.0,-4.67,8.07,13.27,2.67,85.0,15718.0,2860.0,1.23,123.08,124.45,2105.245,348.36,4340.0,2.86,1.0,68.67,12178.0,176.31,144.96,2005
2005-02-04,S&P 500,4258.68,4215.87,4301.13,4199.16,786814069.0,0.4,5.86,6.03,6.62,110.0,964.0,2925.0,1.32,106.68,31.2,1755.57,308.2,3622.0,7.84,20.0,51.37,6644.0,2229.42,1875.09,2005
2005-02-05,Unknown,3447.32,3488.22,3443.7,3399.33,630107169.0,8.34,6.06,3.03,9.26,109.0,3100.0,478.0,1.35,100.755,81.92,1414.91,211.88,1271.0,3.1,9.0,50.34,4709.0,908.96,752.05,2005
2005-02-06,NASDAQ,2493.83,2539.61,2586.27,2467.83,5634391.0,5.36,2.01,7.79,5.22,85.0,1416.0,2895.0,1.26,94.83,147.56,1346.21,237.92,6369.0,2.96,41.0,50.34,4557.0,1892.35,1589.18,2005
2005-02-07,Dow Jones,2021.35,1979.12,2061.65,1959.09,661034046.0,-2.82,2.01,12.21,7.47,93.0,10144.0,805.0,1.47,113.05,79.01,1773.46,310.73,6369.0,1.93,16.0,3.34,3899.0,2174.85,1853.33,2005
2005-02-08,NASDAQ,1423.5,1426.74,1461.39,1397.43,484268885.0,3.87,8.45,2.4,9.73,117.0,6626.0,2514.0,1.4,148.05,141.28,2026.3,378.14,9956.0,6.78,11.0,50.34,3899.0,1332.42,1127.72,2005
2005-02-09,S&P 500,2419.59,2399.9300000000003,2419.84,2360.98,851288655.0,3.87,0.88,9.62,7.06,115.0,7651.0,870.0,0.96,98.95,143.33499999999998,1934.3400000000001,239.94,2822.0,2.62,6.0,57.35,14428.0,853.95,703.47,2005
2005-02-11,S&P 500,3703.29,3671.26,3713.16,3662.32,734440355.0,-2.77,4.84,14.07,2.82,78.0,29365.0,1194.0,1.05,95.45,145.39,1842.38,239.94,8974.0,8.12,45.0,77.5,11088.0,900.72,752.05,2005
2005-02-12,S&P 500,3632.64,3640.45,3685.99,3603.39,358781859.0,8.02,8.37,5.72,6.15,78.0,29365.0,3564.0,1.31,129.57,37.93,1748.5,109.82,7342.0,7.92,49.0,77.26,13007.0,1054.37,903.54,2005
2005-02-13,NASDAQ,1280.43,1326.23,1334.96,1247.17,824759677.0,-0.48,3.18,5.62,3.12,85.0,29365.0,3694.0,1.39,144.03,40.82,1526.53,165.53,1609.0,8.55,9.0,71.03,8562.0,1056.81,909.69,2005
2005-02-14,Dow Jones,2581.04,2581.35,2827.33,2545.4,798061034.0,1.81,3.39,7.73,5.195,57.0,26801.0,4544.0,1.11,85.26,52.519999999999996,2072.2,466.51,8035.0,1.61,15.0,90.37,12163.0,391.28,295.96,2005
2005-02-17,S&P 500,4309.21,4293.23,4319.7,4289.46,34776706.0,8.97,2.3,10.34,7.17,92.0,14499.0,4288.0,0.85,137.76,64.22,2398.58,349.59,8035.0,0.42,12.0,50.34,8735.0,1785.84,1509.92,2005
2005-02-18,S&P 500,1167.66,1203.25,1233.2,1119.74,29461914.0,8.97,9.73,11.87,5.48,59.0,18788.0,2502.0,1.04,109.51,70.06,2028.81,119.08,3059.0,7.95,47.0,78.26,11833.0,704.48,598.88,2005
2005-02-19,S&P 500,2676.73,2670.2,2681.18,2648.45,281905426.0,-4.88,0.84,12.66,4.13,59.0,7693.0,1926.0,1.22,80.37,75.9,1459.55,100.29,9948.0,2.46,15.0,52.18,11833.0,1037.53,896.83,2005
2005-02-20,S&P 500,1672.81,1642.09,1675.72,1610.93,735826709.0,8.83,0.69,14.0,1.23,55.0,21455.0,3947.0,0.88,127.8,92.37333333333333,1728.5,300.8,3366.0,6.7,33.0,25.34,14194.0,1521.26,1277.18,2005
2005-02-21,Dow Jones,4517.32,4486.43,4535.929999999999,4453.11,18032888.0,-4.18,0.69,7.6,6.17,65.0,23600.0,1192.0,1.39,136.56,108.84666666666666,1489.32,146.94,9565.0,7.17,24.0,13.73,8439.0,2144.3,1792.15,2005
2005-02-22,Dow Jones,3228.16,3255.04,3291.07,3200.83,893977600.0,-1.01,7.23,14.8,8.74,109.0,29040.0,4777.0,0.94,143.14,125.32,991.33,448.89,3618.0,9.26,29.0,89.31,8439.0,1687.72,1414.51,2005
2005-02-23,NASDAQ,1925.52,3145.7349999999997,1953.26,1891.82,873565700.0,-1.01,7.23,4.8,7.01,75.0,11501.0,1820.0,1.49,119.83,98.625,1369.39,292.31,6315.0,5.09,12.0,69.24,2618.0,1631.89,1378.53,2005
2005-02-24,NASDAQ,2925.7349999999997,3036.43,3057.57,2971.95,85340144.0,2.2,4.05,11.29,4.12,75.0,29166.0,982.0,1.44,88.54,71.93,2262.75,193.78,2115.0,8.48,7.0,52.9,8834.0,678.34,606.31,2005
2005-02-25,Dow Jones,3925.95,3896.54,3954.24,3856.35,291145824.0,4.07,4.05,8.94,1.71,107.0,9578.0,982.0,1.22,105.89,25.11,1584.04,167.28,9209.0,0.45,10.0,50.34,10597.0,678.34,1295.11,2005
2005-02-26,Dow Jones,4832.47,4814.64,4850.74,4786.99,447753906.0,2.19,6.03,12.62,8.26,90.0,23857.0,3590.0,1.26,134.9,68.1,1793.88,434.31,9243.0,4.21,48.0,84.97,12656.0,927.65,798.1,2005
2005-02-27,Unknown,1881.78,1878.33,1928.59,1853.9,737295698.0,9.02,2.9,8.2,9.45,79.0,20692.0,3694.0,1.17,114.61,99.88,1108.46,387.5,7763.0,4.4,30.0,17.89,2125.0,745.34,603.86,2005
2005-02-28,S&P 500,4544.73,4589.05,4591.8,4539.03,66827525.0,-1.39,4.33,12.19,4.19,54.0,29253.0,702.0,1.07,128.95,63.86,1744.055,387.19,7763.0,5.38,42.0,50.86,8643.0,1422.55,1179.55,2005
2005-03-01,NASDAQ,4737.22,4780.39,4814.06,4733.02,939652027.0,-0.89,4.88,14.09,7.42,54.0,24449.0,3931.0,1.05,80.33,27.84,2379.65,134.12,8592.0,4.81,10.0,48.66,468.0,1866.01,1561.17,2005
2005-03-02,Dow Jones,4665.68,4636.37,4710.240000000001,4619.39,268754638.0,8.81,0.65,11.52,4.4,60.0,24745.0,404.0,1.42,85.11,28.07,1334.22,349.81,8486.0,9.68,47.0,84.44,468.0,1055.77,915.53,2005
2005-03-03,NASDAQ,3541.66,3527.48,4119.360000000001,3511.94,504995107.0,-3.85,4.86,12.09,5.27,112.0,18844.0,3328.0,1.2,127.68,59.66,1225.95,447.79,7664.0,0.79,24.0,14.99,13170.0,1888.61,1600.15,2005
2005-03-04,Dow Jones,3519.28,3484.22,3528.48,3436.54,139001015.0,4.14,4.26,2.87,8.45,56.0,19631.0,3259.0,1.38,100.31,41.165,895.03,406.36,6452.0,0.79,24.0,45.23,13170.0,1734.28,1438.17,2005
2005-03-05,S&P 500,2612.84,2613.84,2628.64,2573.66,425138592.0,5.23,7.13,4.66,1.29,108.0,16252.0,1351.0,1.16,107.17,22.67,965.29,147.26,1537.0,9.69,22.0,63.69,7779.0,358.21,267.09,2005
2005-03-06,NASDAQ,4009.59,4005.65,4045.44,3972.65,905897559.0,2.58,6.46,14.67,5.54,61.0,543.0,1036.0,1.01,124.95,33.275000000000006,1794.14,147.26,9024.0,4.45,31.0,94.53,4527.0,612.11,511.6,2005
2005-03-07,NASDAQ,3125.18,3165.26,3169.47,3099.3,50476122.0,5.41,1.85,11.01,2.54,113.0,4342.0,3817.0,0.86,87.84,43.88,1922.06,127.89,3144.0,5.71,24.0,89.94,10879.0,756.15,511.6,2005
2005-03-09,Unknown,2713.83,2702.19,2749.78,3502.855,487813508.0,7.79,2.51,6.77,6.62,109.0,18772.0,3817.0,1.42,90.11,75.93,1717.71,478.0,7187.0,2.84,24.0,60.71,879.0,1566.99,1332.41,2005
2005-03-10,NASDAQ,3925.99,3925.16,3962.47,3906.41,581252400.0,-2.9,2.51,2.58,0.76,77.0,20782.0,3383.0,1.3,131.33,88.21000000000001,1634.65,428.9,4809.0,0.4,24.0,85.25,879.0,1742.02,1332.41,2005
2005-03-11,S&P 500,4297.89,4337.51,2807.39,4292.54,828863574.0,1.01,6.57,6.8,6.14,112.0,14140.0,3389.0,1.35,100.49,112.77,922.64,372.33,1388.0,1.38,12.0,74.46,7766.0,301.25,263.17,2005
2005-03-12,NASDAQ,1585.75,1616.42,1652.3100000000002,1561.06,666834144.0,-3.87,9.94,8.49,3.19,52.0,16512.0,4944.0,1.34,98.2,83.0,2229.18,442.54,3347.0,6.33,24.0,87.95,2585.0,607.93,537.74,2005
2005-03-13,S&P 500,4331.72,4282.09,2427.525,4238.39,810157672.0,3.18,9.94,4.75,6.86,81.0,28968.0,2298.0,0.88,137.49,134.56,1672.24,369.31,1475.0,7.64,24.0,50.34,11549.0,1132.35,925.65,2005
2005-03-14,Dow Jones,3161.19,3143.2,3202.74,4304.34,851300653.0,5.05,6.07,4.25,1.85,70.0,6383.0,785.0,0.91,115.935,104.74,1024.25,121.98,1475.0,8.7,23.0,83.28,11732.0,1610.11,1392.1,2005
2005-03-15,NASDAQ,4378.66,4370.84,4380.74,4370.29,97141038.0,9.12,6.07,8.61,7.49,104.0,25795.0,4335.0,1.02,94.38,110.03,1030.94,240.35,7591.0,8.7,27.0,1.04,6387.0,2151.46,1829.24,2005
2005-03-16,NASDAQ,2725.21,2698.18,2726.37,2653.87,520496247.0,6.09,3.13,9.62,6.63,67.0,17574.0,4335.0,1.01,80.18,119.74,1672.03,270.85,4073.0,3.33,10.0,31.16,2849.0,1736.49,1467.29,2005
2005-03-17,S&P 500,2516.16,2486.12,2534.81,2472.55,353454044.0,3.12,9.11,5.12,5.195,102.0,16669.0,3312.0,0.85,148.11,74.65,1215.78,318.55,4694.0,3.33,27.0,40.41,4269.0,186.76,147.36,2005
2005-03-19,NASDAQ,2004.68,2019.02,3478.7650000000003,1962.29,360592384.0,2.76,4.97,13.7,3.19,102.0,7342.0,3306.0,1.4,107.82,97.08500000000001,1648.21,452.47,6438.0,3.33,29.0,30.76,6125.0,289.69,239.7,2005
2005-03-20,Dow Jones,4376.85,4353.1,4422.72,4309.91,751105185.0,3.42,2.9,8.15,0.76,57.0,8801.0,3055.0,1.21,83.52,119.52,2463.31,191.48,2142.0,4.83,37.0,32.42,11863.0,1646.6,1390.41,2005
2005-03-21,S&P 500,2936.08,2891.31,2955.65,2861.5,100379857.0,3.94,7.7,13.15,6.73,61.0,29390.0,2044.0,1.04,142.61,102.72,2048.07,363.04,1144.0,9.66,24.0,40.08,13349.0,1646.6,100.03,2005
2005-03-22,S&P 500,3056.38,3029.48,3098.63,3000.76,445946385.0,1.15,1.32,14.05,6.23,100.0,5058.0,741.0,1.17,89.84,93.67,2178.19,450.64,1144.0,1.17,21.0,50.34,7358.0,797.62,1734.31,2005
2005-03-23,S&P 500,2233.87,2264.06,2264.07,2193.21,430225733.0,7.58,7.66,3.2,6.23,115.0,25590.0,4939.0,0.98,103.48,61.36,1461.09,450.64,5788.0,1.33,0.0,43.77,9367.0,474.74,399.27,2005
2005-03-24,Unknown,3292.17,3327.32,3335.75,3252.85,185633779.0,-2.22,8.19,3.25,1.67,90.0,24604.0,161.0,1.21,109.48,34.83,1027.84,450.64,9370.0,3.49,19.0,14.15,13185.0,1237.24,1032.52,2005
2005-03-25,NASDAQ,2300.84,2299.15,2302.36,2254.64,564453479.0,3.32,1.25,8.19,6.05,71.0,9328.0,1323.0,1.3199999999999998,136.71,58.074999999999996,1972.48,480.56,4499.0,2.07,4.0,0.73,11972.0,1855.33,1560.6,2005
2005-03-26,NASDAQ,1157.08,1148.69,1173.49,1121.0499999999995,275911936.0,5.83,9.77,9.65,9.16,58.0,20212.0,2637.0,1.43,105.16,81.32,1492.02,136.77,9849.0,6.97,32.0,23.74,9331.0,1951.59,1642.6,2005
2005-03-27,NASDAQ,1091.3,2135.78,2181.19,2039.61,233806638.0,8.56,9.86,7.54,9.11,58.0,5812.0,592.0,0.97,117.2,48.32,2413.1,180.03,5360.0,9.47,44.0,93.89,10477.0,479.89,386.7,2005
2005-03-28,Dow Jones,1025.52,995.58,1030.37,945.77,92976745.0,8.26,9.37,6.24,1.94,62.0,1126.0,1239.0,1.37,109.515,25.64,1129.17,155.7,2236.0,0.9,0.0,95.5,2802.0,2262.73,1918.63,2005
2005-03-29,Dow Jones,12283.55,4884.96,4943.74,2912.45,664114461.0,2.63,4.96,10.33,4.15,105.0,569.0,1355.0,1.26,101.83,90.04,1865.06,366.77,3027.0,2.42,43.0,52.95,13181.0,1293.66,1118.46,2005
2005-03-31,Dow Jones,2580.62,2547.9,2627.54,2522.91,994155081.0,0.91,5.82,14.58,4.96,113.0,24433.0,3385.0,1.45,135.78,140.82,1484.81,195.21,7854.0,5.09,31.0,79.61,1115.0,545.51,452.96,2005
2005-04-01,S&P 500,3913.48,3901.42,3919.61,3882.04,500518186.0,2.02,4.2,5.02,7.65,113.0,28965.0,2355.0,0.91,92.2,39.58,2421.23,491.7,4500.0,4.52,24.0,5.68,4722.0,1147.53,955.24,2005
2005-04-02,S&P 500,2383.22,2424.3,2434.9,2352.57,715532676.0,8.59,2.06,13.92,8.0,119.0,22497.0,1101.0,0.88,118.83,24.16,930.25,491.7,3919.0,7.27,44.0,37.49,9961.0,122.81,98.78,2005
2005-04-03,S&P 500,3684.37,3695.9,3697.38,3681.57,625667912.0,8.59,4.24,13.92,5.24,104.0,14932.0,1225.0,1.03,135.76,54.07,1797.77,226.35,7484.0,7.33,41.0,64.26,8244.0,230.67,215.72,2005
2005-04-04,NASDAQ,4235.695,4212.91,4243.42,4187.59,671203460.0,8.43,6.64,5.1,1.41,86.0,28875.0,3981.0,1.38,125.16,42.74,2121.56,296.12,4479.0,7.33,47.0,89.84,7888.0,953.12,796.86,2005
2005-04-05,S&P 500,4787.02,4830.46,4844.35,4743.48,849354748.0,-2.92,0.71,5.05,4.12,82.0,10542.0,3981.0,0.82,114.56,122.86,1143.07,423.54,7629.0,5.91,24.0,72.71,14564.0,157.2,117.04,2005
2005-04-06,Dow Jones,2600.85,2555.7,2644.35,2545.03,762821322.0,7.75,3.33,14.95,9.35,74.0,21203.0,3644.0,0.97,85.04,57.61,898.36,250.62,7635.0,8.42,29.0,35.07,6357.0,619.25,506.4,2005
2005-04-07,NASDAQ,4133.19,4104.22,4163.44,4082.9,178252194.0,9.23,0.18,2.06,2.68,72.0,22845.0,1246.0,1.1,87.42,51.88,935.83,171.96,8732.0,3.97,39.0,50.34,5306.0,2281.98,1911.51,2005
2005-04-08,Unknown,2063.71,2070.3,2101.0,2016.74,979203354.0,0.42,7.49,10.32,2.68,109.0,11570.0,886.0,1.0550000000000002,97.17,149.33,1057.6100000000001,285.97,4054.0,0.12,22.0,66.5,2373.0,1093.79,925.66,2005
2005-04-09,S&P 500,4961.33,4972.89,4999.49,4939.9,487813508.0,2.78,6.41,13.31,2.68,105.0,12044.0,886.0,1.01,115.94,39.51,1179.39,290.6,9760.0,2.13,38.0,83.04,6367.0,1849.54,1565.65,2005
2005-04-10,S&P 500,1103.08,1057.04,1107.67,1039.12,786728585.0,6.69,0.63,10.74,7.47,112.0,20861.0,358.0,1.11,149.11,31.05,1180.61,106.48,2062.0,0.35,24.0,38.61,1742.0,1841.56,1557.02,2005
2005-04-11,S&P 500,3414.12,3404.42,3436.37,3382.39,469502118.0,3.43,9.65,6.72,9.17,57.0,20861.0,3949.0,1.04,136.16,51.855000000000004,1579.49,108.36,3548.0,3.93,24.0,0.32,12220.0,749.01,657.8,2005
2005-04-12,NASDAQ,3638.02,3652.94,3702.92,3612.05,659848992.0,9.9,0.23,14.46,4.19,66.0,8559.0,4716.0,0.86,87.7,72.66,944.39,211.06,3667.0,3.58,12.0,16.7,14564.0,755.06,636.44,2005
2005-04-13,Dow Jones,3752.18,3771.99,3813.75,3720.58,247163066.0,9.9,5.9,13.62,5.39,106.0,7284.0,815.0,1.32,130.21,118.86,2492.35,396.49,7917.0,3.58,24.0,92.73,2492.0,362.56,279.97,2005
2005-04-14,NASDAQ,1481.55,1495.36,4304.514999999999,1441.52,993699493.0,5.71,7.76,7.64,4.94,111.0,18518.0,1743.0,1.12,136.73,119.07,1982.87,246.4,2994.0,7.55,24.0,3.41,2492.0,1952.57,1610.68,2005
2005-04-15,NASDAQ,4754.12,4736.18,4795.28,4713.57,575988551.0,6.89,7.88,9.45,9.31,60.0,14593.0,223.0,1.37,109.0,119.28,851.5,184.48,3110.0,5.53,43.0,59.64,2611.0,649.35,526.09,2005
2005-04-16,S&P 500,1724.73,1684.08,1729.88,1643.21,370601456.0,2.41,0.34,14.58,7.81,60.0,12168.0,1873.0,1.29,103.11,134.08499999999998,1498.805,145.19,3963.0,2.26,24.0,40.97,1676.0,1111.1,930.01,2005
2005-04-17,NASDAQ,3491.01,3483.72,3502.38,3457.03,487813508.0,7.85,9.06,14.77,8.4,89.0,3043.0,1021.0,0.84,120.92,148.89,2146.11,212.21,7425.0,7.59,10.0,43.01,7407.0,1287.83,1113.5,2005
2005-04-18,NASDAQ,1890.7,1853.58,1890.86,1836.66,239223334.0,3.19,9.18,7.85,8.4,89.0,16618.0,2277.0,1.15,116.34,119.5,1124.3,292.58,844.0,6.68,5.0,50.34,5667.0,2065.39,1742.43,2005
2005-04-19,S&P 500,2228.87,2273.63,2541.06,2195.97,511460064.0,1.17,5.61,13.02,8.02,105.0,16618.0,1603.0,1.49,98.56,38.14,2228.47,137.35,7492.0,1.92,14.0,6.84,13549.0,2282.69,1900.45,2005
2005-04-20,NASDAQ,3185.83,3183.35,3191.26,3147.46,550086440.0,-3.38,4.82,5.93,4.61,102.0,13849.0,1952.0,1.02,107.82,80.0,1840.0,105.97,656.0,9.83,24.0,50.34,3838.0,1569.41,1290.35,2005
2005-04-21,S&P 500,2670.8533333333335,2650.5,2692.41,2622.6,709016618.0,0.9,0.45,6.83,0.72,77.0,1268.0,2224.0,1.15,118.11,85.46,2195.45,150.92,3900.0,9.83,31.0,6.39,603.0,441.12,360.71,2005
2005-04-22,S&P 500,1640.9,1667.53,1701.39,1638.07,487813508.0,6.01,5.62,6.83,1.07,91.0,14663.0,3354.0,1.26,120.59,59.63,2018.38,395.19,4825.0,7.72,47.0,5.49,12298.0,902.27,767.12,2005
2005-04-23,S&P 500,1683.75,1683.54,1727.48,1675.05,149861697.0,8.82,4.09,4.72,6.94,95.0,15595.0,2513.0,1.275,117.22,41.36,1997.87,286.52,1951.0,9.68,23.0,8.65,10794.0,1144.04,963.03,2005
2005-04-24,S&P 500,2672.58,2871.935,2710.04,2639.32,226599798.0,-1.22,7.73,10.54,4.03,67.0,22648.0,4487.0,1.29,139.23,112.53,1667.36,278.07,2456.0,7.26,24.0,69.69,425.0,1585.98,1336.2,2005
2005-04-25,NASDAQ,4029.13,4060.33,4107.26,4015.0,87736522.0,0.33,4.04,10.54,8.75,72.0,3103.0,256.0,1.26,82.22,56.07,1336.85,107.9,3964.0,7.26,41.0,50.34,9872.0,2072.02,1745.52,2005
2005-04-26,S&P 500,4591.86,4628.58,4631.27,4558.19,832135970.0,-2.69,6.84,8.64,7.48,75.0,1491.0,1223.0,1.06,103.31,101.21,1689.52,384.38,3964.0,9.03,28.0,26.22,12142.0,1353.38,1129.99,2005
2005-04-27,S&P 500,1336.51,1353.81,1354.42,1335.59,487813508.0,5.36,1.01,7.24,0.71,78.0,26804.0,1017.0,1.0,114.465,61.94,991.33,180.76,6375.0,2.69,7.0,65.73,12129.0,1841.13,1535.1,2005
2005-04-28,NASDAQ,2572.42,2527.12,2605.49,2489.34,39280105.0,9.4,1.33,7.24,7.03,101.0,10720.0,1802.0,0.9450000000000001,125.62,85.81,1613.44,136.35,1983.0,2.77,36.0,11.32,4987.0,2073.92,1535.1,2005
2005-04-29,NASDAQ,1400.98,1407.61,1422.0800000000002,1387.71,609538940.0,4.61,1.4,14.84,2.33,95.0,26605.0,1765.0,0.89,144.28,63.82,1557.04,436.81,4397.0,6.41,9.0,91.03,10652.0,781.63,684.67,2005
2005-04-30,Dow Jones,1066.37,1092.7,1105.38,1050.87,811166146.0,4.26,0.46,13.1,4.51,50.0,17372.0,4333.0,1.1,121.16,73.53,1194.27,294.24,7554.0,8.82,9.0,47.8,651.0,1557.12,1281.85,2005
2005-05-01,NASDAQ,3646.87,3610.52,3663.41,3584.12,932908693.0,4.26,5.41,13.1,6.43,112.0,17372.0,2211.0,1.34,124.67,115.17,1139.52,399.57,7554.0,6.17,0.0,96.31,4028.0,782.54,645.42,2005
2005-05-02,NASDAQ,3409.8,3382.67,3423.29,3371.87,813927266.0,-3.67,7.94,13.88,8.79,65.0,4652.0,3814.0,0.9,129.35,134.9,1220.54,428.75,6537.0,9.77,44.0,19.33,8584.0,1639.92,1369.29,2005
2005-05-03,Dow Jones,1652.08,1690.33,2690.275,1607.86,355768340.0,5.94,6.1,6.45,4.83,74.0,17395.0,2654.0,1.45,93.03,86.14,1828.68,485.85,8309.0,9.77,24.0,3.16,8584.0,699.12,589.96,2005
2005-05-04,NASDAQ,1935.25,1887.26,1957.26,1340.235,283983128.0,4.03,5.75,10.68,8.18,74.0,28395.0,3124.0,1.17,132.73,109.255,1505.42,349.48,771.0,8.26,17.0,59.07,9255.0,375.0,328.98,2005
2005-05-05,NASDAQ,1094.83,1120.1,1145.72,1072.61,616511910.0,4.03,6.81,14.57,7.94,65.0,27227.0,4135.0,1.15,100.99,132.37,1503.73,127.31,6192.0,9.27,22.0,32.94,1703.0,1229.22,1036.75,2005
2005-05-06,NASDAQ,4339.79,4337.17,4373.43,4294.7,939493505.0,8.48,3.4,14.57,4.44,118.0,27680.0,2936.0,1.1,109.72,110.48,1108.95,323.08,9430.0,4.27,4.0,57.28,12764.0,1830.69,1539.51,2005
2005-05-07,NASDAQ,4898.76,4893.44,4918.12,4862.65,487813508.0,6.76,3.62,10.84,5.26,119.0,27183.0,2497.0,1.41,80.98,88.59,2138.52,303.81,8499.0,9.62,47.0,47.42,2892.0,1713.97,1539.51,2005
2005-05-08,Dow Jones,1541.84,1492.55,1554.41,1477.93,699289798.0,6.71,3.14,5.85,7.15,83.0,22581.0,2294.0,1.46,139.05,66.7,1990.64,123.03,260.0,2.02,37.0,45.77,13284.0,1293.8,1083.06,2005
2005-05-09,NASDAQ,1925.9,1957.84,1966.15,1904.86,452378579.0,8.91,7.12,5.46,0.8,102.0,1234.0,1655.0,1.07,146.74,60.18,1529.43,222.52,4514.0,9.53,30.0,85.13,9921.0,597.07,495.54,2005
2005-05-11,Dow Jones,4705.86,4709.94,4747.03,4657.2,876382661.0,3.72,0.13,14.73,7.81,92.0,3809.0,3009.0,1.02,124.46,93.33,2014.99,164.39,1682.0,9.53,38.0,50.01,12688.0,1024.14,863.34,2005
2005-05-12,S&P 500,2678.51,2696.24,2734.0800000000004,2633.85,517809270.0,-3.37,5.96,7.89,2.87,93.0,25446.0,3009.0,1.06,147.25,103.44,1559.02,103.5,3056.0,5.21,19.0,41.66,11650.0,1117.86,923.66,2005
2005-05-13,Dow Jones,2171.53,1222.75,1256.1,1185.37,560565667.0,1.89,9.42,14.19,9.82,81.0,27149.0,443.0,0.82,122.48,113.55000000000001,1103.05,402.79,6295.0,5.29,28.0,67.41,8584.0,1044.82,848.27,2005
2005-05-14,S&P 500,1157.57,1203.17,1214.87,2240.495,112074034.0,6.81,6.09,13.89,2.2,72.0,15228.0,4847.0,1.35,135.86,133.77,1824.52,440.65,8343.0,0.57,24.0,5.11,213.0,636.57,520.79,2005
2005-05-15,Unknown,3295.8,3298.93,3328.33,3295.62,170976059.0,-4.58,7.83,5.3,9.18,69.0,5201.0,1644.0,1.48,88.27,51.66,1521.32,191.64,7438.0,0.4,32.0,52.99,12328.0,656.78,535.88,2005
2005-05-16,Dow Jones,2571.58,2561.55,2600.11,2560.17,361732180.0,-4.15,6.73,7.22,3.58,68.0,29281.0,1644.0,1.34,97.14,53.44499999999999,949.01,101.52,4805.0,0.05,38.0,47.91,5774.0,1578.37,1354.1,2005
2005-05-17,NASDAQ,1114.61,1159.9799999999998,1184.19,1073.42,225651570.0,-3.99,4.97,10.36,7.75,78.0,13560.0,2918.0,1.16,104.2,55.23,934.98,455.97,1844.0,5.25,24.0,97.36,3256.0,1113.47,935.61,2005
2005-05-18,Unknown,3333.01,3347.22,3374.72,3323.04,603623405.0,5.97,7.18,8.73,4.84,67.0,27377.0,2918.0,1.38,148.68,121.47,920.95,153.58,6374.0,4.64,24.0,75.61,2919.0,1351.87,1127.91,2005
2005-05-19,NASDAQ,1045.21,1025.03,1069.8,1021.99,953482659.0,2.52,8.24,3.25,7.5,118.0,10522.0,4482.0,1.4,134.72,121.02,1993.79,261.29,9255.0,9.4,24.0,15.58,6442.0,1353.42,1166.5,2005
2005-05-20,S&P 500,4149.49,4112.14,4177.76,4100.28,741288775.0,0.53,2.25,14.92,1.98,61.0,18743.0,4857.0,1.18,142.0,144.47,1277.96,246.39,8217.0,3.42,26.0,50.97,733.0,322.69,267.73,2005
2005-05-23,S&P 500,3353.41,3369.46,3406.94,3322.19,865009615.0,-0.18,4.52,10.04,8.72,104.0,1416.0,335.0,0.81,131.21,136.53,1430.52,467.42,2659.0,6.64,1.0,35.73,7878.0,322.69,1124.23,2005
2005-05-24,NASDAQ,2590.74,2587.82,2597.53,2575.94,734234754.0,-1.02,4.52,3.14,3.31,53.0,23793.0,1068.0,0.86,119.82,135.78,976.95,305.49,1167.0,9.13,49.0,37.73,7875.0,549.71,471.88,2005
2005-05-25,NASDAQ,4895.2,4865.09,4898.53,4839.93,497659654.0,4.78,3.45,8.44,7.1,112.0,24148.0,1330.0,0.84,110.8725,109.16,1594.42,489.16,1929.0,3.55,3.0,36.76,9165.0,1530.5,1305.67,2005
2005-05-26,NASDAQ,3176.79,3186.96,3235.76,3130.48,648807489.0,3.39,3.74,8.44,8.29,61.0,7181.0,338.0,1.1,92.97749999999999,55.92,1162.59,489.16,4383.0,3.14,24.0,2.09,10851.0,599.3,528.5,2005
2005-05-27,NASDAQ,2100.96,2057.03,2148.81,2016.28,810089792.0,0.44,8.6,13.66,9.06,67.0,11867.0,1954.0,1.46,84.03,67.325,1072.375,439.4,1022.0,6.26,44.0,73.09,2903.0,599.3,1379.35,2005
2005-05-28,Dow Jones,3837.76,3829.09,3840.78,2026.57,487813508.0,4.62,5.15,6.39,1.51,57.0,19546.0,151.0,1.27,101.28,78.73,982.16,202.76,1022.0,3.29,22.0,50.34,7406.0,1304.38,1100.2,2005
2005-05-29,Dow Jones,2085.97,4219.83,2112.79,2036.86,73425472.0,-0.93,5.35,8.91,8.98,81.0,11326.0,2255.0,1.26,86.18,127.78,2101.24,200.22,1650.0,4.02,40.0,26.94,9813.0,997.89,828.61,2005
2005-05-30,Dow Jones,4616.97,4610.57,4626.280000000001,2617.285,473357221.0,6.92,8.61,11.07,2.37,98.0,5192.0,1480.0,1.07,84.22,38.77,1887.18,147.08,3082.0,2.73,24.0,63.04,10628.0,997.89,828.61,2005
2005-06-01,Dow Jones,3199.47,3232.26,3273.77,3197.71,489162182.0,-2.62,6.82,2.84,2.37,108.0,26313.0,121.0,1.01,94.04,65.86,1603.13,390.02,5913.0,6.79,24.0,24.41,14156.0,979.67,832.5,2005
2005-06-02,NASDAQ,1202.29,1229.41,1276.94,1193.87,396482711.0,6.74,0.86,8.57,0.58,116.0,27236.0,406.0,1.1,135.31,77.595,1923.5,236.66,7197.0,9.22,24.0,74.14,11996.0,562.91,473.43,2005
2005-06-04,NASDAQ,4329.45,4298.86,4347.15,4289.67,829980827.0,-2.26,4.04,2.08,5.17,99.0,27692.0,2709.0,1.19,105.24,89.33,901.27,437.92,5809.0,0.1,7.0,62.61,5871.0,1877.84,473.43,2005
2005-06-05,NASDAQ,4222.6,4226.26,4256.43,3073.975,430574417.0,-3.26,4.95,3.24,4.49,75.0,21934.0,4393.0,1.09,100.06,139.78,1416.0,471.03,2421.0,2.64,32.0,78.44,12900.0,470.55,384.82,2005
2005-06-07,Dow Jones,1904.32,1937.82,1983.31,1858.28,825247289.0,6.65,9.71,6.52,3.92,112.0,17645.0,2065.0,1.0,110.38,98.92,826.55,262.74,1417.0,9.1,47.0,7.27,12410.0,208.36,150.57,2005
2005-06-08,Dow Jones,4269.22,3319.865,4346.99,4252.02,15161055.0,6.65,8.51,9.03,9.4,115.0,28794.0,4746.0,1.14,118.47,34.14,1213.99,121.26,3655.0,1.16,14.0,60.53,9834.0,1743.93,1474.9,2005
2005-06-09,S&P 500,4721.59,4701.91,4749.5,4656.5,125725420.0,4.87,3.16,5.82,4.86,88.0,11392.0,3678.0,1.48,126.56,30.37,2066.33,150.63,4397.0,9.08,24.0,25.67,11276.0,1761.04,1456.04,2005
2005-06-11,Unknown,2800.23,3508.7349999999997,2814.9,2796.99,506691593.0,2.61,6.89,13.3,7.5,88.0,21698.0,604.0,0.8,99.38,32.42,943.64,150.63,6404.0,3.25,18.0,35.87,11276.0,1483.85,1262.97,2005
2005-06-12,Dow Jones,2349.82,2315.56,2351.49,2292.35,605335536.0,-4.72,3.93,3.89,8.38,64.0,10645.0,236.0,1.17,100.33,55.63,1865.21,202.81,1169.0,7.01,42.0,67.1,14155.0,1677.49,1395.62,2005
2005-06-13,NASDAQ,4482.75,4435.86,4523.54,1790.51,495853024.0,0.87,7.02,8.44,1.5,65.0,15703.0,1402.0,1.04,111.69,78.84,1225.09,317.15,1169.0,5.6,20.0,55.33,14155.0,943.91,1395.62,2005
2005-06-14,NASDAQ,1334.1,1378.79,1401.31,1288.67,839212064.0,-3.88,0.17,8.44,6.07,65.0,26024.0,4114.0,1.0,137.93,20.65,1992.81,477.64,204.0,3.37,34.0,81.77,5829.0,241.79,218.84,2005
2005-06-16,S&P 500,4009.87,3983.86,4033.43,3980.11,787383043.0,1.33,8.3,11.32,3.33,60.0,29100.0,4906.0,1.11,138.77,36.56,1697.36,477.64,5142.0,3.67,27.0,6.92,9568.0,1438.68,802.93,2005
2005-06-17,S&P 500,1205.18,1163.52,1246.12,1158.01,14187867.0,1.67,6.46,7.61,6.42,85.0,8240.0,606.0,1.31,138.54333333333335,148.46,1818.54,106.92,4135.0,9.28,21.0,29.58,12215.0,1863.42,1565.7,2005
2005-06-18,S&P 500,2970.14,3012.99,3019.22,2950.96,969528470.0,-4.32,6.46,2.26,7.4,67.0,15403.0,4881.0,0.82,138.09,133.55333333333334,1674.49,106.92,5304.0,8.11,35.0,87.1,10548.0,118.61,104.69,2005
2005-06-19,Dow Jones,2768.43,2683.645,2819.28,2721.42,333064052.0,2.76,5.01,10.4,0.87,72.0,27664.0,1633.0,1.45,145.21,118.64666666666666,2189.65,106.92,1947.0,3.31,15.0,40.46,8365.0,160.77,122.56,2005
2005-06-20,NASDAQ,2337.6,2354.3,2399.18,2302.95,492435743.0,6.35,5.01,10.22,0.87,72.0,20578.0,1633.0,1.2,81.44,103.74,1210.91,213.45,9869.0,5.48,11.0,51.54,2584.0,792.8,676.6,2005
2005-06-21,Dow Jones,2578.29,2619.45,2666.79,2534.91,783996011.0,0.53,6.32,3.44,5.87,91.0,14927.0,4103.0,1.28,84.36,66.42,1482.62,227.24,2672.0,4.06,27.0,18.42,7784.0,303.16,267.72,2005
2005-06-22,Dow Jones,3119.76,3104.32,3139.63,3086.0,121281935.0,5.73,6.32,8.01,5.87,93.0,3201.0,807.0,1.22,89.38,113.02,2321.55,227.24,7065.0,4.66,6.0,50.34,1988.0,2088.1,1776.97,2005
2005-06-23,NASDAQ,1645.47,1657.62,1668.48,1643.31,436971565.0,0.54,1.2,13.9,5.26,50.0,10167.0,1723.0,1.49,88.55,137.62,1832.8500000000001,189.25,1083.0,7.61,32.0,26.54,12744.0,2006.11,1699.8,2005
2005-06-24,S&P 500,3287.98,3241.86,2487.5699999999997,3193.14,781775862.0,1.35,2.94,4.67,7.28,56.0,25689.0,4337.0,1.49,111.81,84.86,1344.15,198.88,6534.0,5.43,24.0,50.34,4871.0,1735.58,1481.37,2005
2005-06-25,S&P 500,4221.73,4190.41,4238.38,4189.55,966331593.0,1.35,9.78,7.99,1.01,97.0,23098.0,2428.0,1.23,133.48,69.78,2215.47,264.84,6582.0,1.81,10.0,20.1,11151.0,1980.89,1677.69,2005
2005-06-26,Dow Jones,4040.64,4073.76,4082.57,3993.26,99729741.0,9.26,4.37,7.99,7.72,65.0,6144.0,3114.0,1.28,147.29,87.85,1206.0,349.26,4729.0,2.69,14.0,50.34,1489.0,1299.9,1092.6,2005
2005-06-27,S&P 500,1615.6,1642.28,1672.64,2787.41,122663846.0,-3.37,4.72,12.54,5.195,97.0,6020.0,1807.0,1.23,109.24,98.46,1878.1,241.26,4747.0,5.68,24.0,9.6,4317.0,776.71,650.32,2005
2005-06-28,Dow Jones,1597.0,1582.06,1620.83,1581.56,186642019.0,-4.51,4.99,12.72,8.42,92.0,1168.0,401.0,1.02,128.19,130.2,2425.98,279.95,7640.0,6.93,24.0,58.84,4846.0,2106.84,650.32,2005
2005-06-29,Dow Jones,2072.7,2060.38,2115.99,2025.92,775358049.0,4.12,8.84,11.87,2.57,100.0,2628.0,401.0,0.93,124.49,78.445,1777.01,172.76,9791.0,5.08,24.0,94.2,8739.0,2124.89,1783.93,2005
2005-06-30,NASDAQ,2444.3,2447.66,2449.27,2395.27,398284439.0,9.24,6.04,6.75,8.42,115.0,15959.0,417.0,1.08,107.52,26.69,2159.09,122.56,226.0,6.2,24.0,17.4,14584.0,861.95,1783.93,2005
2005-07-01,NASDAQ,2869.13,2583.84,2666.01,2535.56,651979985.0,9.85,6.94,2.94,1.4,80.0,7238.0,417.0,1.28,130.48,102.0,2050.23,239.3,1857.0,7.89,49.0,2.07,12775.0,1918.76,1649.69,2005
2005-07-02,NASDAQ,3718.79,3692.91,3756.94,3684.86,331065935.0,2.26,3.89,6.54,1.4,88.0,17101.0,3027.0,0.84,121.44,148.29,2248.565,125.0,7490.0,5.45,28.0,42.3,5564.0,472.09,1091.84,2005
2005-07-03,Dow Jones,1226.72,1197.54,1264.69,1188.48,727010600.0,2.02,0.29,10.84,2.4,58.0,28007.0,957.0,1.16,133.2,131.05,2446.9,219.89,2369.0,9.77,25.0,74.87,10828.0,943.79,812.63,2005
2005-07-04,NASDAQ,1138.69,1113.74,1182.99,1085.46,614941668.0,4.67,9.31,11.14,8.82,90.0,9440.0,2820.0,1.165,93.56,118.57,837.94,435.04,1714.0,2.36,22.0,97.51,6790.0,943.79,812.63,2005
2005-07-05,S&P 500,2567.64,2598.23,2634.68,2535.77,571913320.0,3.33,9.49,14.55,7.2,112.0,4720.0,3122.0,1.17,105.22,42.95,847.38,246.77,198.0,9.2,16.0,5.22,4998.0,1814.79,1526.83,2005
2005-07-06,S&P 500,3788.65,3766.62,3835.04,3729.65,730828094.0,4.51,9.49,7.9,0.74,63.0,25276.0,776.0,1.4,126.99,117.32,1810.52,177.3,1606.0,9.2,4.0,78.62,4998.0,1255.48,1061.31,2005
2005-07-07,Unknown,1773.74,1742.89,1790.37,1733.84,311283032.0,8.11,9.44,10.22,0.59,107.0,19505.0,478.0,0.83,88.74,30.59,2422.22,460.83,3575.0,5.32,15.0,36.93,13578.0,1529.74,1291.05,2005
2005-07-08,Dow Jones,3566.02,3566.45,3591.61,3518.07,945419965.0,6.19,8.15,9.01,3.27,113.0,5639.0,316.0,1.33,133.93,84.21,1625.66,355.74,3357.0,4.56,24.0,15.46,7044.0,1913.09,1620.78,2005
2005-07-09,Unknown,2039.31,2075.87,2076.57,2007.37,505448007.0,2.45,6.85,3.96,1.86,77.0,1221.0,3800.0,1.27,89.34,68.22,2227.63,495.3,475.0,3.73,24.0,19.31,9392.0,1342.1,1148.21,2005
2005-07-10,Dow Jones,4544.34,4518.47,4544.69,4476.12,575332375.0,1.93,8.45,8.0,6.49,53.0,9643.0,2996.0,0.94,92.985,54.5,2105.44,220.1,3574.0,9.63,20.0,92.4,9692.0,1397.92,1539.61,2005
2005-07-11,Unknown,4582.76,4540.61,4594.77,4513.61,963348499.0,4.59,6.01,9.08,6.81,83.0,2381.0,4629.0,1.31,96.63,40.78,1647.03,180.15,335.0,2.72,4.0,80.95,7695.0,592.19,495.32,2005
2005-07-12,S&P 500,2189.15,2174.79,2194.19,2154.08,512775599.0,1.84,1.34,14.36,9.45,53.0,27303.0,4951.0,1.15,84.27,122.56,1672.39,219.18,4853.0,2.72,25.0,31.24,7695.0,1812.6,1540.73,2005
2005-07-13,S&P 500,4799.95,1944.75,1957.76,1871.12,763931037.0,1.87,3.91,6.77,9.54,119.0,18316.0,3089.0,1.14,98.95,26.31,1541.26,425.0,4263.0,8.04,42.0,94.03,10646.0,603.13,503.96,2005
2005-07-14,NASDAQ,2645.22,2650.29,2659.14,2616.11,909345853.0,-4.76,9.71,14.74,6.76,107.0,18316.0,3930.0,1.14,143.81,42.25,1228.74,160.61,7211.0,8.04,47.0,10.61,393.0,2030.09,1714.43,2005
2005-07-15,Dow Jones,1962.13,1993.81,1995.24,1918.79,431112145.0,-2.39,3.51,9.05,0.55,53.0,19204.0,3756.0,1.46,81.89,58.19,2259.81,196.43,8257.0,9.73,29.0,32.32,9869.0,634.56,534.16,2005
2005-07-16,Dow Jones,3689.54,3735.5,3780.97,3641.88,235899267.0,2.33,3.51,5.15,3.91,99.0,7450.0,1606.0,1.46,81.18,146.87,1156.27,380.65,9491.0,5.47,21.0,65.33,4368.0,2239.16,1890.27,2005
2005-07-17,S&P 500,3690.955,4333.53,4333.9400000000005,4270.49,247955183.0,7.34,0.93,4.49,3.91,54.0,10468.0,1390.0,1.44,129.3,107.33,2341.76,395.2,7799.0,9.14,44.0,99.94,7297.0,2239.16,1516.37,2005
2005-07-18,Dow Jones,3692.37,3702.75,4319.475,3664.92,541473059.0,-0.82,3.34,3.84,5.24,94.0,15598.0,2039.0,1.42,105.68,60.16,1411.54,483.54,6827.0,6.64,24.0,46.62,4158.0,580.47,1516.37,2005
2005-07-19,S&P 500,10743.5,4296.73,4305.01,4296.55,581850629.0,2.84,3.34,7.89,6.23,84.0,24061.0,4794.0,1.25,96.08,50.62,845.05,492.06,8908.0,6.49,43.0,81.09,5382.0,817.59,699.39,2005
2005-07-20,NASDAQ,2587.97,2541.98,2633.58,2539.98,848054658.0,0.17,0.52,2.29,9.63,76.0,9390.0,335.0,1.08,115.62,103.11,1086.24,365.41,9109.0,3.46,11.0,91.6,7295.0,412.46,319.21,2005
2005-07-21,S&P 500,1625.27,1673.7,1718.34,1615.23,410625489.0,-3.43,1.19,7.79,8.91,51.0,28044.0,1883.0,1.43,98.67,103.47333333333333,1052.3,245.12,152.0,7.71,41.0,1.06,5644.0,1242.88,1067.38,2005
2005-07-22,Dow Jones,3951.8,3940.15,1856.1666666666667,3930.85,301234094.0,9.37,1.93,14.85,1.53,103.0,1121.0,4295.0,1.33,107.44,103.83666666666667,1018.36,281.21,5486.0,0.3,26.0,50.34,11725.0,1432.59,1211.5,2005
2005-07-23,NASDAQ,2441.9,2407.12,1993.9933333333333,2394.38,399317031.0,7.82,8.38,10.71,3.03,97.0,1121.0,2886.0,1.12,130.07,104.2,2055.92,275.71,3203.0,5.56,24.0,10.13,11536.0,1431.05,1211.5,2005
2005-07-25,S&P 500,2082.58,2061.01,2131.82,2043.01,971569783.0,5.8,2.99,3.55,3.03,50.0,26160.0,2855.0,1.17,147.18,50.94,1648.19,235.3,7454.0,3.07,43.0,56.75,10138.0,1431.05,361.54,2005
2005-07-26,NASDAQ,1324.92,1333.5,1377.39,1303.89,497192406.0,0.21,0.1,8.15,3.12,82.0,24109.0,2183.0,1.22,82.98,89.66,1148.85,167.16,9122.0,0.96,24.0,9.65,3051.0,324.12,267.06,2005
2005-07-27,NASDAQ,4970.33,4979.01,5023.77,4965.39,600012386.0,9.92,6.96,5.72,7.44,84.0,25375.0,4509.0,1.17,136.46,106.27,1366.38,246.46,3572.0,9.12,18.0,42.13,4861.0,1050.87,874.49,2005
2005-07-28,S&P 500,1624.81,1619.38,5014.15,1617.26,328859077.0,-0.46,6.2,13.62,6.88,103.0,27620.0,4195.0,1.2,130.72,142.45,1012.2,487.69,5373.0,9.12,48.0,51.45,7118.0,521.39,442.32,2005
2005-07-29,Dow Jones,4953.68,4987.29,5004.53,4919.98,890068149.0,-1.42,6.45,4.36,5.0,105.0,27620.0,4746.0,1.31,99.75,124.45,1745.2,452.86,2198.0,6.69,26.0,69.81,10053.0,847.57,698.97,2005
2005-07-30,S&P 500,4564.475,4885.62,4953.8,4858.75,668120409.0,3.52,3.74,7.96,2.41,64.0,26351.0,4712.0,1.46,88.28,74.71,1421.9,346.93,2685.0,8.51,47.0,77.97,5856.0,1656.58,1400.75,2005
2005-07-31,NASDAQ,4175.27,4170.13,4189.85,4147.92,645869885.0,7.53,2.08,9.64,8.94,118.0,26506.0,2800.0,0.98,139.67,129.77,1421.32,177.12,550.0,7.33,16.0,8.88,5856.0,2206.43,1844.78,2005
2005-08-02,NASDAQ,3311.23,4331.47,3332.58,3269.85,588890263.0,5.64,8.11,12.79,2.11,113.0,5875.0,3649.0,1.25,100.36,36.92,1031.42,224.75,9056.0,6.18,22.0,16.2,7066.0,2167.03,1849.91,2005
2005-08-03,NASDAQ,4464.41,4492.81,4538.91,2692.515,799331226.0,-4.08,1.39,12.79,7.2,71.0,20336.0,4252.0,1.29,81.19,80.765,2002.8,318.29,581.0,9.78,17.0,75.35,5925.0,2268.22,1922.69,2005
2005-08-04,Dow Jones,2157.76,3689.0650000000005,2164.8,2115.18,230712927.0,8.78,4.87,6.91,7.54,71.0,24196.0,2430.0,1.1,145.69,124.61,1296.94,464.72,2507.0,2.14,42.0,65.8,9641.0,1376.5,1156.5,2005
2005-08-05,NASDAQ,2870.72,2885.32,2896.56,2823.04,884340171.0,-3.78,2.49,12.3,8.93,96.0,27464.0,4656.0,1.46,108.3,144.25,1551.52,233.88,4748.0,6.2,43.0,72.33,3475.0,619.19,1156.5,2005
2005-08-06,NASDAQ,3477.56,3442.62,3505.47,2723.25,254666303.0,8.71,1.68,8.86,2.62,55.0,6425.0,4656.0,1.14,92.34,130.52666666666667,2097.22,465.34,175.0,5.64,48.0,7.59,8243.0,1473.67,1233.16,2005
2005-08-07,Dow Jones,2644.76,2688.0200000000004,2726.22,2623.46,458870468.0,2.36,7.34,7.23,9.89,76.0,18705.0,2111.0,0.89,143.83,116.80333333333333,1556.09,194.05,1560.0,5.64,1.0,51.08,14186.0,525.4,445.77,2005
2005-08-08,NASDAQ,2709.95,2698.26,2740.92,2666.02,728990847.0,1.72,5.38,2.38,1.96,59.0,6931.0,2741.0,1.28,105.13,82.18,1183.54,471.48,7971.0,9.55,24.0,84.07,1710.0,1603.36,1349.04,2005
2005-08-09,Unknown,2321.14,2344.09,2355.7,2312.29,404161286.0,9.6,2.16,11.79,6.21,88.0,1488.0,2212.0,0.89,112.43,41.07,1734.7,243.47,7601.0,3.56,18.0,71.36,222.0,2011.67,1713.18,2005
2005-08-10,Unknown,3256.93,3208.96,3256.98,3180.93,115646271.0,9.86,3.1,14.64,6.74,86.0,25289.0,3600.0,1.03,128.9,33.33,2162.05,249.84,2098.0,3.56,3.0,86.19,13491.0,628.36,498.4,2005
2005-08-11,NASDAQ,4402.3,4372.820000000001,2556.175,4323.75,424789909.0,4.75,9.67,10.06,4.48,103.0,17415.0,4331.0,0.96,137.36,87.41,1819.39,321.2,2098.0,9.63,32.0,20.69,12009.0,504.96,436.91,2005
2005-08-12,NASDAQ,4570.014999999999,1804.82,1855.37,1778.9,928162010.0,-3.09,8.49,13.14,5.01,100.0,3417.0,4957.0,1.18,140.135,114.61,1416.475,238.81,5132.0,7.29,33.0,28.76,6664.0,405.84,328.49,2005
2005-08-13,S&P 500,4737.73,4775.56,4816.06,4691.35,248747814.0,-3.09,8.8,8.72,8.96,109.0,7385.0,1109.0,1.04,142.91,62.11,1013.56,279.99,8490.0,3.42,31.0,44.18,11756.0,154.69,120.74,2005
2005-08-14,Dow Jones,3756.35,3759.08,3782.09,3735.98,646880108.0,2.94,4.6,5.01,6.63,100.0,4119.0,1729.0,0.91,145.28,107.71,1222.81,300.53,1197.0,2.81,17.0,52.37,5478.0,487.53,430.82,2005
2005-08-16,NASDAQ,3224.76,3223.14,3245.25,3194.1800000000003,701599842.0,3.54,3.77,10.49,1.72,98.0,27334.0,949.0,1.0150000000000001,114.82,99.22999999999999,2112.07,484.44,4065.0,2.74,8.0,38.19,5478.0,1770.01,1504.64,2005
2005-08-17,S&P 500,4118.07,2124.955,4144.32,4115.0,260883033.0,-4.72,0.78,8.41,0.57,100.0,10910.0,2967.0,1.12,140.05,90.75,948.87,212.72,2241.0,2.74,36.0,68.74,11243.0,458.21,368.02,2005
2005-08-18,Dow Jones,1064.8,1026.77,1088.66,997.43,267724886.0,5.67,4.01,12.17,1.69,77.0,10910.0,2139.0,1.42,114.11,82.27000000000001,809.37,213.83,7120.0,2.15,47.0,64.57,8459.0,258.85,194.73,2005
2005-08-19,S&P 500,4273.52,4303.79,4326.170000000001,4259.79,487813508.0,5.69,5.94,11.03,9.58,85.0,14074.0,2139.0,1.18,113.74,73.79,1098.21,435.17,6603.0,9.95,35.0,11.14,8820.0,1217.71,1022.32,2005
2005-08-20,Dow Jones,1160.56,1135.26,1199.32,1133.64,970506265.0,-3.27,2.87,14.84,7.76,74.0,29847.0,578.0,1.3,123.3,54.0,2404.61,256.8,7436.0,7.7,2.0,98.57,8673.0,1474.84,1260.47,2005
2005-08-21,NASDAQ,4559.65,2426.4833333333336,2474.4700000000003,4518.61,571396034.0,3.55,8.48,8.63,9.69,85.0,29561.0,1410.0,1.03,133.72,55.43,1786.07,129.28,8588.0,5.68,24.0,56.32,2889.0,1386.22,1165.58,2005
2005-08-22,Unknown,4967.85,5008.93,5024.77,4954.06,113422172.0,3.53,1.51,7.55,0.84,85.0,7064.0,4731.0,1.19,126.59,58.29,1688.475,292.5,2872.0,7.46,39.0,48.41,5583.0,2233.77,1900.32,2005
2005-08-23,Unknown,2176.27,2220.6,2233.51,2136.44,301407233.0,5.24,3.67,5.73,0.84,56.0,27185.0,2243.0,1.31,123.86,88.59,1590.88,320.09,417.0,9.16,24.0,96.73,8082.0,2245.84,1859.73,2005
2005-08-24,NASDAQ,1841.27,1843.29,1845.18,1826.86,550824831.0,-3.72,1.25,8.2,0.92,114.0,3560.0,2243.0,1.01,106.02,110.555,2205.28,347.08,371.0,9.63,1.0,14.12,4077.0,1137.07,942.61,2005
2005-08-25,Unknown,4061.45,4079.16,4108.32,4051.73,727300827.0,4.4,4.05,8.2,7.93,85.0,26684.0,1756.0,1.28,124.11,132.52,857.66,194.04,1467.0,7.86,43.0,54.41,7328.0,1801.03,1519.86,2005
2005-08-26,NASDAQ,2012.11,2039.96,2051.46,4229.5,965846038.0,-0.79,0.4,2.55,7.93,79.0,15326.0,2731.0,1.2,87.23,121.57,1525.59,489.3,7121.0,8.49,0.0,80.53,11749.0,763.0,667.81,2005
2005-08-27,NASDAQ,4462.25,4425.35,4469.66,4407.27,357510115.0,2.61,2.73,14.71,1.41,96.0,15326.0,4036.0,1.1,90.20500000000001,59.33,1997.1100000000001,489.3,7350.0,3.98,23.0,39.95,344.0,763.0,492.79,2005
2005-08-28,Dow Jones,1411.37,1421.47,1454.16,1381.3,250715824.0,6.6,4.01,14.91,5.9,78.0,3024.0,1494.0,1.3,93.18,141.07,2468.63,388.06,3411.0,3.92,23.0,73.66,2048.0,1279.83,1107.84,2005
2005-08-29,S&P 500,1503.82,1457.25,1537.88,1426.75,632660421.0,5.58,4.78,9.77,3.16,54.0,13107.0,2723.0,1.02,117.63,121.215,1988.6950000000002,449.15,9950.0,8.08,49.0,89.93,12457.0,2140.41,1814.06,2005
2005-08-30,S&P 500,2599.59,4916.37,4954.22,4888.35,842486986.0,2.76,5.44,6.31,6.77,114.0,17573.0,2390.0,1.3,98.34,101.36,1508.76,110.45,8734.0,7.6,41.0,26.24,14230.0,2142.75,1777.44,2005
2005-08-31,NASDAQ,3695.36,4636.105,3720.54,3615.11,67280869.0,3.87,2.75,4.9,6.75,118.0,27175.0,738.0,1.19,116.375,74.275,2089.96,345.26,8900.0,9.01,24.0,24.22,14164.0,782.96,667.88,2005
2005-09-01,S&P 500,4387.55,4355.84,4432.25,4322.12,299443637.0,9.54,5.23,5.59,7.2,112.0,13444.0,738.0,0.97,134.41,47.19,2297.21,427.13,1192.0,1.33,3.0,36.13,1452.0,1783.26,1510.48,2005
2005-09-02,S&P 500,2297.32,2283.82,2344.14,2263.63,487813508.0,-2.65,5.09,2.65,9.93,105.0,13615.0,452.0,1.27,110.38,122.61,2293.26,113.75,3884.0,6.91,49.0,41.9,13795.0,2079.34,1758.82,2005
2005-09-03,NASDAQ,3705.93,3699.17,3746.3,3656.05,941352363.0,7.79,3.16,8.18,4.17,66.0,1600.0,4621.0,1.42,95.31,78.99,1470.67,402.46,6712.0,6.48,34.0,11.19,1829.0,1231.34,1041.49,2005
2005-09-04,NASDAQ,3376.97,3389.29,3421.07,3367.92,37447149.0,5.54,8.3,2.75,4.92,100.0,8810.0,3248.0,1.02,95.61,36.37,2412.54,495.88,2957.0,7.99,34.0,23.21,8103.0,1954.36,1638.29,2005
2005-09-05,S&P 500,3412.6,3370.04,3427.79,3342.83,50908705.0,6.61,5.46,11.34,8.14,86.0,11460.0,4705.0,1.37,143.44,73.07,1910.97,337.36,2044.0,0.25,11.0,87.34,13212.0,237.84,222.42,2005
2005-09-06,Unknown,3730.13,3730.5,3779.65,3682.6,487813508.0,-0.77,3.32,6.84,5.99,58.0,5801.0,3688.0,1.04,134.66,47.55,2142.82,337.36,2971.0,8.26,24.0,56.7,4364.0,2057.42,1749.7,2005
2005-09-07,NASDAQ,3301.44,3269.7,3315.15,3238.43,738023260.0,-0.68,9.47,4.59,0.85,87.0,25581.0,239.0,1.37,82.56,91.57499999999999,2374.67,281.44,9234.0,3.26,24.0,50.34,5451.0,1037.26,894.67,2005
2005-09-08,Unknown,2716.25,2723.65,2733.78,2675.4,332514427.0,8.59,8.45,9.08,8.51,102.0,24701.0,351.0,0.84,145.99,135.6,2011.6550000000002,371.79,6704.0,6.87,48.0,94.37,1217.0,704.97,572.67,2005
2005-09-09,S&P 500,2103.69,2117.43,2139.54,2071.01,721662581.0,0.4,9.83,14.66,0.99,62.0,15472.0,768.0,1.125,87.88,70.32,1648.64,327.98,9749.0,6.17,21.0,77.45,10275.0,2238.21,1912.62,2005
2005-09-11,Dow Jones,1905.09,1928.92,1977.84,1857.87,491123588.0,4.01,3.78,8.39,1.47,98.0,9733.0,416.0,1.41,118.61,66.65,2164.14,268.66,9749.0,7.46,24.0,76.57,8270.0,1795.65,1513.77,2005
2005-09-12,NASDAQ,3769.42,3752.98,3798.84,3739.33,621149705.0,-3.13,2.81,12.1,1.24,119.0,11827.0,4118.0,1.17,83.27,36.74,1481.98,266.93,2238.0,9.61,24.0,59.65,558.0,294.12,1513.77,2005
2005-09-13,S&P 500,1933.33,1959.84,3666.4750000000004,1924.85,472002569.0,6.95,6.63,11.59,0.74,84.0,996.0,3026.0,1.22,108.78999999999999,59.53,1157.76,398.39,8580.0,3.23,22.0,68.41,618.0,1091.67,911.34,2005
2005-09-14,Dow Jones,3501.32,3494.6,3534.11,3470.4,246584756.0,4.63,9.81,13.59,1.02,65.0,4674.0,2109.0,1.39,134.31,59.00333333333334,2063.5,358.21,7037.0,7.48,30.0,32.21,9909.0,2122.66,1817.39,2005
2005-09-15,S&P 500,3988.31,3986.73,4013.16,3951.64,296825672.0,2.76,6.27,4.66,4.7,62.0,25134.0,3045.0,0.84,101.48,57.95,1806.97,411.24,6215.0,7.48,6.0,21.03,4331.0,1651.35,1393.19,2005
2005-09-16,S&P 500,1874.86,1889.67,1891.27,1863.5,417457085.0,6.77,8.82,4.66,2.9,60.0,6030.0,1152.0,1.07,113.62,90.75,2327.11,454.87,3444.0,8.46,21.0,25.43,10177.0,1423.63,1202.67,2005
2005-09-18,Dow Jones,1523.89,1539.29,1575.1,1506.74,487813508.0,0.72,4.07,14.23,6.76,68.0,23853.0,3663.0,1.08,85.01,65.19,828.61,226.01,7248.0,4.49,24.0,47.16,9757.0,964.63,816.48,2005
2005-09-19,S&P 500,3423.99,3435.85,3456.69,3375.55,681369161.0,6.62,9.06,5.65,2.65,94.0,11824.0,1223.0,0.82,138.28,25.15,2443.31,310.78,7781.0,7.72,18.0,40.68,10861.0,1270.08,1060.25,2005
2005-09-21,Dow Jones,1179.99,1138.57,1191.34,1118.5,487813508.0,9.59,9.81,14.53,4.47,96.0,2153.0,669.0,1.07,98.37,65.19,1812.99,433.88,6799.0,2.67,25.0,85.65,862.0,972.52,599.15,2005
2005-09-22,S&P 500,3936.61,3895.7,3947.67,3886.07,59076867.0,6.04,7.75,3.89,3.45,98.0,7746.0,669.0,0.81,133.41,68.11,2345.74,287.38,2730.0,9.96,40.0,68.22,8485.0,907.69,743.05,2005
2005-09-23,S&P 500,2365.27,2407.59,2415.66,2347.47,821488249.0,-4.77,4.49,14.67,3.53,91.0,14560.0,3821.0,0.92,133.315,71.03,1928.48,287.38,2730.0,6.2,21.0,44.73,3789.0,2266.55,1922.09,2005
2005-09-24,Dow Jones,2914.11,2933.04,2392.475,2905.62,471386157.0,8.2,5.31,3.11,4.73,82.0,26782.0,4016.0,0.95,133.22,87.28999999999999,1614.85,384.92,323.0,6.45,8.0,96.71,11222.0,965.97,810.93,2005
2005-09-26,Dow Jones,2327.89,2313.56,2369.29,2268.22,822597951.0,-2.89,5.31,7.77,6.36,118.0,17127.0,3023.0,0.93,149.0,103.55,2435.74,139.38,1754.0,8.83,28.0,9.6,9239.0,871.1,748.94,2005
2005-09-28,NASDAQ,1054.73,1088.29,1117.75,1773.125,101199792.0,7.97,4.36,8.35,5.42,88.0,7499.0,4645.0,1.33,106.35,32.76,1089.51,119.04,5244.0,0.59,17.0,50.34,4116.0,1591.35,1347.89,2005
2005-09-29,Dow Jones,1326.39,1280.76,1362.43,1278.03,611655923.0,3.05,5.16,9.16,4.99,56.0,13898.0,4645.0,1.37,140.57,126.73,2193.21,367.95,4872.0,3.87,30.0,17.38,10662.0,1294.44,1076.97,2005
2005-09-30,NASDAQ,5085.925,2008.03,2046.43,1991.54,603787233.0,2.76,0.97,11.03,2.53,88.0,26750.0,3352.0,1.36,84.63,103.51,1633.69,234.85,6407.0,5.65,31.0,12.88,5479.0,2222.49,1865.4,2005
2005-10-01,NASDAQ,1111.41,1150.38,1158.79,1088.33,863908265.0,0.27,7.44,14.59,7.68,83.0,7243.0,3492.0,1.29,116.11,100.105,1103.06,395.35,836.0,2.86,8.0,26.05,2748.0,2052.09,1745.0,2005
2005-10-02,NASDAQ,3525.5,3476.42,3574.1,3466.18,938595426.0,0.14,1.09,12.18,1.84,93.0,3192.0,2430.0,1.18,147.59,96.7,1286.48,271.88,8437.0,6.89,29.0,28.04,8220.0,999.08,863.9,2005
2005-10-03,S&P 500,2705.59,2675.73,2736.47,2660.66,890545574.0,-0.1,4.05,4.91,5.17,118.0,6573.0,3492.0,1.19,87.01,89.89,2489.82,118.24,7078.0,0.74,36.0,96.5,2216.0,178.62,173.05,2005
2005-10-04,NASDAQ,7981.45,3238.48,3287.55,3182.54,464915110.0,-1.36,8.05,4.91,4.5,117.0,8730.0,2717.0,1.47,117.86,25.86,2141.325,251.85,1133.0,7.91,24.0,78.07,8239.0,1721.29,1472.46,2005
2005-10-05,NASDAQ,1698.59,1709.93,3476.99,1659.88,910634720.0,4.13,4.68,3.27,6.75,112.0,8730.0,4220.0,1.41,89.27,113.38,1482.74,187.48,6763.0,7.18,7.0,6.07,3480.0,1810.02,493.81,2005
2005-10-07,S&P 500,3655.3,3612.0,3666.43,3580.25,72552694.0,-0.39,4.68,4.35,9.49,52.0,18499.0,2113.0,1.13,121.14,83.66,1615.48,251.04,7448.0,2.98,3.0,17.05,12283.0,2213.51,493.81,2005
2005-10-09,Dow Jones,1201.67,1176.14,1227.27,1130.69,693072845.0,7.58,2.09,13.55,2.99,58.0,17104.0,2644.0,0.84,101.49,83.59,1079.18,484.03,4719.0,7.73,16.0,50.34,11331.0,577.08,491.4,2005
2005-10-10,S&P 500,4561.54,4599.69,4615.67,4513.06,930388257.0,6.13,0.38,6.25,8.21,110.0,14660.0,4647.0,1.46,116.16,44.66,2065.6,484.03,8677.0,8.14,24.0,27.31,5602.0,733.61,630.8,2005
2005-10-11,S&P 500,3307.52,3299.11,3315.9,3290.43,125522887.0,8.96,8.72,9.37,5.42,69.0,15110.0,4895.0,1.18,130.77,97.21,1511.3,198.19,5039.0,3.22,47.0,30.94,2632.0,1943.47,1636.92,2005
2005-10-12,NASDAQ,3255.68,3277.71,3290.85,3244.53,483094834.0,8.96,7.52,7.17,4.8,89.0,15110.0,3819.0,1.15,114.12,117.78,957.0,405.57,6578.0,9.7,8.0,75.44,7450.0,1912.71,1608.97,2005
2005-10-13,S&P 500,3001.11,2273.045,3044.73,2974.83,90028713.0,-2.84,2.32,2.96,7.25,61.0,7821.0,3773.0,1.0,93.25,124.95,1805.79,106.15,613.0,9.7,24.0,26.73,5778.0,1053.55,896.2,2005
2005-10-14,Dow Jones,1277.58,1268.38,1312.8,1263.82,649683078.0,3.12,9.85,6.72,6.22,77.0,7106.0,1651.0,0.8,129.57,51.4,1071.07,122.54,8318.0,0.65,4.0,80.09,10110.0,1451.99,1238.34,2005
2005-10-15,Unknown,1359.51,1328.64,1384.12,1306.82,474884236.0,4.22,5.02,7.3,9.72,97.0,8076.0,1782.0,0.84,88.29,84.75,2468.92,434.29,764.0,4.78,24.0,9.19,14069.0,442.9,366.61,2005
2005-10-16,Dow Jones,3403.65,3405.36,3410.07,1822.275,697697909.0,2.2,5.02,13.64,6.05,56.0,25326.0,484.0,0.98,136.66,75.0,1241.51,325.69,2287.0,6.65,5.0,59.56,5180.0,510.84,417.13,2005
2005-10-17,S&P 500,2363.83,2404.64,2413.22,2337.73,487813508.0,3.98,5.05,6.22,4.93,63.0,29383.0,4808.0,1.18,107.69,99.425,1983.23,249.32,5924.0,1.69,37.0,86.31,12182.0,310.97,264.54,2005
2005-10-18,S&P 500,4669.07,4699.51,4704.64,4652.52,487813508.0,-2.29,4.72,6.93,5.66,68.0,16337.0,3136.0,0.86,125.69,123.85,1915.28,396.18,6338.0,9.02,7.0,8.02,10783.0,388.18,264.54,2005
2005-10-19,S&P 500,3121.1,2582.94,2656.99,2555.82,102771487.0,2.19,4.49,12.18,8.18,103.0,8328.0,2366.0,1.48,104.13,33.97,2052.9625,145.75,6411.0,7.54,47.0,63.53,3100.0,1706.3,1420.96,2005
2005-10-20,S&P 500,1573.13,1592.39,1597.1,1525.19,487813508.0,4.87,3.35,11.87,6.32,109.0,13206.0,4752.0,1.09,126.84,41.91,2190.645,214.67,1640.0,0.81,45.0,51.21,3804.0,1420.95,1176.79,2005
2005-10-21,Unknown,3858.88,1903.275,3903.78,3848.58,487813508.0,1.49,5.34,12.38,6.65,116.0,17390.0,4545.0,1.02,142.24,111.26,2328.3275000000003,214.67,2731.0,9.13,32.0,33.26,8870.0,1435.94,1231.55,2005
2005-10-22,Dow Jones,2173.41,2214.16,2215.19,3455.27,790175309.0,5.19,4.53,14.4,5.195,83.0,5241.0,489.0,1.17,129.1,127.41,2466.01,214.67,7257.0,4.04,47.0,50.34,5733.0,879.15,747.97,2005
2005-10-23,NASDAQ,3101.88,3064.13,3114.35,3061.96,298721802.0,1.77,0.37,12.34,6.37,90.0,25944.0,3018.0,1.285,127.0,143.56,1125.59,340.26,8599.0,4.52,14.0,50.34,5733.0,1355.38,1130.06,2005
2005-10-24,Dow Jones,9478.325,3794.73,3839.26,3788.01,172719425.0,0.0,2.6,7.3,4.11,80.0,16062.0,2213.0,1.4,133.02,149.08,2108.52,340.26,2093.0,7.83,36.0,31.01,2129.0,1925.34,1633.96,2005
2005-10-25,S&P 500,4601.06,4639.01,4674.94,3971.26,905808929.0,-0.45,2.13,12.68,7.07,88.0,16062.0,1242.0,1.12,115.01,121.19,1033.87,180.95,803.0,6.44,8.0,33.96,11096.0,779.27,659.33,2005
2005-10-26,NASDAQ,4168.76,4159.76,4172.41,4154.51,492621564.0,1.16,8.67,8.61,6.76,101.0,5087.0,845.0,0.92,95.42,23.48,1278.03,455.35,803.0,4.38,2.0,50.34,13512.0,1766.01,1482.07,2005
2005-10-28,NASDAQ,3718.53,3675.58,3743.18,3667.0,515898158.0,5.03,7.64,5.94,5.195,69.0,23484.0,4222.0,1.05,125.39,72.79,1502.9,339.54,646.0,4.38,38.0,33.43,8432.0,335.43,279.74,2005
2005-10-29,S&P 500,4783.7,4761.51,4826.04,4733.27,909440976.0,7.68,9.57,4.91,7.56,101.0,9861.0,4485.0,1.2,101.97,123.94,2429.05,201.22,5236.0,5.79,24.0,74.7,1291.0,1801.28,1521.94,2005
2005-10-30,Dow Jones,2183.3,2165.75,2213.34,2130.58,742065549.0,0.32,9.57,3.88,5.24,111.0,9861.0,4223.0,1.09,99.31,57.31,2241.06,238.72,209.0,6.31,15.0,95.67,12911.0,258.1,203.15,2005
2005-10-31,S&P 500,1004.45,1048.96,1083.05,2081.63,723652120.0,-4.31,9.83,4.4,7.91,54.0,17623.0,3330.0,1.22,115.0,70.2,2367.04,119.59,1598.0,6.05,27.0,9.87,14922.0,1134.28,947.73,2005
2005-11-01,NASDAQ,2087.82,2066.09,2137.5,2032.68,350652271.0,9.8,3.12,2.82,4.78,106.0,10482.0,3316.0,1.29,94.51,68.31333333333333,1769.6,293.29,3771.0,6.17,34.0,52.97,11918.0,2025.62,1712.38,2005
2005-11-02,S&P 500,1871.57,1867.66,1883.19,1858.54,855387802.0,-1.04,1.86,13.55,9.84,53.0,9115.0,2614.0,1.32,141.48,66.42666666666668,1172.16,237.94,8854.0,4.76,14.0,50.34,12459.0,1927.23,1623.56,2005
2005-11-03,S&P 500,3647.34,3664.47,3695.67,3616.67,810263495.0,-3.1,4.03,14.1,3.28,60.0,3555.0,2614.0,1.08,135.2,103.50999999999999,1681.45,231.76,9879.0,5.62,24.0,82.54,3500.0,249.09,205.78,2005
2005-11-04,Dow Jones,3534.85,3501.07,3557.87,3480.47,974919248.0,0.55,4.71,9.63,1.38,68.0,21271.0,207.0,1.3,101.58,142.48,2101.41,455.98,6992.0,2.89,34.0,28.76,3687.0,924.46,773.06,2005
2005-11-05,Dow Jones,3373.85,3372.49,3375.82,3339.8,903552516.0,6.08,8.95,12.93,4.59,76.0,19087.0,2586.0,1.23,83.46,117.53,2184.355,381.55,8052.0,1.58,47.0,33.34,775.0,634.52,556.21,2005
2005-11-06,NASDAQ,1064.97,1088.82,1089.54,1015.22,152119883.0,-0.59,5.6,12.93,5.65,78.0,10675.0,4398.0,1.16,83.63,137.94,2267.3,282.92,565.0,1.58,24.0,68.76,2179.0,1250.98,1075.93,2005
2005-11-07,S&P 500,3915.11,3951.8,3957.76,3868.22,51171045.0,3.62,2.92,13.72,3.82,67.0,20806.0,876.0,0.85,100.8,47.45,1873.3,178.14,276.0,0.47,24.0,78.94,6428.0,1004.01,864.47,2005
2005-11-08,S&P 500,2294.12,2306.75,2339.2,2293.91,257141310.0,1.23,7.43,8.58,2.8,86.0,27473.0,2033.0,1.03,90.33,100.84,2030.07,489.3,5961.0,0.65,7.0,40.06,9455.0,1624.41,1358.6,2005
2005-11-09,Unknown,3660.22,3677.13,3705.49,3615.95,810021585.0,-3.23,5.06,2.87,6.88,110.0,18841.0,537.0,1.21,141.13,87.89500000000001,1980.3,129.91,5482.0,2.47,47.0,66.59,6133.0,1848.66,1580.61,2005
2005-11-10,S&P 500,3226.31,3188.94,2633.6349999999998,3185.62,531523417.0,-0.05,1.62,3.84,4.08,96.0,13030.0,1134.0,1.32,109.45,74.95,2241.2,154.44,3027.0,1.94,37.0,95.64,6738.0,1592.06,1310.81,2005
2005-11-12,S&P 500,1538.31,1501.57,1561.78,1487.48,334239844.0,4.18,9.11,3.84,7.9,119.0,16287.0,4802.0,0.94,95.25,132.62,1440.97,154.44,9186.0,3.71,33.0,70.16,1041.0,295.83,242.86,2005
2005-11-13,Dow Jones,1377.68,1405.15,2953.865,1358.58,487813508.0,-3.2,8.43,6.02,5.195,98.0,2289.0,741.0,0.99,138.88,82.99,1654.45,211.55,1582.0,1.17,0.0,94.31,522.0,1012.76,867.76,2005
2005-11-14,NASDAQ,4326.07,4302.55,4345.95,4297.97,416062184.0,-2.55,5.87,2.78,5.195,64.0,15807.0,3274.0,1.04,135.47,114.12,1729.22,296.57,6509.0,2.47,18.0,87.61,12962.0,578.71,481.48,2005
2005-11-15,NASDAQ,4673.59,4716.95,4748.2,4667.98,433958286.0,4.61,3.77,5.07,5.9,67.0,23285.0,1908.0,1.0,106.9,111.77,2402.34,404.47,9500.0,0.05,13.0,72.93,14144.0,1727.19,1443.36,2005
2005-11-16,S&P 500,3599.15,3621.15,3660.14,3562.81,633453289.0,7.2,0.87,5.45,4.77,87.0,1084.0,3975.0,0.86,91.86,69.065,2337.605,471.67,7332.0,0.05,18.0,91.73,12627.0,1517.07,1284.03,2005
2005-11-17,NASDAQ,1413.74,3717.4533333333334,1478.32,1366.52,878799408.0,0.24,4.7,14.93,8.77,71.0,6678.0,742.0,1.29,96.985,26.36,2272.87,342.04,526.0,7.96,22.0,81.76,1434.0,1078.9,904.84,2005
2005-11-18,Dow Jones,2608.11,3813.7566666666667,2634.07,2549.48,531293500.0,3.93,7.52,5.06,8.85,109.0,20084.0,802.0,1.16,102.11,129.2,1738.23,253.71,1627.0,2.66,3.0,50.28,13195.0,992.01,817.76,2005
2005-11-19,Dow Jones,3915.76,3910.06,3958.66,3874.27,907106201.0,-2.44,3.6,5.11,3.77,115.0,18226.0,2948.0,0.91,133.98,83.74,1742.87,494.2,5350.0,6.43,33.0,50.28,2048.0,2177.52,1820.76,2005
2005-11-20,NASDAQ,4119.28,4131.06,4150.629999999999,4081.18,17874955.0,-0.33,2.35,10.93,1.37,75.0,4690.0,3017.0,1.24,112.41,125.31,1344.56,110.47,6052.0,0.98,24.0,0.98,3390.0,1194.36,1000.3,2005
2005-11-21,NASDAQ,1472.87,1499.87,1544.3,1459.73,776477166.0,-4.7,9.31,13.17,2.09,113.0,15055.0,3712.0,1.17,134.72,58.62,1894.15,432.87,2894.0,0.12,11.0,3.12,11758.0,1175.54,989.93,2005
2005-11-22,S&P 500,2660.71,960.52,1012.13,958.26,775075533.0,-4.7,8.22,7.03,3.99,107.0,29472.0,1822.0,1.2,113.71,132.04,1898.9,210.97,186.0,4.98,22.0,74.65,6596.0,2089.61,1773.82,2005
2005-11-23,NASDAQ,3848.55,3894.79,3908.8,3848.46,487813508.0,1.02,6.38,13.38,3.99,52.0,9900.0,948.0,1.5,144.79,128.01,1121.8,426.98,3667.0,4.61,42.0,55.52,8532.0,805.34,701.71,2005
2005-11-24,S&P 500,2426.38,2465.4,2468.06,2408.85,432527648.0,7.24,1.37,13.38,6.74,79.0,15896.0,2654.0,0.82,136.03,69.62,1950.91,164.87,6068.0,1.92,24.0,50.34,8532.0,1031.47,866.74,2005
2005-11-25,Unknown,2017.93,1994.96,2057.71,1982.89,778846454.0,5.63,1.45,4.56,3.65,68.0,11514.0,1562.0,1.44,98.22,73.52,1253.4,238.73,8684.0,2.87,31.0,94.97,11573.0,2166.62,1824.77,2005
2005-11-26,Dow Jones,1051.59,1083.87,1104.72,1048.47,33550620.0,7.43,1.03,4.56,6.84,59.0,12385.0,3929.0,1.39,92.63,65.62,1970.94,122.39,6757.0,0.31,16.0,45.31,8975.0,1233.83,1039.23,2005
2005-11-27,Dow Jones,3161.2,3163.03,3174.49,3152.22,936820340.0,-0.72,6.16,9.92,9.41,95.0,27523.0,3882.0,1.09,87.04,24.53,1840.3,179.85,9047.0,7.98,24.0,8.94,6775.0,574.02,488.55,2005
2005-11-28,Dow Jones,4404.6,4400.78,4416.19,4394.56,359445173.0,-2.22,1.16,6.77,6.69,68.0,21669.0,610.0,1.42,143.24,109.4,1336.895,341.12,9047.0,3.01,24.0,62.69,12351.0,335.94,255.45,2005
2005-11-29,Dow Jones,4830.53,3835.93,4875.6,4766.23,780137388.0,9.58,8.43,10.75,2.01,107.0,21669.0,2256.0,1.25,84.85,55.46,833.49,404.6,8043.0,2.19,25.0,10.06,14393.0,625.01,508.9,2005
2005-11-30,NASDAQ,3262.98,3271.08,3312.78,3255.97,823566558.0,5.76,9.93,5.08,6.01,55.0,13780.0,3019.0,1.42,81.28,134.92,1013.12,464.49,9736.0,8.05,11.0,62.17,3267.0,1615.61,1367.59,2005
2005-12-02,NASDAQ,1340.23,1331.32,1371.04,1301.66,126370503.0,-4.8,4.54,6.52,8.77,63.0,16304.0,3050.0,0.95,122.22,113.94,1447.23,156.23,9736.0,2.85,24.0,71.25,8648.0,886.96,776.06,2005
2005-12-03,Dow Jones,3195.49,3208.41,3232.13,3168.32,857269900.0,-4.8,7.12,7.93,3.83,107.0,5256.0,3050.0,1.2,95.63,86.49666666666667,2222.42,475.51,5880.0,2.63,3.0,35.16,2174.0,886.96,776.06,2005
2005-12-04,NASDAQ,2519.92,3288.8233333333333,2559.43,2514.97,345745807.0,6.14,9.37,9.25,4.52,57.0,6525.0,1337.0,0.93,119.94,59.053333333333335,906.55,406.39,5740.0,2.63,27.0,14.47,8585.0,450.3,395.16,2005
2005-12-05,S&P 500,3428.54,3449.65,3495.42,2511.26,540941420.0,-3.83,8.94,10.92,6.19,51.0,7955.0,1580.0,0.9,142.69,126.14,2107.93,315.9,6283.0,0.11,37.0,23.7,1085.0,2304.02,1955.33,2005
2005-12-06,NASDAQ,2554.91,2723.41,2561.19,2507.55,209687121.0,-3.83,0.58,5.1,5.48,67.0,10997.0,2565.0,1.26,123.83,106.05333333333333,942.4,290.69,8033.0,9.35,32.0,68.4,10693.0,112.33,67.39,2005
2005-12-07,Unknown,1967.3849999999998,1997.17,2018.09,1941.42,968915362.0,-3.83,1.69,12.87,7.33,106.0,10997.0,2110.0,1.46,111.9,85.96666666666667,1668.1399999999999,290.69,590.0,8.64,24.0,47.87,4271.0,1494.06,1273.6,2005
2005-12-08,Dow Jones,1379.86,1375.69,1397.09,1366.26,683749868.0,-4.74,7.55,11.38,0.88,106.0,29476.0,4857.0,1.21,90.11,65.88,2393.88,251.72,4089.0,4.14,9.0,54.13,8046.0,1276.11,1093.6,2005
2005-12-09,NASDAQ,2259.67,2235.91,2284.58,2207.83,5397458.0,-1.46,6.89,5.04,0.88,106.0,28430.0,2835.0,1.36,91.83,70.74,932.05,249.04,3568.0,4.45,30.0,32.37,12039.0,1407.94,1200.7,2005
2005-12-10,S&P 500,1983.63,1360.76,1409.46,1326.12,204366604.0,-0.73,6.89,14.67,1.66,105.0,10539.0,4299.0,0.92,113.9,127.59,1396.13,359.34,1148.0,5.24,24.0,83.69,5123.0,1891.02,1608.4,2005
2005-12-11,S&P 500,1707.59,1705.89,1733.53,1443.84,549295154.0,-3.32,5.02,10.64,3.49,92.0,25601.0,2859.0,1.26,112.42,111.92,1681.19,339.56,298.0,4.78,24.0,99.95,9546.0,1891.02,854.49,2005
2005-12-12,Dow Jones,4949.34,4988.02,4995.02,4927.63,842722179.0,4.47,7.81,7.88,6.79,57.0,21386.0,677.0,1.31,116.57,35.86,2329.08,123.88,8662.0,7.79,9.0,31.29,4168.0,523.17,446.24,2005
2005-12-13,Unknown,6384.0325,2764.24,2802.07,2744.87,512849042.0,-1.36,2.19,4.05,2.0,54.0,10074.0,3596.0,0.83,110.22999999999999,102.51,1365.43,123.88,8690.0,4.88,24.0,71.89,14113.0,497.46,411.04,2005
2005-12-14,NASDAQ,7818.725,2958.35,3164.58,2915.14,487813508.0,-0.84,8.71,8.93,3.43,62.0,21865.0,918.0,0.87,103.89,21.27,2171.97,475.02,559.0,1.89,40.0,17.19,5599.0,616.96,507.18,2005
2005-12-15,S&P 500,4494.47,4454.15,4503.69,4443.18,589207384.0,8.47,0.53,4.14,3.43,56.0,15213.0,4274.0,1.35,128.71,112.35,2020.89,412.08,2704.0,1.17,44.0,74.27,2189.0,1731.5,1491.4,2005
2005-12-16,Dow Jones,4982.28,3917.09,4985.52,4943.18,156114661.0,2.01,0.53,7.58,6.68,70.0,23496.0,1989.0,1.215,134.185,119.4,1322.01,171.35,7032.0,9.18,16.0,43.14,514.0,1861.32,1566.69,2005
2005-12-17,NASDAQ,3330.86,3380.03,3418.16,3292.99,429805362.0,0.88,6.16,7.31,1.36,86.0,21852.0,658.0,1.08,139.66,125.94,1379.38,171.35,7563.0,0.48,19.0,60.57,10572.0,809.3,688.18,2005
2005-12-18,Dow Jones,4249.9,4276.94,4298.31,2778.465,727912888.0,5.86,3.15,11.36,5.98,94.0,6566.0,3033.0,1.44,93.61,101.33,1124.72,390.44,5561.0,8.98,32.0,23.83,11911.0,1046.5,881.38,2005
2005-12-19,NASDAQ,3236.4399999999996,2278.81,2339.09,2263.94,467241699.0,8.64,7.21,4.5,1.9,101.0,22284.0,1719.0,1.49,94.18,43.48,1978.04,276.35,4768.0,6.9,8.0,85.18,12462.0,806.83,669.75,2005
2005-12-20,Unknown,2222.98,2223.12,2259.5,2199.45,999459715.0,-4.62,7.82,12.68,2.9,97.0,22284.0,169.0,1.34,94.75,123.19,1757.27,411.52,1393.0,4.05,49.0,17.42,7918.0,284.31,669.75,2005
2005-12-21,Dow Jones,2610.81,2584.17,2644.78,2579.51,238173286.0,1.72,9.34,6.24,4.86,111.0,22284.0,1289.0,1.35,123.29,112.78999999999999,1063.42,130.19,1298.0,1.87,30.0,92.87,735.0,1923.0,1625.24,2005
2005-12-22,Dow Jones,3690.03,3680.99,3713.56,3678.69,237903230.0,4.16,3.68,7.77,1.54,100.0,11414.0,3002.0,0.95,113.43,102.39,1854.12,386.57,8761.0,3.1,4.0,6.22,9185.0,1579.65,1331.25,2005
2005-12-23,NASDAQ,3728.77,3756.78,3776.17,3723.19,237171903.0,-0.22,6.86,12.04,9.94,53.0,7338.0,4440.0,0.93,106.2,55.77,1647.7,269.64,5107.0,5.3,45.0,28.87,3475.0,1363.34,1154.87,2005
2005-12-25,NASDAQ,1532.84,1505.65,1564.84,1480.44,758500537.0,9.57,5.25,6.0,7.92,83.0,2487.0,783.0,1.29,109.49,50.09,2421.3,318.06,7029.0,6.91,46.0,85.86,2551.0,917.21,768.39,2005
2005-12-26,NASDAQ,1523.07,3571.81,3596.55,3487.13,921488694.0,9.15,8.9,7.02,8.38,94.0,4567.0,4010.0,1.28,139.86,35.705,2219.08,379.61,7029.0,4.47,3.0,57.74,9846.0,1347.79,1143.38,2005
2005-12-27,NASDAQ,1513.3,1522.56,1565.02,1501.52,365621497.0,-1.01,0.03,5.98,9.95,65.0,21952.0,3872.0,1.0,88.7,21.32,920.74,311.3,6373.0,3.74,24.0,21.69,736.0,899.23,778.32,2005
2005-12-28,NASDAQ,3313.97,3301.96,3357.71,3255.2,330664719.0,-1.6,2.82,9.73,4.57,58.0,4604.0,170.0,1.42,135.52,58.61,2383.16,149.15,9465.0,7.68,3.0,85.92,10817.0,238.06,196.94,2005
2005-12-29,S&P 500,3773.69,3773.88,3782.41,3504.85,92140410.0,9.36,5.38,6.32,8.8,65.0,12815.0,1362.0,0.83,125.87,139.98,2358.35,426.36,8457.0,7.68,17.0,59.66,6633.0,738.1,638.68,2005
2005-12-30,NASDAQ,3802.45,3812.96,3819.77,3754.5,170834799.0,1.88,1.78,11.43,9.6,80.0,15658.0,2255.0,0.99,104.38,100.77,871.71,226.83,7516.0,7.68,17.0,23.31,5019.0,1993.11,1672.47,2005
2005-12-31,Dow Jones,4013.89,4019.88,4163.135,3972.01,77227460.0,-1.88,9.08,9.54,2.14,62.0,9377.0,4917.0,0.93,144.34,70.19,1142.51,468.58,1791.0,5.52,39.0,56.23,5019.0,500.68,407.62,2005
2006-01-01,S&P 500,4491.44,4490.08,4506.5,4471.89,102783790.0,5.6,6.48,3.89,5.05,54.0,24690.0,4497.0,1.3,92.39,21.41,1994.09,468.58,5492.0,0.79,24.0,50.34,1589.0,500.23,413.88,2006
2006-01-02,Dow Jones,2999.84,3000.33,3001.26,2996.21,269871382.0,-0.73,4.78,6.03,1.07,96.0,23538.0,1471.0,1.3,101.72,148.66,2388.78,180.14,2515.0,0.73,47.0,68.08,12999.0,1425.19,1188.77,2006
2006-01-03,S&P 500,3921.0,3888.64,3260.285,3860.2,340923747.0,-0.99,8.15,4.88,6.4,88.0,27625.0,2015.0,1.17,106.24,148.78,2199.3,290.55,6942.0,0.73,13.0,72.43,12250.0,1814.7,1524.0,2006
2006-01-04,NASDAQ,2833.7799999999997,3507.96,3519.31,3448.76,257044255.0,8.19,4.51,7.07,6.02,67.0,13369.0,2015.0,0.8,125.35,148.9,1279.23,154.95,8918.0,7.33,25.0,89.58,2911.0,816.39,1524.0,2006
2006-01-05,S&P 500,1746.56,1750.74,1797.2,1704.06,506416791.0,-2.56,5.59,8.71,6.02,69.0,12558.0,4451.0,1.41,146.25,113.62,856.85,371.1,2405.0,4.97,22.0,82.5,3573.0,638.37,554.84,2006
2006-01-07,Dow Jones,2138.17,2164.79,2202.92,2112.76,756303852.0,-0.96,3.66,11.81,0.85,89.0,4234.0,3998.0,0.94,139.94,131.67,956.33,359.35,6450.0,8.43,16.0,3.31,2445.0,2140.95,1800.76,2006
2006-01-08,Dow Jones,2772.13,2815.37,2825.44,2754.87,134801179.0,4.1,1.39,4.46,8.16,79.0,23688.0,4555.0,1.21,143.35,130.315,1217.0,204.19,6450.0,0.4,24.0,74.98,2719.0,1402.47,1800.76,2006
2006-01-09,Unknown,3468.42,3513.15,3524.86,3459.12,107187026.0,-3.15,6.9,14.3,0.75,59.0,18125.0,3655.0,1.48,112.65,128.95999999999998,1888.16,130.53,6450.0,9.24,24.0,50.34,13667.0,1091.5,925.05,2006
2006-01-10,S&P 500,4399.84,4386.74,4425.900000000001,4386.5,92629190.0,2.07,4.79,6.46,6.74,113.0,4000.0,1313.0,1.03,113.07,126.25,1641.53,127.7,1744.0,3.31,47.0,30.63,4251.0,1365.16,1159.26,2006
2006-01-11,S&P 500,1784.98,1748.53,1793.58,1723.07,60516907.0,4.41,3.02,5.9,1.25,91.0,26737.0,2240.0,0.93,97.5,124.89500000000001,1440.42,344.37,2394.0,0.47,34.0,60.73,358.0,1721.14,1450.43,2006
2006-01-12,S&P 500,3755.5,1504.04,1656.445,1474.42,117743097.0,7.73,3.02,10.91,2.89,91.0,27126.0,960.0,1.48,122.11,123.54,2380.94,481.33,5362.0,8.35,42.0,76.89,12882.0,1830.2,1544.57,2006
2006-01-13,NASDAQ,4853.92,4815.18,4869.99,4773.93,46385448.0,-1.55,2.1,10.91,7.36,102.0,12830.0,1089.0,0.84,88.4,118.87,1128.04,481.33,5362.0,9.34,29.0,63.94,7733.0,242.8,209.19,2006
2006-01-14,NASDAQ,1432.18,4315.963333333333,1483.56,1406.95,904157712.0,-1.55,9.25,6.92,3.16,89.0,6230.0,4679.0,1.08,124.4,103.37,1628.71,392.25,5296.0,7.69,14.0,92.26,7219.0,876.49,209.19,2006
2006-01-15,NASDAQ,2913.96,3816.746666666667,2924.22,2836.5,746247809.0,-1.55,0.54,11.71,5.36,65.0,22414.0,3023.0,1.32,142.5,107.83,1774.94,231.72,2185.0,8.05,49.0,47.39,7219.0,986.04,846.39,2006
2006-01-16,NASDAQ,3342.25,3317.53,3381.68,3286.13,377909391.0,5.15,8.65,13.49,9.19,97.0,3761.0,1532.0,1.23,133.25,131.62,1849.63,334.42,6903.0,8.71,6.0,53.23,8703.0,1257.42,1043.5,2006
2006-01-17,NASDAQ,3165.5,3156.16,3173.86,3114.14,746993638.0,1.46,5.11,11.97,0.97,110.0,12829.0,440.0,1.28,125.44,122.38666666666667,1999.01,226.64,9222.0,5.22,5.0,3.92,8205.0,634.99,538.95,2006
2006-01-18,Dow Jones,1344.13,2206.87,1345.55,1325.03,669838142.0,-3.28,6.19,2.44,8.21,87.0,24148.0,2477.0,1.3,138.69,113.15333333333334,2274.37,460.67,4316.0,6.8,24.0,90.03,9452.0,1190.49,538.95,2006
2006-01-19,S&P 500,1228.11,1257.58,1289.05,1185.34,47610556.0,5.71,3.03,12.76,1.12,93.0,20727.0,1298.0,1.28,131.09,103.92,1720.51,460.67,436.0,2.86,12.0,26.3,8631.0,892.38,751.12,2006
2006-01-20,S&P 500,1421.93,1417.56,2323.9799999999996,1383.8,82036433.0,-1.73,9.67,12.07,1.7,64.0,5325.0,1567.0,1.04,117.08,62.885000000000005,2128.27,352.81,1359.0,2.5,39.0,97.84,10613.0,1825.32,1519.62,2006
2006-01-21,S&P 500,3342.35,3309.43,3358.91,3300.92,920622246.0,-2.35,2.82,10.7,1.63,110.0,2481.0,4396.0,1.02,116.47,21.85,903.63,392.34,9350.0,6.09,17.0,20.29,11708.0,428.55,382.55,2006
2006-01-23,S&P 500,1934.96,1935.87,1964.39,1888.63,223403006.0,4.8,9.93,14.73,2.21,79.0,20807.0,4293.0,1.37,116.52,40.07,1585.44,202.93,9350.0,3.97,24.0,48.51,3152.0,428.55,583.92,2006
2006-01-24,S&P 500,3551.1,3515.85,3596.42,3514.24,197854146.0,-1.49,8.81,7.6,9.02,85.0,27780.0,1391.0,1.46,116.57,33.27,1644.575,294.41,2516.0,4.0,23.0,66.08,14589.0,205.14,163.71,2006
2006-01-25,S&P 500,4280.27,4291.44,2400.2200000000003,4257.14,985205694.0,-2.25,5.36,2.87,9.91,60.0,16376.0,451.0,1.12,112.89,47.95,1703.71,365.34,6031.0,9.54,49.0,44.12,10874.0,312.71,271.15,2006
2006-01-26,S&P 500,1166.32,1172.89,1204.02,1150.65,487813508.0,-4.85,9.9,7.99,4.15,119.0,2482.0,1401.0,1.29,134.32,93.26,1534.91,472.38,8345.0,5.18,24.0,35.25,5101.0,2142.06,1807.89,2006
2006-01-27,Dow Jones,2992.52,3013.99,3029.74,2959.27,316442557.0,2.07,7.01,2.6,6.49,78.0,27004.0,3739.0,1.46,91.27,39.69,1820.18,299.86,9444.0,9.86,49.0,54.05,14936.0,1543.15,1297.43,2006
2006-01-29,Dow Jones,2009.25,2050.48,2055.04,1991.23,146674141.0,-1.49,4.06,9.63,4.23,100.0,11249.0,555.0,0.91,131.92,130.45,1911.26,254.61,7264.0,6.4,17.0,96.2,14192.0,1763.52,1486.48,2006
2006-01-30,NASDAQ,2231.08,2275.69,2309.64,2209.73,312934218.0,-4.2,3.34,6.03,2.04,87.0,29208.0,3350.0,1.41,143.06,135.45,959.84,316.53,1906.0,0.09,2.0,32.87,4376.0,2221.54,1882.19,2006
2006-01-31,S&P 500,3454.55,3429.02,3490.8,3379.92,315604654.0,1.44,3.44,10.91,5.195,71.0,2519.0,1257.0,1.19,106.14,63.3,1780.55,490.54,686.0,2.96,45.0,68.05,5977.0,1344.41,1145.69,2006
2006-02-01,NASDAQ,4591.74,4554.9,4639.99,4515.7,151277944.0,6.82,7.6,12.69,7.83,103.0,25898.0,357.0,1.05,92.36,136.86,2014.46,490.54,4552.0,4.18,24.0,72.22,8072.0,1010.81,849.6,2006
2006-02-02,NASDAQ,4239.7,4219.93,4252.72,4175.07,553789592.0,5.73,5.84,7.47,7.92,89.0,5174.0,2209.0,1.45,133.1,96.14,1499.56,161.89,586.0,6.53,36.0,50.34,5915.0,215.69,178.25,2006
2006-02-03,NASDAQ,3332.52,3372.03,3372.9500000000003,3310.58,609083842.0,7.91,0.38,13.7,2.69,56.0,8571.0,581.0,1.46,121.19,49.43,2348.53,437.26,7654.0,6.53,7.0,11.39,2799.0,1815.27,1515.62,2006
2006-02-04,Dow Jones,3920.89,3968.1,3995.38,3909.19,293529309.0,-4.86,0.38,3.04,2.16,89.0,7480.0,4830.0,1.03,129.87,79.57666666666667,1058.45,172.58,1808.0,8.28,17.0,53.99,5726.0,1810.4,1537.9,2006
2006-02-05,NASDAQ,2459.29,2495.22,2530.56,2438.7,271287575.0,9.5,2.97,12.92,9.25,73.0,11256.0,3213.0,1.41,149.77,139.87,1090.63,115.5,4106.0,6.63,28.0,76.35,12871.0,2276.43,1915.33,2006
2006-02-06,NASDAQ,3563.86,3524.86,3603.38,3489.06,700472767.0,9.5,9.97,12.77,0.92,73.0,19716.0,1496.0,1.27,93.62,105.7,1678.75,140.08,4727.0,6.63,36.0,20.16,4198.0,2276.43,1272.51,2006
2006-02-07,NASDAQ,2864.73,2909.47,2919.16,2859.26,439415148.0,9.86,9.54,6.19,7.48,100.0,19716.0,2726.0,0.99,108.77,87.07333333333334,1571.47,414.45,7000.0,7.84,26.0,34.89,3825.0,825.05,706.8,2006
2006-02-08,S&P 500,1759.74,1752.08,1772.83,1738.56,869507171.0,-1.21,9.41,5.88,0.94,88.0,15714.0,747.0,1.46,93.49,68.44666666666666,1464.19,460.76,3130.0,3.03,43.0,20.46,8966.0,1371.06,1180.96,2006
2006-02-09,S&P 500,3806.95,3757.88,3832.58,3755.55,456544406.0,2.07,8.11,5.97,8.46,92.0,26157.0,1711.0,0.84,140.24,49.82,2374.88,207.28,4402.0,0.63,28.0,50.34,3525.0,1127.99,966.36,2006
2006-02-10,Unknown,3225.86,3220.1,3242.39,3198.48,185468597.0,0.31,2.21,12.55,8.46,118.0,23986.0,3925.0,1.02,81.19,56.605000000000004,1978.91,299.24,4402.0,1.73,3.0,85.87,11083.0,574.15,495.6,2006
2006-02-11,Dow Jones,2154.8,2389.1,2477.52,2347.73,383839111.0,0.34,5.33,12.81,3.33,108.0,22875.0,4688.0,1.08,89.47,63.39,2130.34,338.89,4402.0,0.03,24.0,17.0,13248.0,1175.3,1002.44,2006
2006-02-13,Dow Jones,1083.74,1067.6,1123.72,1033.83,42171637.0,6.2,2.6,9.7,5.07,74.0,21092.0,2368.0,0.83,133.99,85.67,1772.96,126.13,2131.0,6.27,13.0,36.46,6826.0,317.23,262.68,2006
2006-02-14,S&P 500,2263.09,2260.43,2292.12,2213.81,94748291.0,9.88,6.11,3.81,3.34,73.0,4175.0,3984.0,1.42,123.99,81.29,1890.81,122.66,2971.0,5.71,13.0,68.65,13273.0,1530.6,1277.07,2006
2006-02-15,NASDAQ,1227.53,1238.85,1277.5,1215.68,74416113.0,4.2,6.11,8.09,4.46,111.0,27959.0,2854.0,1.26,107.2,64.7,1784.28,276.14,9174.0,6.62,9.0,50.34,8181.0,480.97,409.66,2006
2006-02-16,NASDAQ,4066.11,4102.99,4119.62,4031.43,791602086.0,1.95,9.69,14.98,6.82,92.0,2279.0,3686.0,0.99,91.11,33.89,2134.26,419.15,5999.0,6.54,24.0,50.34,8756.0,1213.04,1028.07,2006
2006-02-17,Dow Jones,3808.43,3210.8999999999996,3866.19,3759.67,677641770.0,-3.65,9.19,4.06,2.49,108.0,2279.0,3484.0,1.26,102.51,74.38,1264.79,133.85,3736.0,5.65,8.0,88.14,10513.0,2126.85,1800.88,2006
2006-02-18,S&P 500,2325.41,2318.81,2339.14,3725.285,825528542.0,9.95,3.81,14.32,3.89,103.0,21580.0,4689.0,1.18,132.04,148.15,2139.68,182.27,5829.0,8.42,23.0,63.73,10013.0,257.75,200.93,2006
2006-02-19,S&P 500,3702.65,3734.59,3761.89,3690.9,980585820.0,3.27,5.15,12.72,7.93,103.0,5037.0,858.0,1.04,106.74,112.66,2013.03,207.91,5021.0,4.41,24.0,23.65,12885.0,257.75,1004.03,2006
2006-02-20,Dow Jones,2583.75,2624.31,2635.01,2578.73,676760291.0,5.51,4.66,12.72,6.62,103.0,28837.0,732.0,0.82,112.38,77.17,1823.51,323.65,3963.0,8.05,16.0,11.16,7068.0,2056.09,1708.94,2006
2006-02-21,S&P 500,4025.02,3987.0,4048.8,3979.59,650462732.0,1.1,4.66,4.33,3.6,110.0,25303.0,3684.0,1.19,122.6,30.85,865.95,323.65,8352.0,7.87,23.0,93.35,1539.0,1272.84,1067.35,2006
2006-02-23,Dow Jones,2649.12,2627.57,2662.46,2591.28,196693128.0,9.14,2.78,2.22,7.77,58.0,12342.0,3119.0,1.37,97.51,94.7,1025.12,288.29,2117.0,4.54,33.0,73.43,3136.0,562.11,477.28,2006
2006-02-24,Dow Jones,4738.92,4693.63,4787.27,4659.92,59430292.0,-2.5,4.47,2.22,6.13,91.0,21650.0,109.0,0.86,111.36,84.72,2435.35,288.29,3911.0,8.35,41.0,49.64,14675.0,1275.94,1095.21,2006
2006-02-25,S&P 500,2003.52,2020.37,2028.37,1986.72,764444210.0,-0.61,4.29,10.37,2.78,78.0,20312.0,4153.0,1.1,101.72,22.5,938.54,230.61,169.0,8.31,24.0,14.09,10147.0,1652.78,1383.95,2006
2006-02-26,Dow Jones,1481.79,1518.07,1557.44,1473.3,576519938.0,-2.72,9.59,4.31,2.78,107.0,26367.0,2274.0,1.1,112.63,31.21,2024.47,184.8,4880.0,0.24,26.0,77.69,14637.0,1170.84,996.7,2006
2006-02-27,S&P 500,3338.17,3304.46,3387.38,3163.205,200378520.0,6.88,1.75,12.28,8.13,112.0,13482.0,1084.0,1.19,128.75,34.760000000000005,1412.72,245.47,6636.0,2.23,24.0,90.46,14637.0,603.39,996.7,2006
2006-02-28,S&P 500,4877.29,4908.53,4909.53,4853.11,381186456.0,-4.07,0.9,5.89,8.32,98.0,22488.0,768.0,0.83,113.74,38.31,2050.67,465.36,7724.0,4.24,24.0,12.24,8613.0,908.3,742.98,2006
2006-03-01,S&P 500,6278.4,2546.7,2581.65,3664.015,515225739.0,-3.78,8.81,3.75,7.13,60.0,11608.0,2378.0,0.94,138.42,144.52,1682.22,137.69,5371.0,0.47,24.0,6.8,3080.0,182.93,144.25,2006
2006-03-02,S&P 500,1248.15,1289.58,1302.23,1226.08,680266012.0,-0.52,8.97,7.49,1.23,103.0,9719.0,541.0,0.94,118.73,124.935,1870.16,124.29,9887.0,2.61,4.0,85.0,6897.0,1027.4,876.19,2006
2006-03-04,Unknown,3023.73,3064.13,3084.27,3009.06,487813508.0,1.09,5.11,5.42,8.3,115.0,25196.0,4120.0,0.98,134.76,105.35,2443.01,410.79,2613.0,2.15,6.0,67.49,13515.0,2296.24,1935.62,2006
2006-03-04,Dow Jones,3023.73,3064.13,3084.27,3009.06,153507391.0,1.09,5.11,5.42,8.3,115.0,25196.0,4120.0,0.98,134.76,97.3425,2443.01,410.79,2613.0,2.15,6.0,67.49,13515.0,124.15,85.01,2006
2006-03-05,NASDAQ,1647.69,1629.76,1694.45,1619.19,180337075.0,-4.33,6.6,6.83,4.2,114.0,25817.0,373.0,0.9,110.19,89.335,2421.49,119.37,9313.0,3.97,35.0,44.2,2467.0,79.38,64.08,2006
2006-03-06,NASDAQ,3632.41,3637.64,3638.23,3619.12,487813508.0,9.36,5.63,13.07,2.38,107.0,4381.0,4813.0,0.81,116.09,81.32749999999999,2399.97,233.27,4627.0,8.13,32.0,41.3,11276.0,1514.11,1277.03,2006
2006-03-07,Dow Jones,4991.0,4946.05,5020.39,4941.31,552215344.0,9.29,0.69,12.3,6.08,106.0,10201.0,1126.0,1.39,149.63,73.32,1766.03,269.94,5130.0,8.13,33.0,30.04,3802.0,300.96,239.16,2006
2006-03-08,Dow Jones,3704.955,2761.35,2832.03,2744.01,487813508.0,-0.81,5.96,7.76,8.35,86.0,9934.0,2473.0,1.48,135.05,56.53999999999999,1239.06,302.84,4469.0,5.82,31.0,56.34,4984.0,1392.86,1177.76,2006
2006-03-09,NASDAQ,2418.91,2440.95,2484.62,2417.08,143062233.0,5.97,0.14,11.42,0.96,103.0,21673.0,4448.0,1.29,139.86,39.76,1884.14,101.28,3276.0,5.58,2.0,16.06,12072.0,1734.08,1455.0,2006
2006-03-10,NASDAQ,1939.745,2597.27,2607.02,2587.95,114883700.0,3.68,3.25,9.39,0.96,118.0,24329.0,1657.0,1.09,121.5,35.6,1943.93,294.71,5567.0,8.18,0.0,71.75,11116.0,2273.1,1930.3,2006
2006-03-11,NASDAQ,1460.58,1436.21,1494.66,1398.87,241743565.0,-1.44,9.32,6.43,6.61,73.0,21236.0,3226.0,0.89,104.38,88.72,2041.56,177.97,5567.0,3.94,20.0,54.99,4844.0,2127.38,1930.3,2006
2006-03-12,NASDAQ,4533.09,4502.13,4567.1,4485.86,170335615.0,-1.07,3.04,11.44,6.22,112.0,21236.0,3033.0,1.13,149.39,29.27,827.94,139.15,5576.0,3.94,12.0,84.77,4597.0,554.03,450.6,2006
2006-03-13,NASDAQ,2659.3,2676.3,2709.75,2625.89,900285967.0,2.37,9.4,10.89,6.68,100.0,27166.0,547.0,1.1099999999999999,97.08,84.885,2470.73,313.32,332.0,8.92,7.0,92.11,1243.0,1026.06,851.14,2006
2006-03-14,S&P 500,2549.1,2499.14,2596.22,2463.3,476461623.0,1.29,2.5,10.05,6.5,64.0,11609.0,3468.0,1.09,141.1,140.5,1850.45,397.66,1287.0,8.33,43.0,90.07,6312.0,2045.02,1721.7,2006
2006-03-15,Dow Jones,3638.76,3669.35,3710.5,2570.71,184779209.0,-0.63,3.15,10.03,1.74,96.0,23943.0,3793.0,1.06,143.79,122.31,1441.81,473.9,5523.0,6.22,29.0,60.16,6305.0,2005.11,1704.13,2006
2006-03-16,S&P 500,2768.13,2726.05,2770.23,2678.12,487813508.0,7.11,6.28,10.88,2.73,95.0,6149.0,3906.0,1.15,137.23,104.12,1276.4833333333333,465.06,5080.0,0.93,7.0,31.94,9971.0,2257.7,1920.36,2006
2006-03-17,NASDAQ,3592.93,3562.08,3616.48,3561.01,827675422.0,2.22,7.62,7.0,6.38,79.0,12473.0,4664.0,0.85,87.99,85.93,1111.1566666666668,259.6,7099.0,0.16,26.0,35.78,2268.0,1958.77,1672.76,2006
2006-03-19,NASDAQ,4254.89,4253.38,4270.4,4205.44,673326937.0,-2.16,8.82,4.11,6.53,106.0,27711.0,3417.0,0.8966666666666666,126.46,100.19666666666667,945.83,378.25,4905.0,1.97,22.0,71.23,10970.0,1958.77,1536.5,2006
2006-03-21,S&P 500,3595.06,3577.13,3614.27,3568.74,498535356.0,-0.23,9.22,6.45,2.77,105.0,28840.0,4676.0,0.99,135.06,128.73,1227.72,139.28,9921.0,2.62,14.0,50.34,9416.0,634.26,400.88,2006
2006-03-22,NASDAQ,4818.26,4864.65,4886.27,4801.92,598140011.0,2.9,1.96,3.63,6.18,105.0,7817.0,2677.0,0.92,114.34,68.95,2057.51,252.8,1750.0,3.38,6.0,10.84,13643.0,460.71,404.76,2006
2006-03-23,S&P 500,1605.73,1619.89,1668.85,1597.11,812247677.0,6.71,8.84,9.8,5.57,74.0,25669.0,4685.0,0.98,98.7,114.77,1266.14,496.94,8205.0,7.54,11.0,60.75,11535.0,1042.11,906.92,2006
2006-03-24,Unknown,2909.66,2862.0,2914.09,2480.875,670498056.0,6.53,4.01,9.8,2.98,58.0,17917.0,4698.0,0.93,120.25,131.09,1048.18,322.01,8237.0,7.1,49.0,53.15,5937.0,1047.55,895.41,2006
2006-03-25,NASDAQ,3407.23,3400.25,3453.34,3364.64,952425544.0,2.76,8.33,12.6,4.9,71.0,11531.0,3156.0,0.91,87.61,100.64,983.83,236.56,6025.0,1.04,35.0,59.14,11582.0,754.44,644.04,2006
2006-03-26,S&P 500,3326.95,3364.45,3388.46,3311.1,899479174.0,5.41,6.72,7.6,9.14,86.0,17095.0,216.0,1.01,127.24,76.225,2262.42,397.53,791.0,9.77,37.0,53.42,2772.0,2025.05,1728.83,2006
2006-03-27,Dow Jones,2605.85,2448.795,2637.04,2559.02,923823257.0,9.12,1.76,10.69,4.55,77.0,14463.0,1913.0,1.08,113.81,51.81,1003.55,374.53,107.0,7.52,42.0,5.89,10671.0,247.15,187.33,2006
2006-03-29,Dow Jones,1507.3,1533.14,2618.065,1486.23,944861899.0,-2.77,2.46,4.72,0.84,79.0,26481.0,4623.0,1.47,93.01,95.28,815.9,354.97,4997.0,1.24,9.0,98.13,13659.0,464.2,394.33,2006
2006-03-30,Dow Jones,2566.97,2577.57,2599.09,2524.27,205905787.0,5.2,2.44,7.04,1.24,88.0,6008.0,593.0,1.44,82.89,102.05,1422.95,333.98,9453.0,0.88,18.0,52.48,1285.0,900.56,750.62,2006
2006-03-31,NASDAQ,1650.64,1657.67,1678.15,1612.06,487813508.0,-3.43,8.14,9.89,1.27,106.0,5517.0,3958.0,1.13,122.79,148.31,2402.57,482.51,1803.0,7.32,24.0,20.91,5991.0,2263.31,1890.61,2006
2006-04-01,NASDAQ,3937.46,3892.82,3956.2,3889.59,634966455.0,8.08,1.06,10.54,7.89,54.0,28887.0,2783.0,1.12,126.12,129.97,2344.7,482.51,5327.0,2.36,24.0,18.38,6222.0,2244.93,1897.69,2006
2006-04-03,Dow Jones,1234.26,1246.51,1287.96,1222.49,425609493.0,0.78,5.04,10.54,2.66,84.0,25009.0,3830.0,1.48,133.6,41.99,821.24,288.66,3532.0,4.22,19.0,61.22,3478.0,1563.76,1330.43,2006
2006-04-04,Dow Jones,3209.46,3180.24,3214.91,3152.36,60365903.0,2.76,8.3,10.98,7.6,90.0,23363.0,4790.0,1.33,119.46,45.083333333333336,2076.71,340.09,758.0,7.09,1.0,47.88,3478.0,1952.42,1633.52,2006
2006-04-05,S&P 500,3380.92,3381.33,3386.74,3333.08,344245340.0,2.76,1.47,14.11,2.11,112.0,11768.0,1640.0,1.39,139.37,51.27,1321.01,456.33,4761.0,3.05,29.0,41.69,845.0,2100.86,459.91,2006
2006-04-06,S&P 500,4487.65,4492.139999999999,4513.53,4443.7,195575775.0,8.55,5.48,3.53,2.84,112.0,25997.0,725.0,0.96,100.17,40.67,2218.95,235.9,3537.0,4.83,43.0,50.34,7245.0,227.62,106.66,2006
2006-04-07,Dow Jones,3307.93,3286.28,3312.86,3266.05,613703698.0,-4.69,7.11,2.8,4.59,114.0,14918.0,4479.0,0.915,97.02,106.66,1166.23,298.36,2848.0,1.93,42.0,87.3,8707.0,1812.96,1502.24,2006
2006-04-08,Dow Jones,2381.92,2426.76,2457.71,2367.34,744254390.0,2.12,8.61,6.04,3.65,114.0,27115.0,4958.0,0.87,98.28,89.74,1636.75,279.44,8693.0,4.29,46.0,7.16,11237.0,2003.1,1721.88,2006
2006-04-09,Dow Jones,4212.05,4246.3,2833.5950000000003,4200.33,803447650.0,8.97,9.36,3.78,6.06,92.0,10891.0,937.0,1.46,120.66,124.67,1978.885,259.19,7614.0,3.59,42.0,50.34,11237.0,2003.1,1893.9,2006
2006-04-10,Dow Jones,3161.12,3183.36,3209.48,3134.49,108751466.0,0.92,7.85,8.84,3.71,109.0,4562.0,2115.0,1.0,143.04,93.095,2321.02,428.41,6627.0,4.34,10.0,70.13,4345.0,282.78,242.09,2006
2006-04-10,Unknown,3161.12,3183.36,3209.48,3134.49,108751466.0,0.92,7.85,8.84,3.71,109.0,4562.0,2115.0,1.0,143.04,61.52,2321.02,428.41,6627.0,4.34,10.0,70.13,4345.0,216.59,242.09,2006
2006-04-11,S&P 500,1317.12,1274.92,1317.48,1269.21,514953631.0,1.42,6.53,8.75,4.23,69.0,14546.0,2115.0,1.22,149.94,50.540000000000006,1102.56,192.78,951.0,4.66,24.0,97.07,2166.0,1442.92,1207.03,2006
2006-04-12,Dow Jones,3263.4,3224.01,3279.23,3196.55,230543798.0,3.68,4.34,9.48,8.7,112.0,14546.0,3179.0,0.91,137.16,39.56,1024.4666666666667,299.97,2808.0,0.92,24.0,74.0,7997.0,1425.23,1187.69,2006
2006-04-13,S&P 500,4632.07,4631.35,4665.93,4631.28,719814260.0,1.94,1.12,11.69,8.9,73.0,8442.0,171.0,1.36,108.88,104.79,946.3733333333333,469.85,3968.0,0.93,18.0,54.86,12407.0,110.27,91.09,2006
2006-04-15,Dow Jones,2185.3,2233.13,2282.04,2174.3,487813508.0,-4.72,9.93,13.42,8.9,90.0,20122.0,4848.0,1.32,134.23,38.0,868.28,101.86,7609.0,1.16,3.0,99.71,6999.0,193.19,144.75,2006
2006-04-16,Dow Jones,1573.88,1539.73,1617.59,1491.17,445716243.0,4.15,7.37,3.54,5.91,65.0,1993.0,3978.0,1.28,115.7,53.03,849.45,206.09,8634.0,2.53,34.0,88.88,2069.0,2081.23,1757.75,2006
2006-04-17,S&P 500,2152.485,1604.53,1623.73,1568.17,487813508.0,8.81,0.17,6.4,6.64,55.0,29249.0,163.0,1.2,145.76,40.06,1101.395,468.92,1886.0,0.25,24.0,9.0,11377.0,2104.22,1777.54,2006
2006-04-18,S&P 500,2731.09,2500.595,2733.36,2700.02,893552825.0,-3.4,4.96,5.33,5.79,69.0,29249.0,129.0,0.99,99.57,117.2,1353.34,135.05,3003.0,3.51,37.0,57.53,887.0,1062.68,873.5,2006
2006-04-19,NASDAQ,3382.72,3396.66,3438.94,3378.08,910439458.0,-1.84,6.15,4.3,7.96,105.0,18461.0,4071.0,1.1600000000000001,102.67,78.495,1368.47,154.83,9073.0,2.13,8.0,78.67,2448.0,1641.06,1390.5,2006
2006-04-20,Unknown,1322.46,1285.36,1368.02,1259.52,541284969.0,0.55,6.9,9.08,7.96,57.0,18481.0,4752.0,1.33,149.92,39.79,2368.93,228.14,3848.0,8.92,7.0,67.22,6075.0,862.65,697.5,2006
2006-04-21,NASDAQ,4758.27,4751.3,4799.3,4740.63,984912780.0,7.13,7.2,9.08,1.56,55.0,2928.0,2425.0,1.27,148.47,38.56666666666666,2221.46,407.88,6746.0,8.58,33.0,41.76,7570.0,1026.28,1695.62,2006
2006-04-22,NASDAQ,4020.53,3998.0,4026.93,3971.18,487813508.0,-0.96,5.58,4.95,1.56,57.0,11687.0,4472.0,1.21,141.96,37.343333333333334,1967.8,400.51,6809.0,3.0,24.0,32.31,13650.0,479.01,389.52,2006
2006-04-23,S&P 500,8366.25,3385.28,3435.18,3304.73,185736837.0,8.23,2.23,11.25,7.73,111.0,11687.0,4865.0,0.89,108.32,36.12,1919.46,134.83,1438.0,4.75,24.0,62.74,11164.0,110.86,389.52,2006
2006-04-24,S&P 500,4313.75,4267.81,4326.68,4237.02,811282862.0,-4.18,9.42,11.53,8.29,63.0,17196.0,2979.0,0.91,138.63,23.86,1364.5466666666666,473.54,6883.0,9.56,39.0,50.34,12418.0,728.93,561.23,2006
2006-04-25,NASDAQ,1320.75,1362.12,1398.33,1289.06,75500164.0,9.11,6.97,2.27,2.31,52.0,11134.0,2288.0,1.17,99.84,28.36,1087.09,195.53,5406.0,5.24,24.0,39.26,3271.0,1927.93,1621.57,2006
2006-04-26,Dow Jones,2907.36,2940.66,2986.0600000000004,2880.31,612432500.0,3.41,2.37,7.14,3.08,51.0,29057.0,2881.0,1.25,97.83,67.69,1929.27,212.25,3896.0,5.24,36.0,83.69,10802.0,833.31,695.69,2006
2006-04-27,S&P 500,3520.37,3500.13,3532.15,3453.77,713675250.0,4.88,3.22,13.57,3.31,71.0,7186.0,4221.0,1.19,118.25,97.56,967.28,254.57,2970.0,8.26,31.0,50.34,10802.0,655.23,562.37,2006
2006-04-28,Dow Jones,4314.61,4343.54,4388.95,4268.01,188003873.0,0.52,9.22,13.57,5.33,119.0,20959.0,2245.0,1.31,140.22,71.77,1015.07,353.8,791.0,9.41,24.0,64.53,9194.0,901.68,748.52,2006
2006-04-30,NASDAQ,2108.28,2154.97,3440.983333333333,2092.99,961486778.0,-2.5,4.05,5.3,4.16,99.0,29280.0,1366.0,1.43,119.57,139.51,2006.67,471.45,4016.0,0.43,24.0,62.22,8698.0,1995.57,1678.54,2006
2006-05-02,NASDAQ,1497.38,1477.71,1545.05,1468.38,879824910.0,0.93,0.48,3.3,3.02,57.0,9577.0,4204.0,1.18,120.59,64.34,1974.34,442.81,8475.0,5.71,17.0,3.63,10892.0,2143.93,1804.23,2006
2006-05-03,NASDAQ,4500.53,4486.79,4503.21,4454.97,914136142.0,7.81,2.84,12.62,7.21,73.0,12880.0,3043.0,1.43,95.29,40.06,1508.26,131.28,9495.0,5.71,24.0,68.19,11239.0,2189.08,1850.8,2006
2006-05-04,S&P 500,4883.76,4840.400000000001,4919.22,4815.400000000001,670415181.0,7.81,6.29,3.13,7.21,73.0,22102.0,3080.0,1.12,84.49,117.39,1673.22,442.36,5519.0,2.98,9.0,99.75,2242.0,1572.39,1328.86,2006
2006-05-05,S&P 500,4271.525,1757.54,1784.15,3259.42,743094502.0,2.76,5.84,5.8,0.72,102.0,17075.0,2419.0,1.11,142.65,94.56,2010.95,179.09,5519.0,2.49,4.0,80.86,2242.0,1572.39,1146.72,2006
2006-05-07,S&P 500,1161.14,1176.63,1187.8,1137.16,487813508.0,-3.05,7.17,12.16,0.84,77.0,18119.0,951.0,1.41,133.75,138.1,1700.09,227.95,6033.0,3.41,24.0,46.97,10386.0,2118.53,1769.12,2006
2006-05-09,Dow Jones,3065.13,3110.02,3119.56,3036.81,257396408.0,6.8,7.17,6.01,7.2,118.0,28354.0,3299.0,0.87,82.98,29.09,1848.83,467.47,502.0,7.12,9.0,50.34,5749.0,743.95,620.51,2006
2006-05-10,Unknown,3322.58,3297.18,3350.22,3263.1,47519129.0,4.85,7.17,9.45,7.49,74.0,13414.0,2164.0,1.13,98.17,24.02,831.74,276.64,8264.0,4.3,48.0,17.81,4397.0,1242.38,1025.87,2006
2006-05-11,Dow Jones,4743.75,4746.96,4759.62,4726.8,487813508.0,1.99,1.55,7.32,8.23,93.0,11725.0,3644.0,0.95,85.14,67.385,1752.09,207.19,8079.0,1.93,37.0,88.72,5482.0,130.95,89.24,2006
2006-05-12,NASDAQ,3689.0,3687.24,3736.78,3658.67,212428816.0,9.47,0.75,5.67,5.01,96.0,24815.0,2448.0,1.02,85.48,110.75,2195.27,217.76,8527.0,8.61,40.0,35.46,10889.0,365.52,302.26,2006
2006-05-13,Dow Jones,2925.11,2945.4,2946.83,2902.74,484026026.0,8.19,6.41,5.58,8.67,96.0,13360.0,1907.0,1.13,95.01,92.82,1105.58,421.33,705.0,0.94,24.0,40.04,3856.0,1037.23,868.99,2006
2006-05-14,S&P 500,3863.62,4195.5,4248.69,4162.54,93485614.0,4.67,8.15,12.37,2.08,102.0,2903.0,3959.0,0.96,124.35,109.56,994.16,315.65,8514.0,8.29,24.0,21.68,3199.0,2284.45,1918.18,2006
2006-05-15,Dow Jones,4802.13,4771.51,4814.25,2598.795,487813508.0,0.58,8.15,14.66,2.87,102.0,6521.0,4237.0,1.16,137.24,102.37,2449.4,279.8,8514.0,8.37,49.0,48.22,1141.0,1058.07,893.12,2006
2006-05-16,Dow Jones,1088.26,1059.72,1108.96,1035.05,143539791.0,0.58,8.17,6.52,1.78,86.0,24304.0,2298.0,1.25,137.49,95.18,2233.89,470.73,4110.0,5.71,45.0,68.08,11330.0,1542.74,1293.26,2006
2006-05-17,Dow Jones,4930.09,4953.91,4965.55,4915.29,329581474.0,3.63,6.66,6.52,8.08,86.0,24304.0,2298.0,1.41,145.64,49.37,1313.4,472.0,722.0,6.29,24.0,50.34,3161.0,1853.03,1572.93,2006
2006-05-18,S&P 500,1344.53,1313.44,1369.1,4562.395,487813508.0,0.91,7.35,2.48,2.67,115.0,12983.0,3662.0,0.95,125.95,79.22,1154.57,402.45,1933.0,3.58,10.0,70.21,9324.0,694.3,568.89,2006
2006-05-19,Unknown,4257.55,4264.9,4308.52,4209.5,355860340.0,-0.4,2.72,2.48,1.98,89.0,25337.0,3298.0,1.02,81.39,21.44,1367.87,307.2,9544.0,8.42,18.0,62.1,974.0,1842.58,1554.37,2006
2006-05-20,S&P 500,2121.34,2092.86,3232.7300000000005,2083.73,845761814.0,-0.4,9.93,9.18,6.42,110.0,2869.0,4604.0,1.08,106.42,106.94,1533.08,146.64,8530.0,2.64,15.0,37.3,7795.0,1782.97,1487.01,2006
2006-05-21,NASDAQ,1528.72,1564.88,1593.88,1513.16,288457868.0,3.61,1.83,12.19,1.23,55.0,2967.0,1992.0,0.96,87.8,63.2,2195.84,383.18,5945.0,5.6,31.0,31.35,9633.0,616.51,493.23,2006
2006-05-22,NASDAQ,2759.42,2803.64,2808.09,2733.93,34699552.0,1.42,2.14,12.19,0.93,74.0,10626.0,4539.0,1.03,134.42,105.32,1206.65,426.04,5808.0,0.02,24.0,86.15,2019.0,336.81,307.36,2006
2006-05-23,Dow Jones,3575.83,3577.68,3612.38,2611.0699999999997,476103836.0,-1.05,2.89,13.8,1.51,74.0,21311.0,3269.0,0.9650000000000001,88.38,140.44,2025.44,440.82,6801.0,9.4,38.0,1.29,4235.0,1704.16,307.36,2006
2006-05-24,NASDAQ,2523.81,2509.04,2532.13,2488.21,607447796.0,6.41,9.75,13.52,0.5,80.0,21311.0,3047.0,0.9,87.41,96.91,2379.79,332.75,6999.0,9.48,25.0,71.62,5692.0,1195.24,997.05,2006
2006-05-25,S&P 500,1218.26,1191.67,1257.58,1154.48,932373229.0,6.41,9.88,12.25,7.12,112.0,1759.0,4223.0,1.11,81.97,62.65,1445.17,346.74,9865.0,7.1,20.0,41.78,4808.0,1739.82,1466.29,2006
2006-05-26,S&P 500,3397.84,3352.82,3410.34,3310.0,746617761.0,-3.98,7.95,8.18,5.84,117.0,1759.0,3200.0,1.02,146.89,46.93,1826.06,383.72,2532.0,4.23,37.0,71.8,7361.0,1532.87,1276.67,2006
2006-05-27,Unknown,4609.61,4586.46,4630.46,4570.96,734299041.0,0.52,6.29,8.18,2.49,88.0,2554.0,3200.0,0.85,135.0,52.72,2206.95,383.72,5138.0,1.79,14.0,50.8,8349.0,189.51,169.85,2006
2006-05-28,Dow Jones,2532.86,2548.28,2565.8,2513.22,142683930.0,8.27,5.2,8.59,2.71,88.0,17417.0,4829.0,0.87,103.33,60.90333333333333,2004.3,118.17,6606.0,4.92,24.0,8.48,11301.0,541.19,477.35,2006
2006-05-29,Dow Jones,1865.33,1868.69,1911.63,1847.5,484868302.0,6.33,9.71,8.53,5.195,56.0,2619.0,4407.0,1.35,93.745,69.08666666666666,1053.42,325.29,6606.0,7.91,6.0,98.21,5928.0,2230.58,1882.53,2006
2006-05-30,S&P 500,2770.31,2814.71,2821.04,2728.67,777426810.0,-0.15,6.96,9.93,5.27,115.0,18407.0,4883.0,1.4,84.16,77.27,1814.74,247.64,9268.0,6.05,2.0,8.7,6861.0,849.91,709.58,2006
2006-05-31,Dow Jones,1193.45,1183.08,1221.73,1180.86,798802929.0,9.07,9.45,4.42,7.14,115.0,11357.0,4883.0,1.32,91.05,50.03,2202.19,433.26,9268.0,5.27,24.0,15.93,6593.0,628.19,499.24,2006
2006-06-01,NASDAQ,4281.95,4301.34,4308.44,4266.53,216427976.0,-3.85,3.17,10.52,4.8,91.0,10878.0,171.0,1.18,101.8,60.2,1107.75,153.52,5671.0,8.49,24.0,42.09,9590.0,1567.14,1294.86,2006
2006-06-02,NASDAQ,4305.36,4304.29,4340.6,4270.32,282901337.0,9.42,3.34,7.94,2.76,76.0,20341.0,2257.0,1.34,107.15,70.37,1178.93,463.88,2434.0,3.13,2.0,94.47,14129.0,2180.73,1821.61,2006
2006-06-03,S&P 500,3352.0,3353.26,3398.51,3323.73,609755970.0,-1.31,8.55,10.06,9.72,51.0,3089.0,1236.0,0.91,123.4,59.635000000000005,1143.03,149.6,3524.0,8.6,26.0,50.34,3710.0,1913.2,1583.15,2006
2006-06-04,NASDAQ,3775.565,2389.19,2434.14,2367.38,552355235.0,-4.86,1.5,5.11,5.87,119.0,4919.0,4427.0,1.35,104.52,48.9,2495.75,135.73,6129.0,4.39,14.0,56.91,10625.0,1529.46,1270.19,2006
2006-06-05,S&P 500,4199.13,4194.63,4223.53,2786.665,726641774.0,1.51,9.46,7.65,1.74,53.0,7592.0,4177.0,1.1,146.82,44.13,1957.6566666666668,238.6,986.0,0.02,24.0,52.19,2192.0,361.23,294.64,2006
2006-06-06,NASDAQ,3218.75,3215.83,3265.12,3205.95,354316413.0,0.38,5.07,4.73,4.36,70.0,7244.0,142.0,1.33,104.0,55.54,1419.5633333333333,497.89,8985.0,7.32,27.0,33.08,1073.0,2053.7,1745.34,2006
2006-06-07,S&P 500,4303.73,3392.865,4350.44,4282.19,660863507.0,3.09,9.26,13.38,3.63,50.0,2440.0,4460.0,0.96,145.91,101.54,881.47,353.52,8472.0,8.78,46.0,69.66,2562.0,2053.7,1701.27,2006
2006-06-08,Dow Jones,3525.84,3569.9,3594.28,3500.75,318071955.0,6.95,3.37,8.34,2.53,87.0,20620.0,1931.0,1.04,131.09,76.98666666666666,2471.57,110.58,9480.0,4.84,24.0,50.2,10375.0,2053.7,169.68,2006
2006-06-09,NASDAQ,4137.62,4120.55,4166.54,4075.49,380049604.0,7.64,7.16,4.92,9.37,109.0,16956.0,145.0,1.2,142.99,27.88,1219.48,199.71,3267.0,4.55,19.0,50.34,13322.0,273.7,212.82,2006
2006-06-10,NASDAQ,3394.25,3348.47,3428.71,3335.43,928728009.0,1.02,4.83,2.54,5.195,63.0,19771.0,3741.0,0.81,129.22,66.67,2032.9,159.67,1612.0,4.55,10.0,21.09,5525.0,736.87,604.56,2006
2006-06-11,S&P 500,2656.56,2656.19,2661.9,2612.8,487813508.0,1.45,6.27,10.78,2.39,66.0,14200.0,1775.0,1.16,119.8,96.03,844.83,100.4,8021.0,8.85,24.0,92.66,5525.0,431.11,366.6,2006
2006-06-12,S&P 500,4831.78,4836.23,4877.29,4799.57,587868798.0,-2.78,5.04,4.79,3.85,96.0,5857.0,3452.0,1.02,115.64,27.83,2131.79,305.98,4493.0,9.74,3.0,50.34,14473.0,1680.3,1413.73,2006
2006-06-13,NASDAQ,3164.46,3131.3,3186.24,4091.85,290550104.0,-4.29,9.67,14.86,7.74,105.0,26063.0,1369.0,0.84,100.39,27.314999999999998,2076.04,252.44,6938.0,3.46,18.0,69.06,2386.0,584.35,480.29,2006
2006-06-14,S&P 500,3420.36,3446.4100000000003,3450.03,3384.13,206975595.0,4.62,9.67,8.94,7.74,102.0,1845.0,4083.0,1.11,98.005,26.8,943.06,345.31,1289.0,5.95,27.0,88.6,11246.0,2063.7,1745.1,2006
2006-06-15,NASDAQ,1881.95,1930.44,1969.75,1880.17,668920536.0,-4.03,2.51,5.76,7.74,67.0,28488.0,4063.0,1.02,95.62,119.86,1008.42,186.55,4076.0,8.23,9.0,8.49,10164.0,298.14,254.01,2006
2006-06-16,Dow Jones,3502.6,3547.18,3566.03,3452.73,785248733.0,6.01,9.1,10.55,7.15,118.0,10478.0,3123.0,1.03,106.99,133.34,1301.69,432.42,5104.0,5.32,20.0,2.97,13997.0,1226.81,1054.18,2006
2006-06-17,S&P 500,3286.43,3256.14,3291.45,3212.51,318091597.0,3.09,2.94,5.58,6.71,97.0,14116.0,2890.0,1.04,88.89,145.3,1402.94,253.27,5561.0,4.62,35.0,33.38,13171.0,1606.1,1333.99,2006
2006-06-18,NASDAQ,1739.35,1776.89,1808.58,1724.48,501740949.0,-2.02,3.72,12.66,7.21,58.0,9723.0,3270.0,0.93,113.625,109.86,2131.95,293.16,4178.0,5.72,15.0,79.02,1582.0,1295.36,1092.51,2006
2006-06-19,Dow Jones,1238.35,1258.8,1302.81,1225.48,194953245.0,3.09,1.02,6.01,7.21,103.0,18890.0,4922.0,1.01,138.36,102.17,904.02,392.99,5463.0,3.57,32.0,71.76,2314.0,1339.62,1150.65,2006
2006-06-20,Dow Jones,3417.44,3412.82,3461.83,3393.75,344232786.0,-2.26,9.0,14.85,9.67,84.0,9922.0,1112.0,0.88,131.68,110.23,1905.41,166.47,6209.0,1.92,44.0,82.23,3934.0,1031.01,868.13,2006
2006-06-21,NASDAQ,6777.182499999999,4058.83,4106.71,4036.96,685502373.0,-2.26,2.86,9.87,3.79,95.0,9102.0,4689.0,0.86,125.0,131.1,1188.51,204.94,1334.0,0.67,24.0,39.81,12223.0,2273.49,1910.74,2006
2006-06-22,S&P 500,6022.0075,3128.57,3006.955,3074.99,3380201.0,6.99,2.59,12.98,8.85,50.0,10997.0,3607.0,1.44,97.98,104.05,1450.2,161.9,9944.0,6.1,12.0,99.38,12223.0,713.64,627.36,2006
2006-06-23,NASDAQ,1907.09,1905.1,1907.2,1889.19,627744851.0,1.93,9.2,2.95,0.71,90.0,10997.0,4902.0,1.41,96.82,77.0,803.75,407.23,109.0,3.79,24.0,36.67,4927.0,2126.61,1809.92,2006
2006-06-24,Dow Jones,3666.09,3653.41,3685.1,3622.35,466228258.0,-2.77,8.06,6.53,3.24,81.0,23678.0,2171.0,1.38,99.46,104.64,1294.91,139.01,5148.0,8.83,3.0,80.56,9307.0,1517.21,1267.12,2006
2006-06-25,NASDAQ,1320.42,1319.74,1361.35,1311.53,878191381.0,5.86,1.41,11.59,0.96,81.0,24097.0,2105.0,1.345,115.0,107.49000000000001,1091.27,139.01,3671.0,2.23,41.0,35.15,11098.0,1933.7,1267.12,2006
2006-06-26,Unknown,2767.33,2775.24,2793.55,2725.03,482675342.0,-2.2,7.69,10.52,6.69,60.0,14961.0,2417.0,1.31,148.35,110.34,1656.75,399.96,7386.0,3.11,26.0,21.92,1786.0,1446.26,1190.14,2006
2006-06-27,Dow Jones,2288.255,1622.38,1683.55,1581.76,716890826.0,6.08,9.13,4.53,1.46,111.0,3592.0,4933.0,1.21,87.64,115.0,1068.93,399.96,3802.0,9.71,7.0,33.73,7633.0,860.01,723.92,2006
2006-06-29,S&P 500,1809.18,1826.6,1844.85,1766.54,538628536.0,1.81,8.25,5.42,6.64,97.0,3091.0,4738.0,1.43,127.76,126.29,2300.94,399.96,7865.0,3.47,45.0,13.0,9248.0,2097.7,1754.87,2006
2006-06-30,Dow Jones,2546.83,2560.16,2605.38,2534.47,133317847.0,7.77,8.25,9.97,0.77,92.0,24467.0,1886.0,1.5,97.2,77.19,2236.99,413.14,877.0,8.61,7.0,36.46,1305.0,206.24,149.86,2006
2006-07-01,S&P 500,1204.6,1164.55,1229.76,1163.67,487813508.0,5.63,6.69,6.48,7.29,100.0,3002.0,3229.0,1.3,100.815,112.355,2469.06,341.6,5608.0,7.43,24.0,14.76,9968.0,1945.21,1640.5,2006
2006-07-02,Dow Jones,2125.715,2601.59,2624.83,2074.8500000000004,675674843.0,-4.51,4.93,6.02,8.69,110.0,9353.0,2472.0,0.96,104.43,147.52,2354.9,367.01,4575.0,5.73,25.0,50.28,1067.0,1945.21,1187.3,2006
2006-07-03,NASDAQ,3046.83,3008.93,3096.71,2986.03,663381617.0,-0.56,6.98,4.7,6.78,91.0,26305.0,1560.0,1.19,145.26,147.15,1275.64,406.32,2479.0,8.89,0.0,3.64,5302.0,1732.98,1448.62,2006
2006-07-04,Unknown,2933.18,2891.05,2957.86,2862.69,487813508.0,8.06,0.34,4.7,0.79,91.0,26432.0,1564.0,0.88,121.81,96.15,1334.58,324.25,9217.0,0.94,42.0,43.19,4859.0,362.59,1448.62,2006
2006-07-05,Unknown,2531.14,2533.87,2542.79,2486.17,459578147.0,-4.73,7.63,4.54,8.65,60.0,19976.0,3141.0,1.01,80.29,94.44,1705.52,303.45,3740.0,3.94,24.0,95.8,2251.0,734.75,605.72,2006
2006-07-05,Dow Jones,2531.14,2533.87,2542.79,2486.17,459578147.0,-4.73,7.63,4.54,8.65,60.0,19976.0,3141.0,1.01,80.29,92.73,1705.52,303.45,3740.0,3.94,47.0,95.8,2251.0,2261.05,605.72,2006
2006-07-06,S&P 500,4356.59,4346.87,4382.24,4298.37,456864246.0,3.18,0.33,14.51,7.46,74.0,19976.0,1158.0,1.3,101.78,77.83666666666667,1454.43,365.27,8456.0,8.11,32.0,35.95,7444.0,609.98,525.61,2006
2006-07-07,S&P 500,1581.31,1590.19,1630.89,1549.59,763240456.0,5.92,4.55,14.51,4.1,89.0,16661.0,1071.0,1.01,81.51,62.94333333333333,2448.85,460.0,2997.0,3.86,18.0,13.85,9950.0,1909.58,1612.19,2006
2006-07-09,S&P 500,1248.17,1241.27,1287.6,1237.08,194943700.0,6.41,8.24,7.57,5.06,101.0,26164.0,3099.0,0.81,145.28,48.05,2058.14,415.33,6206.0,1.53,17.0,79.15,1852.0,1334.5,1128.85,2006
2006-07-10,Dow Jones,1284.62,1252.1,1320.02,1244.06,800495225.0,5.89,3.14,6.91,5.06,52.0,28724.0,2604.0,1.2,134.53,94.76499999999999,1778.11,292.11,4434.0,3.37,25.0,50.34,13262.0,2051.12,1714.31,2006
2006-07-12,Dow Jones,3264.07,3270.19,3313.29,3242.5,422026654.0,7.32,4.29,10.26,5.06,84.0,13854.0,1913.0,1.14,117.7,141.48,2065.68,172.06,2217.0,6.87,8.0,78.9,3537.0,1067.64,895.21,2006
2006-07-13,Dow Jones,4512.13,4530.87,3824.0866666666666,4489.83,539011100.0,4.69,7.73,10.91,8.71,84.0,6502.0,1602.0,0.95,106.08,70.33,1316.2,295.41,4214.0,1.95,26.0,26.13,10253.0,469.97,383.25,2006
2006-07-14,NASDAQ,3231.49,3214.03,4334.883333333333,3198.6,487813508.0,1.04,4.81,8.08,0.75,71.0,10652.0,442.0,1.12,94.81,58.77,1135.02,159.56,2385.0,0.1,24.0,47.88,6723.0,1593.17,1342.5,2006
2006-07-15,S&P 500,4839.16,4798.63,4845.68,4768.26,619730922.0,1.04,7.89,2.72,9.15,111.0,7808.0,3960.0,1.22,84.38,37.26,2252.85,286.81,5106.0,9.77,19.0,6.41,3407.0,1919.68,1602.71,2006
2006-07-16,NASDAQ,1194.78,1242.37,1291.15,1185.52,856298442.0,5.75,0.74,13.94,3.4,68.0,12137.0,3451.0,1.36,93.31,59.03,2348.72,125.98,3544.0,8.99,24.0,17.49,8038.0,2018.0,1693.66,2006
2006-07-18,S&P 500,1176.26,1168.64,1220.92,1159.95,157467385.0,-0.92,5.52,7.6,1.76,99.0,12137.0,1348.0,0.92,116.4,95.7,2053.66,214.69,2217.0,4.83,37.0,46.41,8038.0,394.87,357.85,2006
2006-07-19,S&P 500,1741.11,1756.1,1800.42,1737.92,375624813.0,0.13,9.47,7.6,9.07,111.0,14090.0,1308.0,0.93,94.31,78.82,1346.94,436.66,297.0,4.83,15.0,82.12,7844.0,405.27,335.75,2006
2006-07-21,S&P 500,3582.29,3613.32,3645.64,3570.73,652587476.0,3.68,0.43,6.18,9.28,104.0,14229.0,2239.0,0.97,85.38,136.05,1241.07,467.11,293.0,5.97,2.0,50.34,8358.0,630.06,514.35,2006
2006-07-22,NASDAQ,1182.34,1186.0,1213.27,4164.84,605209981.0,-2.32,1.57,3.01,6.99,89.0,29724.0,1710.0,1.31,86.64,45.07,1029.33,289.16,293.0,8.26,24.0,30.17,9969.0,2153.33,1817.44,2006
2006-07-23,Dow Jones,4783.88,4761.7,4786.4400000000005,4758.95,990547967.0,4.96,6.41,7.93,2.25,61.0,22917.0,2079.0,0.99,127.78,145.54,1641.36,439.55,231.0,9.12,8.0,32.12,547.0,699.52,582.04,2006
2006-07-24,Dow Jones,4368.66,4324.82,4405.94,4315.99,487813508.0,9.86,3.99,12.64,3.43,114.0,22917.0,2079.0,1.3,132.85,106.61,1404.37,218.91,6618.0,5.66,7.0,40.41,6531.0,780.83,649.34,2006
2006-07-25,S&P 500,2186.45,2152.7,2211.72,2125.26,964359992.0,7.35,8.26,2.22,5.13,83.0,9687.0,656.0,0.85,148.07,131.2,1951.73,280.64,9385.0,2.85,24.0,89.95,3879.0,521.85,439.55,2006
2006-07-26,NASDAQ,1308.75,1348.25,1380.64,1284.7,406302711.0,6.19,0.72,9.57,6.27,72.0,4173.0,4094.0,0.95,117.13,121.84249999999999,1877.92,280.64,866.0,4.99,24.0,2.54,3879.0,1323.73,1099.54,2006
2006-07-27,Dow Jones,1679.55,1698.15,1723.28,1677.26,424079168.0,-1.88,1.96,13.45,9.3,56.0,11732.0,4504.0,1.09,91.62,112.48499999999999,1752.1,203.46,9760.0,8.51,0.0,62.5,712.0,2136.68,1821.64,2006
2006-07-28,NASDAQ,1507.78,1482.77,1532.37,1482.41,637595476.0,-1.88,1.96,4.83,4.15,114.0,8435.0,3786.0,1.16,145.66,93.77,1275.35,362.93,2518.0,5.84,11.0,88.78,6648.0,293.38,239.02,2006
2006-07-29,NASDAQ,1493.14,1736.7,1501.73,1400.3,487813508.0,2.89,6.27,4.38,7.18,67.0,1428.0,1252.0,1.05,148.62,28.83,1071.24,215.44,5659.0,8.96,15.0,41.75,6605.0,2036.69,1691.89,2006
2006-07-31,Dow Jones,1983.39,1990.63,1998.57,1965.12,849835075.0,-0.05,1.24,5.32,1.95,91.0,4903.0,3721.0,1.03,141.02,42.8,2485.97,109.35,8521.0,3.73,29.0,58.61,2792.0,1071.34,913.87,2006
2006-08-01,S&P 500,2432.56,2423.01,2442.34,2399.49,620689536.0,-4.07,9.44,4.5,8.7,50.0,15492.0,3721.0,1.27,85.43,56.77,1087.46,131.27,7409.0,4.48,42.0,33.93,4774.0,1071.34,1689.64,2006
2006-08-02,S&P 500,4958.02,4944.38,5006.67,4931.05,822998514.0,2.14,9.44,6.91,4.5,64.0,22310.0,3721.0,1.16,139.84,80.95333333333333,928.85,190.84,7409.0,6.78,24.0,13.83,9015.0,281.8,1689.64,2006
2006-08-03,Dow Jones,3737.26,3708.94,3744.92,4847.26,487813508.0,-0.95,9.44,7.1,7.46,77.0,10614.0,3721.0,1.29,146.73,105.13666666666666,2067.74,422.6,5657.0,1.11,18.0,22.04,6924.0,1762.05,1488.67,2006
2006-08-04,Dow Jones,4795.92,4812.88,4826.34,4763.47,326711422.0,5.73,5.24,13.36,3.29,85.0,8490.0,3828.0,1.1,118.66,129.32,1384.55,364.15,5685.0,4.66,12.0,5.84,11471.0,1799.6,1512.89,2006
2006-08-05,NASDAQ,3925.575,1617.3,1646.83,1526.09,153908531.0,9.36,2.23,10.04,3.67,95.0,29641.0,3511.0,1.41,134.08,119.2,1162.11,457.38,7197.0,4.66,43.0,76.5,6245.0,2139.69,1796.45,2006
2006-08-06,Unknown,2528.56,2496.13,2559.07,2486.92,824541539.0,5.36,2.23,7.28,0.76,70.0,11947.0,3166.0,1.3366666666666667,126.26,73.92,1692.71,461.88,8143.0,1.49,9.0,53.33,13540.0,806.04,678.74,2006
2006-08-07,NASDAQ,3218.93,3228.64,3236.34,3176.91,646860124.0,8.3,8.18,8.95,9.73,98.0,26730.0,3166.0,1.2633333333333332,100.16,133.43,1947.86,249.87,7213.0,9.43,46.0,78.58,10234.0,520.42,678.74,2006
2006-08-08,NASDAQ,1307.03,1299.45,1346.72,1293.37,280911603.0,1.8,3.96,14.4,8.23,88.0,17508.0,4413.0,1.19,121.13,52.1,1165.24,247.01,4760.0,1.42,28.0,50.34,12322.0,2140.8,1798.86,2006
2006-08-09,NASDAQ,1016.75,1011.42,1056.01,1000.67,939658477.0,6.57,5.89,3.47,1.39,87.0,4844.0,2960.0,1.16,142.26,23.15,2490.66,434.3,9910.0,6.67,24.0,80.49,10515.0,2130.48,1812.47,2006
2006-08-10,Dow Jones,3681.74,3657.15,3693.61,3655.29,916624260.0,7.65,2.58,4.7,5.195,87.0,4844.0,263.0,1.16,114.75,76.26,1357.98,270.58,5903.0,6.67,12.0,30.99,10108.0,685.33,568.41,2006
2006-08-11,S&P 500,3567.28,3599.79,3614.22,3560.24,540004828.0,5.66,6.9,14.51,6.25,69.0,14254.0,263.0,1.36,121.31,139.54,1335.42,442.88,9105.0,7.6,44.0,12.22,12477.0,728.17,619.57,2006
2006-08-12,NASDAQ,2643.16,2641.69,2690.06,2595.82,487813508.0,2.62,3.09,14.45,8.61,57.0,21583.0,1814.0,1.21,117.2,94.26,1519.1,302.37,7646.0,7.6,24.0,53.43,10204.0,822.23,1508.31,2006
2006-08-13,Unknown,2958.58,2962.92,3004.2,2935.61,611464430.0,4.39,3.09,4.3,1.13,63.0,25134.0,3562.0,1.42,99.77,49.83,2066.55,269.89,4646.0,2.17,16.0,94.54,10150.0,1052.37,896.97,2006
2006-08-14,S&P 500,2661.77,2642.25,2696.66,1975.91,352512026.0,5.51,2.17,3.89,4.2,111.0,5616.0,1540.0,1.23,125.06,104.61,2284.54,269.89,586.0,2.91,22.0,41.5,3423.0,619.58,518.75,2006
2006-08-15,Dow Jones,1096.02,1064.2,1100.13,1016.21,294910479.0,-1.2,0.15,7.47,6.86,84.0,27392.0,1540.0,0.82,115.66,116.85,1350.78,150.59,9982.0,1.65,24.0,51.59,5314.0,2224.47,1873.19,2006
2006-08-16,S&P 500,2341.49,2300.08,2362.4,2256.13,487813508.0,7.14,2.69,7.47,1.51,104.0,6737.0,900.0,1.41,96.28,110.23666666666666,1001.87,310.36,9559.0,9.21,9.0,45.18,1726.0,2292.94,1912.12,2006
2006-08-17,S&P 500,1708.33,1729.74,1757.71,1670.6,487813508.0,9.25,1.91,10.51,5.14,94.0,9969.0,2865.0,1.39,142.68,103.62333333333333,1235.42,230.09,8269.0,5.22,35.0,45.8,11056.0,1720.89,1434.64,2006
2006-08-18,Dow Jones,3484.25,1363.32,1403.07,1316.65,981627672.0,1.98,5.08,3.01,4.71,70.0,9378.0,2760.0,0.83,146.5,97.01,943.28,199.78,8970.0,9.76,48.0,21.51,13330.0,1042.83,905.02,2006
2006-08-19,NASDAQ,4826.88,4845.89,4868.3,4815.87,567324160.0,5.52,2.04,2.75,2.55,102.0,24511.0,2760.0,0.89,83.88,32.48,1871.59,167.86,8970.0,4.49,13.0,42.31,11844.0,168.79,140.42,2006
2006-08-21,Dow Jones,3914.63,3906.21,3931.0,3871.71,661730856.0,4.93,2.41,14.45,9.69,92.0,17416.0,1976.0,0.83,109.05,39.03,1529.75,322.35,6270.0,7.89,24.0,74.51,13786.0,1429.04,1185.98,2006
2006-08-22,S&P 500,2261.45,2258.37,2300.5,2214.88,689766355.0,3.21,7.07,7.55,3.24,55.0,28251.0,1061.0,0.96,116.82,134.76,1974.75,434.81,6270.0,7.97,30.0,14.07,7323.0,1412.58,1224.32,2006
2006-08-23,S&P 500,2572.59,2559.36,2614.61,1998.5866666666668,327801348.0,8.22,5.78,6.63,2.53,104.0,28980.0,3470.0,1.48,106.17,87.84,2036.79,428.08,4264.0,2.31,38.0,57.2,5278.0,817.06,687.47,2006
2006-08-24,NASDAQ,1947.7,1907.76,1963.88,1890.44,204961251.0,1.73,9.86,14.97,2.53,104.0,4997.0,1145.0,0.92,113.21,115.14,1445.42,442.03,2341.0,2.88,31.0,66.25,3571.0,2085.96,1752.18,2006
2006-08-25,Unknown,1387.86,1368.82,1429.79,1330.1,445966876.0,1.73,10.0,8.92,6.87,117.0,4352.0,4581.0,0.94,102.64,146.37,973.76,330.49,656.0,0.98,24.0,38.34,14354.0,2217.62,1518.12,2006
2006-08-27,Unknown,2549.0199999999995,4206.64,4248.53,4173.63,487813508.0,5.11,7.6,7.02,7.67,112.0,3268.0,1507.0,0.83,101.14,79.76,1656.52,462.06,1066.0,7.94,16.0,71.1,7357.0,830.81,684.08,2006
2006-08-28,NASDAQ,3710.18,3688.8,3717.82,3683.4,792729337.0,7.74,3.86,4.53,0.85,107.0,28000.0,307.0,1.37,126.92,127.36,1736.0,215.42,8583.0,0.81,24.0,46.56,2201.0,899.3,768.18,2006
2006-08-29,NASDAQ,3187.72,3183.73,3191.87,3136.98,432054895.0,-2.92,7.53,8.66,4.24,103.0,19539.0,4470.0,0.94,83.53,34.33,1960.16,158.18,5931.0,2.57,35.0,33.4,7006.0,1513.74,1255.75,2006
2006-08-30,Dow Jones,2900.36,2869.7,2932.45,2855.15,366858769.0,-4.54,9.57,7.71,7.85,87.0,2640.0,1852.0,1.17,106.79,23.6,1249.45,133.11,9467.0,4.5,34.0,82.49,5778.0,1909.91,1612.81,2006
2006-08-31,Unknown,4689.74,4660.78,4713.34,4634.75,291655617.0,9.02,0.23,5.52,9.1,109.0,8224.0,595.0,0.97,82.96,98.56,1715.645,452.42,775.0,5.42,22.0,98.88,3095.0,897.94,772.56,2006
2006-09-01,S&P 500,1290.94,1243.24,1336.33,1223.67,370192143.0,9.02,0.23,4.09,9.1,101.0,17457.0,595.0,1.26,104.94,41.78,2181.84,248.71,3383.0,5.42,24.0,21.74,10997.0,141.06,134.17,2006
2006-09-02,Unknown,2122.4,2162.07,2180.23,2074.4,487813508.0,7.14,2.18,6.05,1.0,78.0,18449.0,3698.0,1.21,86.13,53.25,2265.8,299.49,6135.0,9.83,4.0,50.34,10548.0,428.1,338.12,2006
2006-09-03,Dow Jones,2399.75,2370.82,2414.11,2354.07,854525647.0,7.35,5.58,8.61,4.27,89.0,13758.0,2306.0,1.46,103.77,79.08,2349.76,421.22,280.0,7.64,5.0,54.59,7313.0,428.1,267.67,2006
2006-09-04,NASDAQ,4129.7,4102.45,4154.74,4063.52,825479138.0,5.63,4.66,2.76,1.21,89.0,10497.0,1849.0,1.11,138.67,104.91,2447.36,249.27,280.0,1.13,24.0,44.85,10457.0,208.23,172.92,2006
2006-09-05,NASDAQ,4970.06,4204.6275,4992.86,4905.25,697990830.0,-3.03,5.76,4.0,7.61,84.0,10497.0,559.0,1.41,122.94,131.25,1070.59,447.18,2571.0,2.94,37.0,89.33,4412.0,1958.94,1670.02,2006
2006-09-06,NASDAQ,1962.68,4306.805,1979.9,4762.94,161612157.0,5.01,5.51,14.32,1.1,65.0,28157.0,4589.0,1.2,127.76,99.42666666666666,1401.58,228.68,8901.0,2.94,5.0,91.04,6877.0,920.34,786.01,2006
2006-09-07,Dow Jones,4497.23,4511.16,4545.85,4478.32,54326698.0,8.34,9.6,9.06,2.26,67.0,11195.0,1016.0,1.44,115.27,35.78,2247.31,392.95,6421.0,3.15,18.0,27.34,1277.0,246.89,216.93,2006
2006-09-08,NASDAQ,4322.49,4280.0,4360.47,4242.61,125405609.0,1.38,5.52,2.82,4.46,108.0,11154.0,4359.0,1.0,144.57,140.61,2387.8,366.95,8621.0,7.86,42.0,35.9,7779.0,960.2,798.07,2006
2006-09-09,NASDAQ,1898.63,1862.05,1941.28,1816.41,736653328.0,1.2,8.46,11.01,4.9,83.0,4089.0,4834.0,1.18,117.88,132.65,824.7,180.54,7206.0,3.61,18.0,85.21,11893.0,1172.81,999.74,2006
2006-09-10,Unknown,2597.33,2611.81,2296.65,2559.58,168430275.0,1.2,3.2,2.8,4.9,53.0,4089.0,4834.0,1.07,87.3,139.845,1458.81,149.8,9541.0,4.92,45.0,49.13,1428.0,314.18,285.28,2006
2006-09-11,Dow Jones,2638.69,2622.66,2652.02,2611.3,379712688.0,-3.77,4.38,11.61,4.9,118.0,10246.0,4765.0,0.85,145.32,147.04,992.76,144.62,4358.0,5.33,46.0,28.87,11556.0,1941.86,1638.51,2006
2006-09-12,NASDAQ,4912.88,4933.67,4969.47,4868.46,93940210.0,8.38,4.7,11.75,7.28,114.0,8191.0,2294.0,1.2,89.31,146.92,2140.38,144.62,1955.0,2.7,30.0,96.22,11556.0,1100.13,922.45,2006
2006-09-13,Dow Jones,1723.57,1729.31,1749.02,1704.1899999999998,128103576.0,8.04,2.79,10.46,7.28,110.0,16232.0,1059.0,1.36,149.94,146.68,2070.12,105.18,9104.0,3.23,36.0,21.78,14314.0,1995.79,1687.86,2006
2006-09-14,NASDAQ,4196.63,4172.2300000000005,4230.48,4143.42,487813508.0,9.97,3.8,11.52,7.28,95.0,11443.0,4963.0,1.19,110.48,127.1,2082.31,364.27,592.0,7.8,22.0,61.07,1281.0,835.98,730.52,2006
2006-09-15,NASDAQ,2336.77,2351.85,2375.65,2295.2,32377303.0,3.78,5.99,3.14,3.38,70.0,14426.0,2257.0,1.0,85.14,77.22,1463.4,412.79,1929.0,8.67,24.0,50.34,5828.0,521.91,425.11,2006
2006-09-16,NASDAQ,3923.48,3885.11,3973.17,3875.69,677605002.0,6.27,5.8,11.45,3.86,87.0,28005.0,493.0,0.98,140.49,86.5,1490.62,221.0,7121.0,0.37,12.0,45.19,6396.0,210.28,191.01,2006
2006-09-17,S&P 500,2680.04,2683.68,2720.13,2640.81,487813508.0,-1.96,6.36,3.78,6.33,109.0,13549.0,3732.0,0.97,86.5,55.76,1245.17,398.28,570.0,6.05,24.0,10.69,4988.0,1462.36,1224.8,2006
2006-09-18,S&P 500,3313.44,3307.15,3361.06,3277.34,141598790.0,5.01,3.52,6.41,5.16,85.0,28903.0,4638.0,1.49,92.21,83.3,1413.52,166.15,1480.0,6.33,49.0,25.79,5118.0,171.36,1887.83,2006
2006-09-19,S&P 500,4330.45,4307.24,4372.2,3769.955,726896816.0,4.75,3.16,14.26,7.37,55.0,12613.0,4158.0,1.08,109.21,33.97,2471.24,484.2,4955.0,7.37,2.0,16.78,8326.0,614.3,518.09,2006
2006-09-20,Dow Jones,4216.66,4227.06,4272.21,4208.06,515050825.0,8.52,6.12,8.54,5.83,88.0,12613.0,4942.0,1.02,127.33,138.12,879.17,192.83,2732.0,6.94,11.0,74.99,14542.0,1559.55,1305.28,2006
2006-09-21,Dow Jones,4465.69,4502.82,4543.54,4444.66,218331312.0,7.46,1.33,14.58,8.13,78.0,6908.0,2277.0,1.09,88.48,112.72,1350.81,295.35,3430.0,6.94,36.0,69.8,13749.0,1808.01,1549.18,2006
2006-09-22,S&P 500,1238.47,1288.36,1311.32,4105.95,916416867.0,9.08,2.53,3.16,4.71,78.0,15342.0,1966.0,0.88,123.58,124.68,2142.87,492.2,6978.0,0.78,30.0,79.43,11777.0,1127.0,958.42,2006
2006-09-23,Dow Jones,3768.2,3778.98,3791.57,3767.24,613081886.0,8.03,0.42,8.21,5.16,118.0,27769.0,1899.0,0.94,134.63,89.05,1449.99,462.86,3393.0,3.88,12.0,69.96,6513.0,2042.9,1740.0,2006
2006-09-24,NASDAQ,1559.95,1550.42,1578.47,1544.81,580274450.0,8.03,0.73,2.81,5.195,58.0,11636.0,604.0,1.16,88.64,36.33,2414.97,363.79,1139.0,7.82,22.0,12.96,1798.0,2042.9,651.75,2006
2006-09-25,NASDAQ,2663.27,2635.79,2664.28,2586.26,976094289.0,-4.04,2.43,10.19,2.6,73.0,3997.0,819.0,1.36,125.33,89.84,1364.65,247.68,3968.0,8.47,12.0,97.86,1798.0,1350.06,1144.93,2006
2006-09-26,NASDAQ,3194.35,3170.06,3220.55,2573.195,993303344.0,7.69,0.2,3.02,4.17,112.0,29147.0,2087.0,1.41,147.12,62.8,2244.59,380.04,2865.0,2.65,5.0,18.93,7154.0,2008.91,1703.04,2006
2006-09-27,S&P 500,2610.96,2608.91,2636.21,2560.13,487813508.0,4.11,2.45,4.28,6.44,68.0,21840.0,974.0,1.41,147.72,81.375,2185.66,284.11,711.0,5.85,47.0,35.11,3690.0,684.08,1703.04,2006
2006-09-28,Dow Jones,3078.45,3065.18,3856.2,3056.05,86962459.0,0.71,6.55,5.36,0.77,79.0,2474.0,2978.0,1.46,91.32,99.95,815.65,143.54,7202.0,1.81,2.0,70.72,11079.0,1094.01,1703.04,2006
2006-09-29,S&P 500,4986.11,3273.173333333333,5076.19,4968.06,620712902.0,-4.15,0.61,11.73,4.65,107.0,9558.0,733.0,0.89,133.18,106.16,1485.08,418.39,6801.0,8.51,6.0,14.13,2571.0,1473.02,1238.43,2006
2006-09-30,Dow Jones,1540.87,3481.1666666666665,4393.049999999999,1490.06,200573605.0,5.17,4.37,4.13,6.19,89.0,9745.0,4477.0,0.83,139.26,112.37,1277.08,448.64,4171.0,7.3,9.0,17.13,14623.0,914.54,761.37,2006
2006-10-01,NASDAQ,3701.82,3689.16,3709.91,3656.27,725252664.0,-0.08,9.13,13.01,9.69,117.0,5910.0,2520.0,0.87,142.23,49.06,1615.33,263.04,8393.0,2.22,30.0,87.67,10840.0,1356.2,1125.0,2006
2006-10-02,S&P 500,2584.0,2572.35,2602.44,2543.29,394858699.0,2.02,7.91,3.71,8.83,81.0,24626.0,1424.0,1.22,102.66,126.49,1586.71,366.29,8956.0,6.24,3.0,33.27,7045.0,2122.86,1806.79,2006
2006-10-03,Dow Jones,1532.04,1565.7,1586.9,1505.55,972655848.0,5.23,3.05,2.46,3.17,81.0,3034.0,1108.0,1.19,98.91,60.23,2339.4,112.15,3214.0,5.09,43.0,66.59,12656.0,146.33,130.77,2006
2006-10-04,Dow Jones,1634.95,1650.03,1668.06,1592.78,487813508.0,2.76,9.25,7.14,5.32,83.0,24457.0,1108.0,1.27,83.35,48.4,1112.09,178.9,1690.0,2.59,5.0,85.89,12381.0,2149.13,1832.31,2006
2006-10-06,S&P 500,4518.41,3154.995,4544.61,4479.7,248573473.0,1.76,0.73,3.43,2.79,108.0,25103.0,3320.0,1.07,88.68,22.16,983.71,209.63,2468.0,1.48,6.0,21.11,14320.0,2008.68,1690.64,2006
2006-10-07,S&P 500,4628.17,4659.96,4688.56,4620.4,597475416.0,0.82,9.94,3.32,7.86,75.0,3717.0,503.0,1.18,135.04,41.78,2055.71,477.75,4608.0,4.67,33.0,12.38,5267.0,1461.36,1232.02,2006
2006-10-08,S&P 500,4966.13,4919.97,5008.78,4890.17,805284368.0,-1.4,8.7,11.77,1.67,71.0,19219.0,3853.0,0.86,90.01,41.75,2360.36,434.82,9219.0,5.83,22.0,74.1,207.0,1608.58,1366.24,2006
2006-10-09,NASDAQ,1833.26,1870.34,1910.64,1820.73,820119028.0,0.59,4.66,6.06,2.95,83.0,21560.0,3290.0,0.93,137.32,41.72,1426.46,362.0,1950.0,8.24,7.0,18.9,6970.0,675.22,576.69,2006
2006-10-10,Unknown,2421.76,2423.03,2429.64,2405.07,371517536.0,-3.33,6.66,11.32,9.47,62.0,28073.0,795.0,1.0,87.53,41.69,905.1,499.54,6993.0,1.5,49.0,58.06,9664.0,1307.78,1103.59,2006
2006-10-11,NASDAQ,3676.88,3666.71,3712.58,3643.15,487813508.0,9.57,6.71,4.6,8.33,104.0,28073.0,1007.0,1.07,113.64,84.08,1065.24,197.3,544.0,6.09,23.0,53.31,3716.0,1210.49,1007.81,2006
2006-10-12,NASDAQ,2935.21,2934.93,2956.98,2933.59,856528264.0,3.61,1.94,7.98,7.93,57.0,24213.0,3947.0,1.32,106.92,126.47,974.05,467.65,1954.0,0.07,24.0,56.04,2682.0,1210.49,1350.71,2006
2006-10-13,NASDAQ,2673.56,2690.3,2705.03,2668.96,929204805.0,-3.08,2.0,5.45,8.71,111.0,13714.0,3264.0,1.1633333333333333,122.11,106.01,1424.5866666666666,221.83,1789.0,8.23,24.0,65.01,12966.0,823.09,708.12,2006
2006-10-14,Unknown,2431.24,2382.52,2433.74,2348.22,487813508.0,0.29,4.7,7.87,7.62,71.0,19041.0,2026.0,1.0066666666666666,116.31,33.19,1875.1233333333332,338.64,816.0,2.35,2.0,85.1,2819.0,1009.16,852.49,2006
2006-10-15,S&P 500,3375.12,3412.28,3436.64,2801.01,487813508.0,3.21,9.12,12.0,1.65,105.0,14676.0,220.0,0.85,121.9,136.4,2325.66,273.75,816.0,7.21,12.0,27.25,2819.0,411.63,362.1,2006
2006-10-16,S&P 500,3302.37,3297.04,3320.14,3253.8,364946725.0,2.99,0.1,11.91,5.41,70.0,19575.0,2965.0,0.97,80.07,139.96,1075.88,277.29,7801.0,7.21,38.0,55.57,8806.0,2183.56,1847.58,2006
2006-10-17,NASDAQ,1645.83,1630.13,1658.41,1595.4,67706568.0,-4.47,0.1,8.71,4.72,98.0,23425.0,3831.0,1.22,88.93,56.53,2381.27,405.0,9260.0,0.5,32.0,33.73,5103.0,1265.39,1066.64,2006
2006-10-18,NASDAQ,2886.96,2850.78,2921.69,2850.37,143307138.0,9.26,0.58,14.07,3.46,55.0,20226.0,4015.0,0.83,116.2,91.9,1365.66,405.0,4507.0,1.83,49.0,50.34,14559.0,1373.1,1140.36,2006
2006-10-19,S&P 500,3213.89,3207.84,3252.36,3177.0,71208399.0,9.26,4.78,14.07,8.42,84.0,2055.0,3691.0,1.39,96.08,101.88000000000001,2274.42,303.01,4201.0,2.68,24.0,2.14,7579.0,554.83,450.62,2006
2006-10-20,NASDAQ,3281.15,3280.78,2782.54,3276.09,79934488.0,-4.76,6.38,5.12,4.91,76.0,2055.0,3676.0,1.48,85.34,106.87,2247.3425,303.01,2695.0,8.87,10.0,59.98,1319.0,1817.03,1505.93,2006
2006-10-21,Unknown,1840.43,1830.79,1842.9,1791.74,782052119.0,-3.85,6.87,9.98,1.07,89.0,19620.0,4586.0,0.86,95.24,147.13,2193.1875,405.39,2695.0,4.81,28.0,97.25,10884.0,1861.75,1543.09,2006
2006-10-22,Dow Jones,3969.09,3986.96,4029.4,3919.51,944382510.0,3.7,0.58,9.98,5.195,63.0,28758.0,2514.0,0.97,106.58,148.23,2166.11,320.77,5918.0,9.14,24.0,76.15,5251.0,738.52,607.72,2006
2006-10-23,NASDAQ,1100.8,1092.89,1101.3,1066.33,453275548.0,-2.93,4.19,2.61,2.67,101.0,26423.0,940.0,1.27,117.92,86.19,972.87,202.03,2718.0,0.47,16.0,24.36,10996.0,285.64,246.25,2006
2006-10-24,S&P 500,2419.33,2465.47,2512.33,2385.19,330010027.0,-4.37,5.84,9.9,8.93,89.0,3589.0,2905.0,1.36,93.31,31.95,894.14,206.37,3651.0,0.07,36.0,71.64,12311.0,127.11,105.58,2006
2006-10-25,NASDAQ,4120.85,4130.78,4162.160000000001,4108.98,379858678.0,0.69,0.66,6.87,6.65,92.0,15243.0,3406.0,1.04,81.12,63.48,2057.54,217.41,8087.0,9.48,24.0,29.8,1708.0,985.86,831.46,2006
2006-10-26,S&P 500,3255.57,3286.32,3302.41,3035.8849999999998,885362407.0,0.69,1.35,11.72,5.82,107.0,8078.0,3533.0,1.16,105.03,76.49,2324.97,379.72,219.0,7.24,45.0,75.39,12136.0,1286.96,1078.26,2006
2006-10-27,S&P 500,2044.65,2005.59,2056.97,1962.79,374968665.0,-3.32,6.64,12.51,5.31,52.0,24852.0,1565.0,1.42,105.02,89.5,1082.3,338.04,5159.0,7.83,13.0,85.51,2656.0,2048.08,1703.84,2006
2006-10-28,NASDAQ,3779.81,3769.54,3780.26,3761.17,618029669.0,-0.3,5.22,9.18,6.68,64.0,2672.0,1956.0,1.07,131.46,71.805,2399.81,428.9,9139.0,9.16,24.0,33.5,10616.0,106.07,95.94,2006
2006-10-29,Dow Jones,3269.56,3253.24,3281.33,3239.96,135309538.0,1.27,1.62,2.02,7.67,94.0,2672.0,2335.0,0.86,144.36,54.11,1837.39,328.61,974.0,9.85,24.0,0.32,1382.0,1136.41,960.18,2006
2006-10-31,S&P 500,3940.1,3325.75,4006.82,3904.49,654334979.0,2.59,9.13,11.74,9.41,88.0,18488.0,512.0,0.93,128.17,96.82,1374.755,485.15,6084.0,1.58,24.0,20.67,4488.0,1136.41,1855.4,2006
2006-11-01,S&P 500,3440.43,3398.26,3448.76,3379.47,15512058.0,-3.72,0.16,5.24,9.78,68.0,23685.0,1637.0,0.83,124.44,139.53,912.12,454.44,3751.0,1.89,11.0,61.9,6479.0,1473.89,1251.68,2006
2006-11-02,Dow Jones,2952.71,2909.9700000000003,2979.14,2863.58,610392105.0,-4.3,6.43,8.04,9.96,69.0,8224.0,4349.0,1.09,104.525,148.69,1043.47,211.53,5885.0,8.18,18.0,29.08,8070.0,1789.44,1514.48,2006
2006-11-03,Unknown,1532.73,1567.76,1597.27,1528.01,945163981.0,2.8,0.74,14.55,6.86,69.0,10759.0,316.0,0.89,84.61,133.2,2044.61,465.08,1420.0,3.56,20.0,3.7,644.0,816.53,697.49,2006
2006-11-04,NASDAQ,2045.33,2016.62,2060.23,1998.08,360958263.0,2.8,0.74,5.88,9.36,53.0,2326.0,1124.0,1.49,113.14,64.04,1171.9,388.05,4120.0,5.93,24.0,53.18,12134.0,642.9,552.23,2006
2006-11-05,Dow Jones,2676.4,2693.28,2695.03,2640.9500000000003,96201198.0,-3.57,1.51,4.9,4.34,58.0,25322.0,2913.0,1.07,115.825,56.12,1754.81,265.88,9225.0,8.55,27.0,87.48,10003.0,1102.13,932.74,2006
2006-11-06,NASDAQ,3397.2,3401.49,3403.35,3385.9,623944358.0,1.36,4.23,4.74,4.34,74.0,25322.0,4994.0,1.38,118.51,76.05,2025.84,286.75,2775.0,6.83,16.0,45.19,10997.0,827.47,702.61,2006
2006-11-07,NASDAQ,3054.83,3088.12,3089.44,3022.01,718575878.0,8.73,4.23,9.26,9.14,96.0,18254.0,905.0,0.92,88.78,117.18,2321.97,278.55,2761.0,0.65,24.0,37.69,10982.0,1341.77,1113.82,2006
2006-11-08,Dow Jones,2152.74,2115.25,2189.7,2107.04,276814087.0,5.86,2.82,14.35,5.195,98.0,12239.0,905.0,0.9,130.7,21.21,1802.88,418.75,9663.0,4.46,1.0,17.93,744.0,87.25,83.58,2006
2006-11-09,NASDAQ,1025.86,988.84,1041.76,986.04,963822185.0,7.23,6.26,9.91,8.39,76.0,5822.0,2916.0,1.25,135.14,59.086666666666666,1768.52,170.2,5656.0,0.68,5.0,38.8,5423.0,601.21,508.02,2006
2006-11-10,Dow Jones,2984.96,2990.64,3030.46,2978.91,978906610.0,2.76,4.11,5.94,4.36,77.0,22012.0,2909.0,1.44,121.16499999999999,134.84,2351.8,123.47,7739.0,0.68,24.0,33.16,5747.0,2204.54,1881.65,2006
2006-11-11,NASDAQ,3461.6949999999997,2187.14,2208.73,2096.0,551857874.0,8.08,2.34,10.3,2.01,111.0,6311.0,1371.0,0.88,92.27,23.1,1301.34,123.47,374.0,2.19,18.0,99.49,958.0,1613.53,1364.83,2006
2006-11-12,Dow Jones,3938.43,3929.93,3961.08,3902.34,525834881.0,6.45,5.14,10.12,3.67,65.0,2191.0,533.0,1.21,123.65,66.25999999999999,1146.29,123.47,3236.0,0.01,5.0,3.14,12972.0,1613.53,769.36,2006
2006-11-13,Dow Jones,1095.79,1078.48,3673.355,1038.66,862858734.0,4.13,7.97,9.76,7.79,95.0,7174.0,528.0,0.86,126.345,109.42,2283.75,325.57,168.0,8.13,0.0,23.96,6933.0,1139.28,937.0,2006
2006-11-14,NASDAQ,3339.31,3349.98,3385.63,3322.68,53129984.0,0.48,8.32,4.07,2.71,95.0,27226.0,1287.0,1.37,129.04,73.995,926.69,491.28,2874.0,9.69,24.0,50.34,10334.0,1550.34,1282.08,2006
2006-11-15,S&P 500,4765.9,4808.94,4822.62,4736.27,339275625.0,-2.28,8.47,10.25,5.04,89.0,11336.0,4357.0,1.44,88.64,38.57,1122.46,368.58,4504.0,9.64,33.0,85.76,11609.0,1172.05,1004.45,2006
2006-11-16,NASDAQ,1697.64,1731.33,1737.41,1672.89,729689141.0,5.3,3.39,7.59,5.87,83.0,3890.0,2654.0,1.24,107.81,101.81,1499.13,483.69,2294.0,2.99,20.0,41.79,7776.0,635.04,526.25,2006
2006-11-18,S&P 500,1365.69,1317.95,1382.04,1280.57,592859305.0,2.01,3.39,9.02,9.39,50.0,10973.0,2095.0,0.84,124.41,144.23,2000.36,130.37,2294.0,6.79,43.0,69.25,9884.0,261.99,223.1,2006
2006-11-19,NASDAQ,3502.73,3464.02,3524.85,3427.49,723378155.0,5.86,7.38,14.86,6.78,115.0,10362.0,2257.0,0.85,90.3,138.95499999999998,1805.7649999999999,455.72,3507.0,8.0,48.0,92.81,13774.0,2272.34,1921.57,2006
2006-11-20,NASDAQ,3202.13,3213.08,3245.43,3199.81,736238807.0,2.43,9.48,14.86,7.97,66.0,536.0,1842.0,0.93,130.72,133.68,1611.17,179.57,6956.0,8.46,24.0,2.47,14521.0,1184.9,984.56,2006
2006-11-21,NASDAQ,6573.65,2661.52,2686.23,2601.98,565083039.0,1.48,0.14,14.55,6.03,96.0,12108.0,1442.0,0.99,104.75,92.29,2174.54,445.92,5858.0,9.8,22.0,50.34,5028.0,1361.48,1161.15,2006
2006-11-22,S&P 500,3085.51,3064.03,3116.52,3040.68,985305565.0,1.15,4.4,3.25,8.42,73.0,18511.0,1255.0,1.33,114.27,50.9,1961.68,399.63,9466.0,1.52,35.0,70.23,7068.0,1671.43,1419.78,2006
2006-11-23,Dow Jones,2652.0666666666666,4560.22,4613.51,4513.83,66241413.0,2.57,6.48,11.52,3.0,99.0,2839.0,3304.0,1.1,109.05,100.2,1873.8,435.45,1284.0,7.7,35.0,58.56,11042.0,1806.23,1518.16,2006
2006-11-24,NASDAQ,1785.18,1813.88,1850.87,1772.31,138321509.0,0.5,7.02,3.49,3.0,78.0,2839.0,493.0,0.85,130.8,78.05,1206.91,201.43,329.0,7.34,24.0,69.5,12582.0,158.62,151.63,2006
2006-11-25,NASDAQ,1090.26,1045.9,1125.56,1032.41,420562592.0,6.23,1.76,5.56,9.3,62.0,14925.0,3742.0,1.4,95.25,55.9,1469.18,422.96,7198.0,7.34,38.0,57.59,10344.0,896.45,738.95,2006
2006-11-26,NASDAQ,2199.365,4433.6,4473.37,4413.03,920486571.0,6.23,9.72,9.42,7.09,113.0,1871.0,4917.0,1.5,107.19,56.0,1107.23,344.14,5829.0,7.34,44.0,58.14,505.0,1969.61,1666.38,2006
2006-11-27,NASDAQ,3308.47,3309.05,3343.0,3296.3,761261238.0,8.24,6.15,9.71,6.88,77.0,1871.0,2140.0,1.12,132.12,110.86,1665.17,132.75,4084.0,1.77,16.0,93.26,3044.0,630.65,531.06,2006
2006-11-29,Dow Jones,3387.78,3410.64,3432.25,3344.91,638277257.0,8.24,0.21,10.0,4.08,58.0,752.0,2964.0,0.85,94.12,126.67,1977.145,450.72,9137.0,8.79,21.0,3.9,14356.0,1626.21,1364.99,2006
2006-11-30,Dow Jones,4240.64,4226.12,4261.28,4198.21,56532600.0,0.12,7.83,9.72,4.08,63.0,3364.0,3561.0,1.07,104.55,115.75,2289.12,328.8,3888.0,6.14,16.0,41.43,13543.0,1921.74,1364.99,2006
2006-12-01,NASDAQ,2718.69,2729.96,2768.17,2675.62,487813508.0,-0.36,7.83,13.86,1.65,59.0,18500.0,4356.0,1.06,110.83,129.35,905.11,281.05,8718.0,5.12,28.0,51.11,6137.0,2201.52,1869.08,2006
2006-12-02,S&P 500,3999.44,4007.98,4037.11,3957.88,143336334.0,5.9,1.41,7.88,4.82,82.0,18500.0,1429.0,1.48,117.11,50.0,1460.13,260.22,6035.0,2.33,24.0,35.85,4795.0,516.59,1869.08,2006
2006-12-03,Dow Jones,4652.17,4656.93,4660.48,4638.07,590020411.0,-0.43,5.75,4.93,4.83,89.0,19115.0,1746.0,1.26,99.67,130.13,1804.65,341.09,9719.0,7.9,47.0,5.05,11034.0,897.35,745.49,2006
2006-12-05,Dow Jones,1723.14,1699.08,3386.545,1694.92,212503095.0,0.6,6.87,7.2,6.53,66.0,17644.0,2485.0,0.89,109.73,37.25,836.9,326.37,2054.0,4.63,25.0,97.57,8401.0,683.02,583.17,2006
2006-12-06,NASDAQ,2075.19,2033.65,2112.61,1987.89,747210083.0,0.6,3.94,11.27,9.59,85.0,20170.0,2937.0,1.09,144.88,137.18,1121.83,151.86,1156.0,8.61,30.0,7.31,7845.0,728.07,616.74,2006
2006-12-07,Dow Jones,1794.58,1756.51,1832.52,1736.3,586770808.0,-0.1,7.74,2.55,5.195,119.0,6801.0,4532.0,0.93,144.64,111.65,2237.77,222.47,2740.0,6.18,33.0,81.69,6855.0,1669.53,1378.05,2006
2006-12-08,NASDAQ,1987.43,1959.89,2035.09,1940.21,310003006.0,4.44,9.74,3.68,8.9,110.0,23950.0,3405.0,1.4,106.05,41.88,1676.17,367.3,3014.0,6.35,26.0,19.65,13864.0,2219.22,1859.0,2006
2006-12-09,Dow Jones,2225.66,2225.68,2228.39,2210.52,354924349.0,4.9,2.71,3.38,5.78,98.0,23718.0,3420.0,0.91,111.44,52.05,1503.05,358.73,3631.0,0.71,16.0,57.72,7082.0,1712.54,1431.49,2006
2006-12-10,Unknown,3220.54,3254.58,3284.42,3197.51,400904199.0,6.01,7.03,9.61,6.46,118.0,892.0,3976.0,1.11,96.99,54.95,2330.3,307.56,613.0,2.87,22.0,38.76,4423.0,1869.68,1571.68,2006
2006-12-11,NASDAQ,3351.97,3372.1,3393.49,3339.38,326830914.0,8.46,9.28,5.16,1.16,73.0,892.0,3626.0,0.84,84.78,145.23,927.42,196.19,4527.0,6.74,33.0,34.97,4939.0,237.76,184.61,2006
2006-12-12,NASDAQ,2706.0,2734.9,2751.43,2687.26,46558541.0,1.49,6.86,4.16,1.77,100.0,12234.0,4258.0,1.24,128.57,135.2,2367.93,208.23,9731.0,0.5,24.0,87.05,846.0,1878.11,1582.38,2006
2006-12-13,NASDAQ,3461.68,3446.78,3466.2,3406.78,487813508.0,-2.5,6.81,9.71,6.01,91.0,25506.0,2404.0,1.14,136.0,65.02,847.23,293.7,9731.0,3.31,20.0,97.35,3719.0,1511.61,1273.13,2006
2006-12-14,S&P 500,1326.3,2393.65,1354.43,1275.06,480563809.0,-0.22,2.24,9.71,5.195,68.0,28806.0,1371.0,1.15,141.61,80.66,1756.54,257.8,4026.0,3.54,19.0,38.73,6734.0,2052.15,1273.13,2006
2006-12-15,NASDAQ,1351.15,1340.52,1375.1,1325.31,970616878.0,1.48,5.35,6.32,8.09,111.0,1496.0,1387.0,0.87,145.47,57.09,1743.65,226.37,3011.0,4.99,31.0,64.08,9583.0,1866.98,1569.81,2006
2006-12-16,S&P 500,1687.32,1656.51,1692.55,1633.06,865438597.0,1.48,5.63,9.52,5.66,116.0,7648.0,460.0,1.16,144.12,116.54,1886.42,431.78,3368.0,3.62,24.0,55.69,6911.0,779.24,1569.81,2006
2006-12-17,S&P 500,3072.31,1760.79,3102.93,2984.74,921412996.0,-4.8,7.0,3.28,8.88,79.0,26167.0,2074.0,1.19,146.29500000000002,40.96,850.36,301.61,1377.0,4.54,3.0,7.78,10853.0,739.82,609.08,2006
2006-12-18,NASDAQ,2602.725,1865.07,1901.97,1853.35,487813508.0,-0.26,9.97,14.16,9.74,87.0,17984.0,3027.0,1.47,148.47,64.02,1701.88,301.23,966.0,5.47,8.0,4.21,11953.0,2286.53,1925.85,2006
2006-12-19,S&P 500,2133.14,2182.06,2220.42,2088.68,139926770.0,6.7,0.34,6.38,1.9,55.0,25177.0,3564.0,0.82,106.57,98.79,993.14,271.22,8029.0,1.28,10.0,77.36,8950.0,1795.54,1925.85,2006
2006-12-20,Dow Jones,2601.25,2567.93,2646.52,2556.97,652311080.0,5.06,0.65,14.97,4.25,71.0,11391.0,2326.0,1.45,142.03,134.05,1065.16,372.36,5814.0,1.8,48.0,39.51,9656.0,700.59,572.07,2006
2006-12-21,Unknown,4247.46,4202.13,4267.93,4168.2,634755239.0,5.98,0.78,14.72,6.82,60.0,25968.0,1950.0,1.2,110.85,102.62,1166.1,170.26,6638.0,1.8,29.0,30.83,12353.0,699.93,580.21,2006
2006-12-22,S&P 500,1055.45,1083.4,1131.05,1026.32,803303516.0,7.18,7.43,12.12,3.4,78.0,15420.0,2646.0,0.95,109.55,142.16,1842.4,477.44,5900.0,4.6,44.0,98.56,2452.0,2234.66,580.21,2006
2006-12-23,NASDAQ,3597.52,3572.78,3640.79,3545.13,961156386.0,6.75,1.36,2.26,3.04,57.0,15042.0,2824.0,1.27,80.78,141.01,1463.15,141.85,5900.0,3.55,25.0,50.34,467.0,2260.77,1883.98,2006
2006-12-24,NASDAQ,3675.51,3708.47,3723.3,3632.54,535296017.0,5.23,6.22,9.07,8.23,84.0,19144.0,2824.0,1.16,83.67,113.38,945.07,384.12,9998.0,4.34,31.0,26.98,7959.0,2260.77,1039.66,2006
2006-12-25,NASDAQ,4194.62,4215.01,4222.97,4189.54,175402279.0,1.59,3.25,3.13,9.81,94.0,14914.0,4005.0,0.96,126.99,56.23,1291.32,381.72,2256.0,1.75,27.0,85.69,3640.0,1057.11,873.53,2006
2006-12-26,S&P 500,4731.01,4775.58,4797.35,4713.66,771340143.0,9.75,4.57,3.13,7.85,82.0,26864.0,3875.0,1.24,145.63,108.8,930.26,381.72,9517.0,2.4,24.0,41.56,671.0,1275.38,1070.6,2006
2006-12-27,Dow Jones,1080.55,1071.44,1100.64,1044.53,130333085.0,3.54,2.16,12.27,5.47,54.0,19064.0,4487.0,1.13,95.71,45.06,1929.02,497.22,9725.0,5.16,24.0,58.47,7492.0,1652.71,1396.22,2006
2006-12-29,S&P 500,4544.69,4541.18,4573.86,4530.36,175030030.0,3.54,5.86,9.91,5.63,86.0,11788.0,917.0,1.28,94.97,87.82000000000001,1493.07,245.88,2149.0,4.75,46.0,92.04,9066.0,1642.92,1393.51,2006
2006-12-30,NASDAQ,2834.07,2847.13,3928.8549999999996,2793.92,620122575.0,5.4,9.45,8.79,4.9,66.0,13259.0,2246.0,1.13,94.86,130.58,2377.05,269.91,2913.0,1.5,40.0,13.78,5005.0,1368.44,1145.32,2006
2006-12-31,S&P 500,3258.36,3253.32,3283.85,3233.34,671568120.0,8.87,5.75,8.75,5.28,71.0,28760.0,280.0,1.07,100.52,109.315,2179.5133333333333,421.12,1234.0,1.56,24.0,21.42,14620.0,2156.89,1145.32,2006
2007-01-01,S&P 500,3652.11,3620.97,3657.35,3611.52,634603552.0,-2.32,1.24,7.02,2.43,81.0,18664.0,4569.0,0.84,86.63,88.05,1981.9766666666667,421.12,7853.0,3.84,47.0,15.76,13171.0,1364.08,1145.32,2007
2007-01-02,S&P 500,3716.27,3717.06,3759.97,3678.32,396303561.0,-3.76,1.71,8.09,9.09,63.0,28690.0,4819.0,1.15,96.49,70.2,1784.44,322.81,6319.0,3.79,7.0,49.8,1750.0,1534.69,1263.96,2007
2007-01-03,NASDAQ,4726.96,4729.82,4745.31,4722.42,487813508.0,8.22,9.89,10.26,9.09,69.0,29089.0,4819.0,0.97,144.49,82.31,1440.55,181.6,2076.0,8.83,2.0,81.7,3580.0,2041.91,1724.19,2007
2007-01-04,S&P 500,4987.8,5018.860000000001,5067.42,4962.06,947285540.0,8.73,7.26,14.13,6.97,71.0,23317.0,2392.0,0.84,142.32,86.62,1716.29,329.04,9548.0,0.33,2.0,26.77,13833.0,913.04,753.6,2007
2007-01-05,NASDAQ,3880.63,3904.18,3910.07,3877.44,756877873.0,-0.85,0.49,9.75,5.195,79.0,9971.0,1762.0,1.03,102.14,109.94,1058.17,329.04,3113.0,9.93,9.0,14.32,8591.0,315.35,287.52,2007
2007-01-06,S&P 500,2148.88,2165.26,2213.17,2131.06,344416642.0,0.66,7.04,13.14,3.2,103.0,4508.0,970.0,0.86,149.78,117.57,1947.08,113.66,5083.0,9.57,11.0,41.05,3721.0,1693.93,287.52,2007
2007-01-07,Dow Jones,11297.525,4480.35,4523.56,3290.6800000000003,936405219.0,4.9,4.12,13.22,1.27,82.0,7873.0,2974.0,1.21,100.88,146.75,2469.63,126.99,6594.0,5.42,14.0,98.17,13667.0,1479.99,1236.28,2007
2007-01-08,S&P 500,1196.88,1218.94,1230.49,1169.07,862181827.0,-0.05,3.07,8.74,8.35,54.0,15842.0,2599.0,1.15,130.53,76.89,1220.64,134.09,6020.0,7.19,46.0,1.2,8269.0,1913.28,1621.87,2007
2007-01-09,S&P 500,1924.32,1924.35,1926.68,1904.09,831486090.0,8.16,1.54,6.52,9.98,67.0,15927.0,3312.0,1.35,125.08,30.81,1349.44,440.91,2469.0,9.35,26.0,50.45,14669.0,205.3,163.06,2007
2007-01-10,Dow Jones,4589.54,4628.95,4664.21,4568.09,597519144.0,-3.39,8.4,10.31,6.0,112.0,3786.0,3312.0,0.99,84.52,109.46,1490.36,470.67,306.0,2.51,24.0,66.97,6486.0,2089.76,1751.9,2007
2007-01-11,NASDAQ,3307.1549999999997,2066.76,3386.74,2013.43,891321824.0,-4.43,0.64,7.8,1.06,95.0,11373.0,1996.0,1.06,103.96,116.08333333333333,1621.92,275.09,9405.0,3.16,24.0,80.69,4865.0,258.22,201.83,2007
2007-01-12,NASDAQ,1882.6,1838.12,1904.3,1815.33,311068507.0,-4.43,0.64,3.06,7.91,56.0,5017.0,1189.0,1.28,146.6,129.33,2022.48,449.92,4260.0,1.11,5.0,74.64,11828.0,1096.42,1747.93,2007
2007-01-13,S&P 500,1552.5,1584.56,1630.99,1504.84,487813508.0,-0.71,3.06,6.91,1.2,78.0,19512.0,582.0,1.5,83.56,39.05,1032.34,290.48,6659.0,5.64,11.0,7.54,4083.0,1460.59,1208.08,2007
2007-01-14,Dow Jones,4436.45,4390.22,4465.96,4347.7,58573240.0,-3.31,1.61,14.92,5.63,106.0,17422.0,408.0,1.43,92.24,103.84,1314.19,260.45,1122.0,1.59,17.0,46.24,13799.0,148.15,127.28,2007
2007-01-15,NASDAQ,3000.23,2986.95,3218.535,2979.69,916533566.0,-4.01,5.08,2.63,3.14,96.0,14494.0,692.0,1.16,147.97,98.635,1715.74,312.5,7865.0,9.31,24.0,7.97,12737.0,1865.19,1592.2,2007
2007-01-17,Dow Jones,3516.1949999999997,1921.08,1971.11,1874.4,363784776.0,-2.54,3.01,12.94,4.79,108.0,7105.0,1118.0,1.17,111.26,93.43,1712.27,189.51,9756.0,9.2,25.0,7.8,14726.0,1829.93,1551.05,2007
2007-01-18,NASDAQ,4032.16,4056.79,4074.5,4005.82,824866058.0,8.71,9.34,10.43,9.04,92.0,12218.0,4593.0,1.1,144.28,108.94,1540.33,220.69,8661.0,2.05,23.0,4.94,6816.0,1429.81,1198.79,2007
2007-01-19,NASDAQ,4040.02,3990.86,4085.32,3963.97,656079301.0,0.52,3.11,9.41,3.34,108.0,15841.0,4664.0,1.22,146.06,130.62,2009.51,220.69,4627.0,6.94,15.0,50.34,5726.0,1121.41,932.13,2007
2007-01-20,Dow Jones,2250.39,3458.195,2295.44,2178.21,669117370.0,5.06,3.6,11.2,4.18,55.0,2848.0,4812.0,1.07,148.55,50.56,1147.61,466.39,4488.0,6.48,35.0,93.89,1768.0,153.96,932.13,2007
2007-01-21,Dow Jones,2642.73,2925.53,2699.63,2627.0,340869488.0,-1.62,4.73,7.58,9.5,102.0,16645.0,4292.0,1.0,113.69,64.14666666666666,1280.64,149.2,6480.0,4.0,35.0,71.03,3792.0,1205.37,993.02,2007
2007-01-22,Dow Jones,1838.76,1860.2,1905.29,1814.66,995012762.0,-1.4,5.62,3.19,2.41,113.0,22291.0,3361.0,1.29,86.05,91.32,1555.62,381.97,6888.0,4.0,24.0,0.5,1457.0,529.0,474.48,2007
2007-01-23,Dow Jones,4906.24,4947.9,4954.27,4857.81,932047804.0,3.62,8.09,14.51,6.0,53.0,16620.0,4390.0,1.41,134.09,65.05,1982.36,103.85,1941.0,4.35,29.0,28.54,3043.0,2258.44,1910.62,2007
2007-01-24,S&P 500,3582.41,3602.96,3644.15,3548.8,8492427.0,3.41,1.9,7.62,4.19,50.0,24053.0,4390.0,1.0,129.63,93.88,940.0,198.47,5945.0,1.98,48.0,1.85,5644.0,2148.36,1789.07,2007
2007-01-25,Dow Jones,4738.18,4755.36,4775.85,4730.49,140923093.0,6.53,8.72,10.65,7.85,119.0,18844.0,182.0,1.29,120.57,83.33,996.64,127.45,8616.0,9.77,19.0,29.5,11148.0,413.9,358.04,2007
2007-01-26,NASDAQ,2213.54,2202.97,2263.08,2196.31,931259303.0,6.37,7.58,8.91,7.85,80.0,16862.0,350.0,1.1,142.18,72.78,2130.09,306.16,8136.0,4.41,41.0,68.58,10187.0,1549.74,1303.5,2007
2007-01-27,NASDAQ,4127.56,4077.690000000001,4151.17,4067.48,531516143.0,5.06,7.23,2.71,4.65,114.0,3591.0,1193.0,1.01,143.81,62.23,1243.62,237.35,6665.0,2.08,24.0,76.0,1919.0,1572.41,1322.32,2007
2007-01-28,S&P 500,4063.43,4025.45,4091.12,3909.665,635929636.0,1.74,0.87,14.39,7.14,118.0,3591.0,1193.0,1.23,127.83,149.0,2437.93,155.04,4625.0,3.64,18.0,80.43,4333.0,1351.74,1145.68,2007
2007-01-29,NASDAQ,3766.62,3770.08,3796.57,3751.85,567461844.0,8.36,0.22,12.3,4.37,68.0,7597.0,1508.0,1.46,87.85,131.07,2434.39,100.13,4549.0,6.14,10.0,91.01,10457.0,743.95,627.2,2007
2007-01-30,NASDAQ,4862.56,4880.07,4896.16,4861.49,643517024.0,4.34,5.94,3.94,1.06,118.0,20446.0,1581.0,1.05,86.69,128.9,1966.11,255.35,9970.0,5.12,13.0,36.64,8928.0,1396.2,1170.81,2007
2007-01-31,Dow Jones,2574.22,2565.96,3243.44,2518.75,96565264.0,9.85,8.63,14.76,7.2,118.0,5581.0,3311.0,1.33,108.6,86.76,2018.68,255.35,9811.0,6.35,24.0,86.27,1303.0,118.12,121.01,2007
2007-02-01,NASDAQ,3130.5299999999997,1545.94,1590.72,1514.38,327304439.0,7.29,5.84,11.58,5.28,98.0,5401.0,1198.0,1.02,100.49,80.69,1906.7,118.68,4488.0,6.62,15.0,72.79,4417.0,1294.12,1084.84,2007
2007-02-02,S&P 500,3686.84,3689.03,3729.16,3686.36,298719964.0,-4.34,5.84,8.14,0.61,80.0,2804.0,4295.0,1.36,89.31,63.17,1101.46,440.71,2942.0,1.23,2.0,53.82,1493.0,866.71,1084.84,2007
2007-02-03,Dow Jones,3917.24,3874.66,3924.22,3862.8,178394228.0,-0.19,0.91,9.95,6.32,109.0,11192.0,3828.0,1.33,122.78,45.65,1650.77,264.31,9572.0,3.15,21.0,95.47,4355.0,1639.79,1402.25,2007
2007-02-04,Dow Jones,3300.24,3269.44,3339.08,3257.69,487813508.0,-0.19,7.0,3.39,9.24,104.0,2985.0,3992.0,1.34,127.85,136.4,2148.13,409.91,5632.0,7.49,42.0,94.78,1327.0,2062.1,1717.01,2007
2007-02-05,S&P 500,1827.27,1861.27,1892.56,1806.17,252625673.0,5.82,7.22,9.29,5.195,87.0,24812.0,832.0,1.5,128.86,88.33,2116.95,268.82,4576.0,6.5,4.0,89.77,10896.0,1040.9,884.87,2007
2007-02-06,Dow Jones,3017.82,3040.31,3060.77,2971.8,228618577.0,3.26,1.73,2.96,6.11,82.0,27521.0,422.0,0.9,92.27,148.37,2327.91,268.82,5419.0,0.88,1.0,20.3,627.0,1820.23,1557.7,2007
2007-02-07,Dow Jones,2248.76,2288.24,2300.94,2204.8,732309230.0,6.79,0.28,9.08,7.42,55.0,13964.0,2157.0,1.07,101.41,96.93,2331.36,257.71,324.0,3.15,11.0,20.87,6845.0,2140.37,1823.81,2007
2007-02-08,S&P 500,2709.87,2671.63,2752.86,2648.79,155264819.0,-0.76,0.28,9.08,1.17,62.0,25059.0,3160.0,1.24,93.93,69.07,1244.53,454.45,9194.0,3.15,24.0,90.11,8227.0,1847.36,1574.89,2007
2007-02-09,Dow Jones,3580.87,3629.89,3664.9,3560.33,763330380.0,-2.24,5.83,13.37,0.71,69.0,1148.0,3800.0,1.21,122.09,55.63,2026.92,103.11,4866.0,8.62,1.0,39.85,7046.0,2081.87,1766.81,2007
2007-02-10,S&P 500,3980.86,3951.8,4008.25,3924.05,495138813.0,-4.19,7.06,11.43,4.91,86.0,10961.0,3484.0,1.35,119.7,139.39,2166.415,458.12,5513.0,6.71,36.0,79.76,4812.0,869.3,733.68,2007
2007-02-11,S&P 500,1928.9,1880.08,1959.38,1867.91,640770697.0,3.6,8.1,5.24,8.02,94.0,24774.0,1361.0,0.83,115.23,111.64999999999999,2305.91,362.69,8898.0,0.73,24.0,68.73,14387.0,1782.25,1507.96,2007
2007-02-12,NASDAQ,2621.3,2671.04,2675.59,2618.69,225288863.0,5.33,6.11,13.55,2.03,108.0,14512.0,905.0,1.29,100.72,83.91,1111.91,498.25,8733.0,6.07,23.0,76.26,14387.0,1737.61,1483.44,2007
2007-02-13,NASDAQ,3906.4625,2054.76,2100.35,2007.8,487813508.0,-0.11,1.11,9.45,2.03,101.0,20699.0,1633.0,1.32,96.59,56.17,2057.65,466.45,2755.0,0.12,4.0,2.72,14387.0,428.97,378.03,2007
2007-02-14,Unknown,1794.53,1811.33,1821.02,1785.2,487813508.0,4.2,6.83,9.88,6.74,67.0,6779.0,2141.0,0.84,142.33,48.08,1519.66,447.58,5501.0,6.61,25.0,43.05,314.0,1838.32,1572.82,2007
2007-02-15,Dow Jones,4133.55,3228.1800000000003,4143.97,4091.3,487813508.0,-4.22,9.84,4.2,3.66,74.0,10243.0,4325.0,1.18,83.42,39.989999999999995,1470.63,447.58,3077.0,7.31,27.0,50.34,14861.0,476.24,403.02,2007
2007-02-16,S&P 500,4637.01,4645.030000000001,4678.1,4613.39,930826970.0,-3.51,9.06,13.15,5.4,50.0,29797.0,3924.0,0.97,125.95,31.9,860.84,212.1,900.0,4.97,34.0,49.04,2041.0,2159.11,1843.8,2007
2007-02-17,Dow Jones,2480.93,2521.33,2566.89,2456.35,528547574.0,5.53,8.72,14.1,9.67,90.0,29947.0,3556.0,1.36,81.37,79.49,1404.8249999999998,249.9,2612.0,0.04,18.0,69.04,4885.0,2087.92,1771.88,2007
2007-02-18,S&P 500,3534.455,3987.14,4025.31,3986.22,503095170.0,0.52,3.02,12.07,2.56,67.0,26378.0,3764.0,0.83,93.57,75.285,1948.81,379.93,1092.0,6.67,24.0,75.62,5752.0,611.02,1771.88,2007
2007-02-19,S&P 500,4587.98,4605.01,4615.4,4580.58,657652576.0,5.07,7.51,14.23,5.25,67.0,3132.0,3196.0,0.9,100.26,71.08,1804.19,359.46,6356.0,8.2,18.0,12.16,4933.0,327.25,256.62,2007
2007-02-20,Dow Jones,4384.5,4353.29,4416.94,4334.38,487813508.0,2.76,8.51,5.93,6.43,88.0,24787.0,4759.0,0.87,142.05,61.95,2105.855,168.68,7584.0,5.86,42.0,15.66,7313.0,2256.33,1897.78,2007
2007-02-22,NASDAQ,4825.17,4808.82,4862.59,4797.4,487813508.0,-2.42,2.51,8.36,6.43,87.0,1768.0,248.0,1.22,145.65,83.41,2407.52,162.25,2125.0,0.9,18.0,5.55,13160.0,150.95,1897.78,2007
2007-02-25,Dow Jones,3124.325,1217.61,1287.32,1173.18,998071867.0,6.61,1.3,10.89,1.2,87.0,7520.0,714.0,0.95,108.82,67.0,1967.075,448.27,3356.0,3.31,16.0,57.48,1538.0,1064.07,893.17,2007
2007-02-26,S&P 500,2944.69,2984.88,2991.88,2928.39,487813508.0,6.77,1.1,5.73,8.14,90.0,4127.0,1924.0,1.04,143.37,88.655,2462.99,352.53,2282.0,3.31,11.0,50.34,8196.0,1542.67,1308.96,2007
2007-02-27,Dow Jones,1436.05,1425.77,1453.46,1419.09,802898681.0,6.77,6.48,2.36,9.97,56.0,18050.0,339.0,1.05,116.96,110.31,1877.57,481.94,4252.0,6.46,34.0,31.01,9746.0,401.83,336.88,2007
2007-03-01,S&P 500,2267.77,2262.61,2293.33,2225.27,149843801.0,3.85,0.94,7.2,4.61,65.0,2050.0,3113.0,1.09,120.99,106.97,1436.55,303.53,5102.0,1.83,7.0,50.34,2075.0,817.11,690.52,2007
2007-03-02,Dow Jones,4235.31,4217.36,4281.76,4211.870000000001,764026314.0,6.12,7.4,4.18,0.74,51.0,19024.0,3853.0,1.065,96.26,35.74,1293.94,120.59,6148.0,2.96,39.0,11.2,3189.0,404.44,690.52,2007
2007-03-03,Dow Jones,4501.95,4526.39,4570.1,4480.72,292136127.0,-0.21,7.99,4.52,1.77,92.0,6002.0,258.0,1.04,99.1,85.92,1369.12,111.33,793.0,9.91,24.0,99.07,6655.0,948.0,802.45,2007
2007-03-04,Dow Jones,2209.87,2256.99,4506.765,2208.98,138784997.0,-3.43,7.99,7.09,3.57,80.0,22892.0,4758.0,1.26,144.35,116.52,1899.11,442.26,9975.0,4.33,24.0,17.71,4338.0,473.1,409.02,2007
2007-03-05,NASDAQ,4434.79,4428.59,4443.43,4426.91,258706010.0,5.75,2.02,14.5,4.24,96.0,6922.0,4671.0,1.18,135.57,129.42,828.23,299.94,8040.0,0.59,44.0,18.93,4338.0,1954.85,1642.71,2007
2007-03-06,Unknown,4428.92,4465.02,4482.9,4404.77,457260853.0,-0.5,6.9,11.94,9.43,82.0,6346.0,647.0,0.83,115.95,43.57,2444.97,246.72,7281.0,8.99,21.0,84.21,12804.0,1082.87,904.97,2007
2007-03-07,Dow Jones,4058.6,4065.19,4079.73,4043.69,534347974.0,-2.5,0.11,6.16,4.26,66.0,20404.0,3000.0,1.44,117.28,49.06,2106.5,213.78,3046.0,1.73,24.0,80.24,1663.0,2125.69,1777.6,2007
2007-03-09,S&P 500,3761.29,3780.35,3825.49,3731.18,215335689.0,-0.28,3.99,10.39,2.83,103.0,7625.0,854.0,1.12,119.94,83.1,2019.82,129.13,9757.0,2.78,14.0,7.27,11476.0,786.76,687.72,2007
2007-03-10,NASDAQ,4780.1,4781.44,4829.55,4757.4,487813508.0,3.89,8.35,7.92,0.5,100.0,12346.0,834.0,1.045,109.05,78.81,1617.76,221.2,8318.0,9.64,22.0,9.5,10967.0,1763.45,1469.01,2007
2007-03-11,S&P 500,3730.16,3745.22,3777.9,3709.76,240965774.0,0.38,3.9,8.09,9.04,101.0,9312.0,3891.0,0.97,116.08,86.40333333333334,1122.54,357.92,871.0,3.78,24.0,44.93,11179.0,1496.61,1469.01,2007
2007-03-12,NASDAQ,2326.47,2365.44,2407.35,2301.61,247413981.0,-4.69,0.11,7.34,1.28,56.0,5907.0,2928.0,0.82,96.29,93.99666666666667,1677.75,357.92,5603.0,7.09,24.0,59.22,3547.0,1151.92,944.08,2007
2007-03-13,Dow Jones,3002.32,2994.23,3028.58,2994.34,487813508.0,-3.55,3.52,5.03,9.66,103.0,5907.0,4417.0,1.14,94.14,101.59,2009.88,479.13,8230.0,5.98,24.0,3.9,5707.0,1684.45,1417.39,2007
2007-03-14,NASDAQ,3582.9,3623.02,3633.44,3538.26,825601607.0,-0.64,4.99,7.03,1.74,60.0,5267.0,2435.0,0.96,121.005,125.04,2252.11,367.27,6563.0,0.43,31.0,15.92,10078.0,253.15,216.51,2007
2007-03-15,NASDAQ,3042.28,3067.35,3093.58,2992.36,487813508.0,4.9,9.49,7.03,6.25,111.0,29972.0,2024.0,1.21,147.87,128.82,1351.02,445.59,4414.0,3.84,10.0,70.36,9940.0,1710.55,216.51,2007
2007-03-16,Dow Jones,1479.81,2273.01,1507.56,1469.6,13664146.0,-3.52,9.41,8.86,9.99,79.0,8862.0,623.0,1.37,109.46,23.95,1667.82,145.66,3903.0,3.9,43.0,66.89,1217.0,1514.39,1304.36,2007
2007-03-17,S&P 500,2248.26,3287.6500000000005,2295.7000000000003,2242.24,420035394.0,3.41,1.81,11.9,1.82,106.0,22528.0,1610.0,1.16,116.07,112.97,1853.97,280.21,1977.0,9.9,24.0,9.06,1217.0,1620.08,1375.6,2007
2007-03-18,NASDAQ,4209.58,4192.14,4220.57,4184.96,651610742.0,-3.2,1.85,6.66,4.53,95.0,19303.0,2846.0,1.25,137.9,31.86,1737.87,116.58,1293.0,9.9,34.0,50.34,1217.0,935.8,786.88,2007
2007-03-20,Dow Jones,1549.2,1565.94,1584.14,1516.13,647776355.0,-3.2,1.85,9.52,5.195,95.0,10108.0,717.0,1.37,86.97,82.69,1621.77,158.75,1715.0,3.14,24.0,88.73,8093.0,321.94,282.28,2007
2007-03-21,S&P 500,4809.55,4763.93,1960.815,1888.2450000000001,647157317.0,-3.99,0.06,14.5,7.05,104.0,22961.0,960.0,1.28,106.22,120.8,2175.35,422.17,2566.0,3.29,34.0,92.31,7729.0,616.66,510.84,2007
2007-03-22,NASDAQ,2315.29,2297.95,2337.49,2260.36,560913513.0,2.76,1.27,7.01,1.26,107.0,22961.0,4588.0,1.48,97.51,100.84,2163.92,469.52,3287.0,5.16,49.0,50.34,11512.0,2223.67,1869.81,2007
2007-03-24,NASDAQ,4007.3,3962.93,4044.84,3932.29,429951663.0,7.47,2.48,12.67,2.02,53.0,16291.0,3000.0,0.84,132.41,78.545,2419.01,469.52,2098.0,7.28,22.0,27.89,5876.0,2147.82,1820.91,2007
2007-03-25,Dow Jones,4247.78,4200.17,4261.06,4342.325,310721233.0,-3.52,0.92,10.29,9.12,111.0,1438.0,2921.0,1.115,83.34,56.25,2236.235,340.05,5506.0,8.21,39.0,50.34,177.0,283.6,210.09,2007
2007-03-26,S&P 500,4783.0,4778.0,4811.59,4752.36,177779493.0,-2.83,3.6,10.51,2.21,92.0,21814.0,3965.0,1.39,143.0,82.77,2053.46,396.13,7874.0,8.73,12.0,19.74,8938.0,716.63,607.28,2007
2007-03-27,S&P 500,2251.68,2234.95,2296.4,2211.17,801667346.0,-0.4,2.74,10.51,0.88,91.0,23236.0,3414.0,0.89,144.96,69.54666666666667,1676.52,358.24,2608.0,0.25,24.0,62.25,1202.0,1751.12,1501.5,2007
2007-03-28,Unknown,4434.03,4427.86,4457.79,4395.61,487813508.0,6.49,5.11,14.35,6.08,73.0,23827.0,134.0,1.32,103.33,43.1,1804.15,100.46,1102.0,7.96,28.0,56.76,13227.0,1263.13,1053.78,2007
2007-03-29,S&P 500,1526.75,1503.02,1574.01,1475.15,487813508.0,-0.41,9.79,3.39,3.79,54.0,14172.0,2200.0,1.17,124.94,137.51,1179.5,414.37,248.0,6.11,41.0,24.96,7199.0,895.35,735.98,2007
2007-03-31,NASDAQ,3967.91,3986.82,3990.53,3937.27,900326412.0,-0.48,3.73,6.29,1.63,94.0,24495.0,4345.0,1.31,131.07,31.37,1694.24,279.87,5954.0,6.28,24.0,84.65,12051.0,1059.27,882.8,2007
2007-04-01,S&P 500,3710.89,3712.35,3756.92,3674.93,395421030.0,-3.8,9.32,7.59,7.61,108.0,24948.0,536.0,1.26,128.55,40.09,1144.7,212.94,1840.0,8.82,32.0,2.15,3392.0,151.45,149.64,2007
2007-04-02,S&P 500,2009.26,1979.28,2051.64,1947.14,487813508.0,9.09,8.77,9.93,6.21,114.0,3677.0,4645.0,1.35,119.18,86.73,2416.95,471.16,4357.0,5.45,24.0,42.28,1250.0,428.41,356.26,2007
2007-04-03,S&P 500,4492.17,4474.13,4541.8,1794.24,512743883.0,9.09,3.94,13.82,3.96,112.0,27847.0,2672.0,1.44,146.77,94.2,1697.0649999999998,300.84,6176.0,1.62,1.0,35.96,14476.0,428.41,1749.21,2007
2007-04-04,NASDAQ,1675.43,1684.61,1718.58,1641.34,281021217.0,6.82,6.99,7.95,2.13,116.0,16184.0,4462.0,1.07,115.87,101.67,977.18,308.86,3123.0,4.37,32.0,88.29,10230.0,964.83,831.68,2007
2007-04-05,Unknown,1214.54,1171.76,1261.37,1149.29,704127610.0,4.88,0.88,14.84,6.14,98.0,22235.0,4079.0,0.9550000000000001,104.34333333333333,47.93,1593.92,130.46,5677.0,9.24,24.0,26.52,14113.0,611.31,499.72,2007
2007-04-06,S&P 500,2058.2200000000003,3834.61,3911.21,3822.53,479606411.0,2.71,7.13,9.71,7.9,81.0,5600.0,4079.0,0.84,92.81666666666668,58.58,1966.33,458.94,8671.0,8.14,26.0,99.85,5099.0,1254.52,1049.63,2007
2007-04-07,S&P 500,2901.9,2859.22,2944.12,2859.15,329935851.0,-3.65,9.73,4.09,3.47,99.0,4296.0,4460.0,0.94,81.29,146.88,1131.76,458.94,8671.0,2.03,47.0,20.09,8705.0,1051.61,890.01,2007
2007-04-08,Dow Jones,4396.39,4427.62,4456.08,4368.39,297063703.0,4.64,5.37,4.47,0.75,107.0,19768.0,591.0,1.04,109.95,26.87,1110.92,265.58,7705.0,7.14,24.0,24.46,11982.0,1118.91,944.55,2007
2007-04-09,S&P 500,2533.59,3063.0299999999997,2577.95,2504.06,705357507.0,-2.67,4.98,11.31,2.54,101.0,10423.0,621.0,1.14,99.13,53.980000000000004,1244.5,494.12,7705.0,2.56,4.0,66.64,8967.0,1382.4,1167.59,2007
2007-04-10,Dow Jones,1673.11,1698.4399999999998,1745.17,1624.51,492674531.0,1.22,1.87,2.66,6.98,72.0,10423.0,2014.0,1.39,142.67,81.09,1314.62,145.56,800.0,3.49,42.0,16.19,11541.0,958.36,833.04,2007
2007-04-11,Dow Jones,4345.77,4367.4,4389.01,4327.7,697041969.0,4.44,6.34,8.24,9.9,79.0,14128.0,3025.0,1.25,140.7,108.2,1218.54,145.56,9441.0,4.69,39.0,88.89,10421.0,840.77,710.91,2007
2007-04-12,S&P 500,3195.64,3212.58,3239.52,3175.93,487813508.0,6.73,5.9,3.93,0.63,119.0,6907.0,1468.0,1.12,138.65,142.62,1600.19,145.56,6995.0,4.41,3.0,11.08,10421.0,437.83,371.56,2007
2007-04-13,Dow Jones,1756.78,1754.48,1779.09,1744.39,905491917.0,5.28,6.52,7.63,3.41,79.0,18636.0,3390.0,0.91,140.71,39.82,831.05,267.92,7973.0,0.29,13.0,98.33,7784.0,889.0,766.91,2007
2007-04-14,S&P 500,3881.54,3895.77,3924.01,3878.01,495141008.0,5.07,0.26,11.75,1.09,86.0,24554.0,2241.0,1.46,125.27000000000001,43.725,948.78,267.28,5419.0,7.74,16.0,87.48,10001.0,847.95,712.88,2007
2007-04-15,NASDAQ,3044.45,2998.29,3067.98,2959.65,177076080.0,-2.76,0.26,7.96,3.51,97.0,7930.0,3329.0,1.03,109.83,47.63,1224.88,472.89,5444.0,8.46,40.0,50.34,8624.0,1656.51,1384.6,2007
2007-04-16,NASDAQ,8543.125,3429.4,3431.8,3404.77,985029250.0,0.19,5.95,4.12,4.36,97.0,27032.0,3329.0,0.87,101.82,91.01,1500.98,104.14,680.0,5.31,26.0,40.78,2443.0,405.7,335.46,2007
2007-04-17,NASDAQ,2843.59,2871.38,2915.48,2813.14,560624421.0,-4.36,2.08,5.28,9.25,119.0,12179.0,2948.0,1.19,86.03,83.54,1412.54,246.88,9837.0,1.73,24.0,50.34,8732.0,2266.19,1934.81,2007
2007-04-18,NASDAQ,4314.84,4314.88,4337.1,4280.45,411180566.0,5.79,2.08,6.78,1.27,84.0,18575.0,3677.0,1.1133333333333333,144.68,69.15,817.76,440.97,5998.0,2.48,33.0,45.69,7022.0,2156.38,1839.9,2007
2007-04-19,Dow Jones,4318.25,4304.0,4347.7,4280.44,288650124.0,9.29,2.76,2.9,7.88,117.0,29241.0,2671.0,1.0366666666666666,123.11,54.76,1306.97,464.2,1369.0,1.26,9.0,98.74,13099.0,556.59,1839.9,2007
2007-04-20,Unknown,3837.56,3815.3,3844.52,3771.48,966119880.0,-1.04,7.12,9.6,4.26,81.0,9949.0,332.0,0.96,89.28,121.48,2196.02,224.53,8703.0,1.7,24.0,3.58,12882.0,650.3,547.79,2007
2007-04-21,S&P 500,1421.61,1435.89,1436.06,1399.42,505715540.0,-3.68,6.06,9.9,8.21,108.0,25507.0,1722.0,1.07,94.42,116.54,1378.62,196.78,5743.0,8.76,24.0,38.23,14345.0,552.77,471.0,2007
2007-04-22,S&P 500,4355.42,4374.7,4386.96,4341.17,839891368.0,2.13,8.46,2.81,5.38,84.0,22057.0,2752.0,1.48,111.55,144.02,2438.28,284.51,6864.0,4.8,21.0,96.84,8820.0,1744.94,1468.56,2007
2007-04-23,NASDAQ,3684.05,3721.15,3756.38,3639.25,610109575.0,7.85,2.96,7.23,5.195,65.0,29341.0,2752.0,1.46,83.63,85.91,1462.93,398.34,7357.0,1.11,27.0,37.0,5806.0,986.01,856.17,2007
2007-04-24,NASDAQ,3788.1,3772.33,3793.06,3729.25,260269328.0,3.28,2.96,7.38,9.49,101.0,27159.0,3639.0,1.41,106.435,91.25,1589.02,161.62,5184.0,2.55,47.0,39.9,7388.0,1105.19,920.4,2007
2007-04-25,S&P 500,2451.93,2478.91,2524.35,2443.73,496615759.0,-4.3,7.44,6.34,1.29,115.0,4405.0,621.0,1.35,129.24,137.44,2163.25,413.79,1585.0,9.5,19.0,63.17,1917.0,869.83,920.4,2007
2007-04-26,NASDAQ,4517.12,4523.26,4534.01,4515.82,205437647.0,9.61,3.95,9.25,1.29,55.0,6546.0,4832.0,1.165,144.43,139.53,2471.14,305.07,9607.0,5.09,48.0,90.74,11914.0,725.12,623.59,2007
2007-04-29,S&P 500,2852.955,2632.8700000000003,2633.57,2582.5,890422514.0,8.83,3.95,12.37,5.76,75.0,10990.0,3299.0,0.98,101.85,85.67,1689.2,351.28,2291.0,1.12,33.0,28.33,2645.0,725.12,623.59,2007
2007-05-01,S&P 500,1188.79,1213.72,1257.47,1170.13,639835791.0,2.76,3.3,10.05,9.87,53.0,23698.0,2844.0,1.09,135.06,132.33,2431.08,401.91,7344.0,0.84,15.0,27.66,4539.0,1508.73,1279.0,2007
2007-05-02,S&P 500,4845.67,4892.14,2491.7650000000003,4801.23,99447416.0,1.92,1.9,8.57,7.38,106.0,7184.0,4046.0,1.1,121.1,121.05,1503.67,401.91,7344.0,7.0,24.0,7.39,14168.0,616.55,515.93,2007
2007-05-03,S&P 500,3716.65,3674.01,3726.06,3651.35,947310509.0,7.52,8.07,5.97,3.14,102.0,2604.0,4038.0,0.85,138.42,73.62,954.38,379.0,6333.0,0.58,13.0,81.25,4311.0,2286.25,1934.93,2007
2007-05-04,NASDAQ,3525.5,3480.84,3539.76,3465.08,483347315.0,4.89,2.76,11.46,7.15,74.0,2604.0,158.0,1.02,112.12,26.19,1906.59,454.92,8168.0,4.44,0.0,45.06,11322.0,347.38,296.71,2007
2007-05-05,S&P 500,2082.24,2739.5,2149.8,2708.885,842054381.0,-4.11,3.3,9.17,7.2,96.0,9876.0,3353.0,1.44,87.85,93.53,835.89,312.12,3145.0,9.0,24.0,39.14,11322.0,1688.74,1423.97,2007
2007-05-06,Unknown,1995.17,1998.16,2045.88,1952.69,487813508.0,9.36,4.14,9.17,7.15,101.0,936.0,4781.0,0.98,145.68,72.83500000000001,1523.21,294.41,3365.0,7.68,24.0,43.05,13329.0,1688.74,1195.05,2007
2007-05-07,NASDAQ,4768.23,2094.745,4792.09,4726.05,346441005.0,-2.78,4.34,10.68,8.62,83.0,15613.0,342.0,1.2,117.38,52.14,1496.4,419.12,5802.0,7.68,14.0,50.34,8395.0,667.57,557.82,2007
2007-05-08,NASDAQ,2193.09,2191.33,2229.67,2165.72,62295595.0,6.18,4.11,12.43,1.33,65.0,21209.0,327.0,1.14,128.67,119.76,1233.19,158.49,6017.0,5.51,24.0,50.34,8395.0,1879.72,1568.57,2007
2007-05-09,NASDAQ,4102.02,4061.39,4123.99,4021.92,831911141.0,4.54,5.04,14.64,1.53,85.0,13618.0,4713.0,1.4,107.46,73.82,2439.33,236.35,6351.0,1.65,42.0,23.8,9278.0,1653.8,1407.97,2007
2007-05-10,S&P 500,2572.49,2599.3,2614.19,2563.52,418259091.0,-2.19,8.15,10.18,1.53,77.0,13628.0,4713.0,1.26,103.245,63.64,1485.79,441.51,6850.0,9.56,24.0,48.4,5141.0,700.97,578.12,2007
2007-05-11,Dow Jones,1557.02,1581.74,1604.54,1528.36,341708844.0,-2.44,8.19,13.37,9.56,114.0,29791.0,226.0,0.91,99.03,42.47,2321.0,299.91,610.0,7.09,24.0,3.66,463.0,1279.33,1076.47,2007
2007-05-12,Dow Jones,1042.86,1024.03,1046.42,974.84,892400751.0,8.05,7.98,13.37,4.93,102.0,15192.0,4530.0,0.9,96.685,141.46,1675.69,436.17,2468.0,3.74,21.0,64.32,11023.0,1965.11,1673.52,2007
2007-05-14,Dow Jones,4903.12,4936.9,4949.07,4863.4,390826216.0,4.82,8.0,4.79,9.41,68.0,7508.0,1531.0,0.9450000000000001,94.34,56.29,1567.37,255.83,6529.0,2.39,37.0,72.77,1509.0,2251.24,1673.52,2007
2007-05-15,NASDAQ,2476.54,4113.5599999999995,2512.81,2409.26,326386081.0,2.56,1.2,3.22,9.08,93.0,14069.0,2268.0,0.99,119.27,63.09,2485.61,429.45,7058.0,7.87,38.0,46.98,5083.0,1598.7,1342.98,2007
2007-05-16,S&P 500,2779.3599999999997,2466.88,2470.3,2741.505,936505269.0,5.91,1.25,8.92,9.14,79.0,25697.0,4059.0,1.08,149.5,57.01,1888.05,165.4,7618.0,4.35,45.0,56.58,9464.0,1662.59,1406.85,2007
2007-05-18,S&P 500,3082.18,3091.48,3101.13,3073.75,264778652.0,-0.69,8.19,7.36,8.29,76.0,9326.0,4059.0,1.0550000000000002,86.01,69.17,810.93,223.95,2050.0,9.05,24.0,91.24,3545.0,165.95,135.52,2007
2007-05-19,Dow Jones,3800.92,2806.26,2850.4,2731.09,857142914.0,0.45,5.52,10.71,7.1,83.0,28088.0,2225.0,1.03,138.96,81.33,2379.13,489.08,4127.0,9.05,18.0,55.85,11388.0,1091.75,921.61,2007
2007-05-20,S&P 500,4519.66,4537.47,4577.94,4515.38,808979337.0,2.76,8.75,8.37,0.73,73.0,18877.0,1693.0,0.81,117.54,91.73,1967.56,431.09,3416.0,2.64,25.0,31.71,6219.0,1109.87,950.34,2007
2007-05-21,Unknown,3022.08,3013.52,3070.47,2966.18,49193363.0,2.76,9.89,7.68,1.76,105.0,3175.0,4179.0,1.36,126.22,40.34,980.69,282.23,8878.0,3.45,24.0,29.43,1064.0,735.64,617.13,2007
2007-05-22,S&P 500,3031.03,2275.705,3073.87,3016.44,468777729.0,-1.8,6.11,7.68,1.76,56.0,22745.0,1593.0,1.47,116.95,121.32,1083.42,396.9,8878.0,2.6,32.0,66.0,1913.0,2157.21,1798.35,2007
2007-05-23,S&P 500,1553.49,1537.89,1589.86,1526.57,866178778.0,9.02,6.13,6.97,0.72,117.0,2840.0,2130.0,1.0,107.68,60.5,1186.15,322.1,5555.0,5.85,45.0,58.47,11816.0,2235.2,1890.79,2007
2007-05-24,Dow Jones,4930.96,4908.69,4949.5,4902.23,285347551.0,6.95,7.54,6.55,1.61,100.0,26485.0,3352.0,0.88,141.89,61.67,2175.69,441.3,9964.0,6.01,11.0,18.87,14892.0,951.1,811.1,2007
2007-05-25,S&P 500,1999.89,2049.56,2058.78,1952.59,313957113.0,-4.17,2.32,10.4,9.24,57.0,4316.0,4460.0,1.47,109.78,62.84,1836.87,307.24,9298.0,0.55,28.0,41.05,14892.0,1035.71,860.01,2007
2007-05-27,S&P 500,3652.58,3667.05,3675.34,3615.5,487813508.0,5.42,2.32,3.2,3.46,107.0,2781.0,346.0,1.42,101.78,65.83,920.61,153.4,3433.0,1.99,28.0,29.84,1384.0,898.67,755.06,2007
2007-05-28,Dow Jones,3381.47,3367.0,3430.57,3342.03,834919749.0,-2.6,3.45,10.58,8.04,118.0,24347.0,4619.0,1.05,95.51,67.32666666666667,1592.4,370.59,4496.0,0.7,24.0,50.98,6761.0,1980.04,1649.37,2007
2007-05-29,Dow Jones,2660.58,2615.5,2665.39,2591.76,620916710.0,-1.44,1.35,9.1,8.04,118.0,6322.0,1182.0,1.14,128.08,68.82333333333332,2392.72,198.26,5168.0,1.25,40.0,25.56,6761.0,284.4,231.34,2007
2007-05-30,S&P 500,2688.77,2641.88,2718.23,2636.38,976244270.0,5.39,3.15,7.59,1.85,115.0,25612.0,1581.0,1.45,143.77,70.32,1759.88,176.49,2696.0,2.4,45.0,7.26,5491.0,438.11,391.23,2007
2007-05-31,S&P 500,4140.26,4145.68,4177.0,4112.27,994272593.0,6.7,3.59,3.98,8.9,73.0,26478.0,1581.0,1.12,141.41000000000003,100.42,2090.49,263.3,5190.0,3.46,19.0,38.89,2907.0,2162.27,1813.76,2007
2007-06-01,Dow Jones,1782.85,1809.05,1835.95,1770.5,500999176.0,-1.41,9.65,7.34,3.72,91.0,16537.0,2106.0,1.27,139.05,110.08,1598.1,246.98,7501.0,7.91,24.0,73.23,14481.0,158.7,116.14,2007
2007-06-02,Dow Jones,4281.01,4284.75,2735.415,4232.15,815530375.0,-1.15,6.98,12.27,3.72,103.0,9496.0,3541.0,1.29,136.41,102.03,1452.94,118.53,4809.0,2.18,45.0,21.46,8699.0,477.67,116.14,2007
2007-06-03,S&P 500,3594.99,3629.07,3634.88,3555.16,94659480.0,2.76,5.31,13.57,3.26,65.0,14824.0,3629.0,1.39,81.02,93.98,2197.75,271.09,4166.0,6.7,29.0,75.47,8305.0,321.89,258.22,2007
2007-06-04,S&P 500,2675.88,2629.22,2703.63,2608.57,980778270.0,3.97,9.69,11.13,5.25,53.0,11973.0,2392.0,1.25,88.71,48.19,1587.76,480.77,4092.0,0.58,28.0,66.98,635.0,1922.28,1619.96,2007
2007-06-05,S&P 500,2832.11,2818.79,2846.47,2811.22,772179049.0,-2.42,9.03,2.78,8.25,108.0,23566.0,1044.0,1.1099999999999999,109.64,148.65,1040.62,286.75,9182.0,6.58,38.0,50.79,12752.0,806.75,693.26,2007
2007-06-06,NASDAQ,2026.59,2000.3,2073.6,1961.03,487813508.0,-3.44,5.12,10.72,1.99,95.0,25927.0,534.0,0.97,87.85,108.89,1266.68,220.73,7082.0,7.95,46.0,97.15,353.0,1783.13,1508.36,2007
2007-06-07,Dow Jones,4008.46,4003.19,4046.56,3997.09,207020099.0,5.18,9.06,10.72,9.78,62.0,27301.0,3591.0,0.85,131.45,68.72,1754.35,220.73,8146.0,6.05,39.0,88.35,2991.0,203.73,193.22,2007
2007-06-08,NASDAQ,3051.5,3008.74,3100.13,2999.27,872219987.0,6.69,4.04,6.1,1.17,86.0,8597.0,2389.0,1.4,120.29499999999999,145.87,1484.38,302.29,2946.0,6.05,1.0,56.36,13818.0,409.28,326.19,2007
2007-06-09,Dow Jones,2283.42,3182.635,2330.71,2272.84,729246043.0,2.51,2.3,4.55,5.57,103.0,17439.0,3443.0,1.0,109.14,144.6,1422.87,214.84,1795.0,3.3,25.0,55.82,7178.0,670.82,546.31,2007
2007-06-10,Dow Jones,3384.2,3356.53,3398.46,3328.69,80870887.0,0.46,2.33,12.08,9.2,98.0,28219.0,2666.0,0.83,107.46,30.34,1936.9,413.2,9107.0,8.05,0.0,27.85,10089.0,912.69,777.87,2007
2007-06-11,Dow Jones,3817.056666666667,5025.17,5034.94,4943.59,290809088.0,1.48,6.62,10.43,9.48,107.0,8567.0,1859.0,1.41,118.04,22.58,1881.74,189.45,9107.0,4.32,27.0,92.03,5978.0,75.14,92.44,2007
2007-06-12,Dow Jones,4249.913333333334,4878.245,2741.61,2717.92,546616999.0,0.83,5.01,10.43,2.71,68.0,5841.0,3975.0,1.16,124.06,25.78,1333.84,199.1,598.0,2.55,7.0,89.6,4684.0,217.36,186.37,2007
2007-06-13,Dow Jones,4682.77,4731.32,2580.5150000000003,4678.54,511605558.0,9.4,6.59,10.68,1.87,67.0,21927.0,2328.0,1.39,146.29,109.09,1411.03,229.73,1780.0,9.33,30.0,74.23,12152.0,268.57,186.37,2007
2007-06-14,Dow Jones,2380.07,2385.48,2419.42,2356.84,684660075.0,6.52,6.86,5.08,7.38,109.0,15658.0,367.0,1.19,98.98,111.605,2078.51,229.73,7452.0,6.37,24.0,12.88,3283.0,2147.39,1815.02,2007
2007-06-15,Dow Jones,1218.93,1262.01,1273.56,1181.52,189128278.0,-1.88,0.22,7.78,0.9,66.0,29399.0,2298.0,1.02,126.62,114.12,2366.19,333.15,9628.0,8.06,49.0,70.39,12588.0,1864.92,1574.05,2007
2007-06-16,NASDAQ,1816.97,1767.5,1842.42,1756.42,170255864.0,0.76,0.22,10.23,0.9,60.0,29399.0,3787.0,0.89,82.46,85.61500000000001,1831.19,306.11,348.0,8.06,18.0,25.39,7569.0,1890.03,1592.4,2007
2007-06-17,S&P 500,1847.755,2699.6000000000004,2743.99,1793.8000000000002,336545134.0,3.16,5.33,10.28,0.9,64.0,24284.0,4577.0,1.11,80.07,57.11,1296.19,397.49,9988.0,3.39,12.0,18.96,204.0,1078.62,1592.4,2007
2007-06-18,S&P 500,1878.54,1832.2400000000002,1953.54,1831.18,3565644.0,4.19,5.33,12.29,5.82,66.0,16127.0,614.0,0.82,95.745,41.73,1250.98,386.87,9988.0,4.59,15.0,50.34,327.0,864.79,718.54,2007
2007-06-19,NASDAQ,1000.91,964.88,3316.085,917.17,487813508.0,2.02,6.33,5.73,2.29,54.0,6529.0,1843.0,1.22,111.42,140.62,1040.56,118.22,4870.0,5.87,22.0,95.98,7692.0,1326.43,1127.06,2007
2007-06-20,NASDAQ,4660.01,4619.62,4678.63,4570.1,949931289.0,7.15,5.52,12.01,5.13,110.0,29425.0,1029.0,1.1,118.85,138.71,1441.2,153.56,788.0,1.9,10.0,10.98,6731.0,1580.28,1352.61,2007
2007-06-21,NASDAQ,4517.765,4367.98,4538.47,4448.85,487813508.0,6.51,5.86,7.72,9.25,53.0,23702.0,1029.0,0.9,80.43,95.11500000000001,1677.21,153.56,788.0,4.98,24.0,16.48,2129.0,1849.41,1565.97,2007
2007-06-22,NASDAQ,3969.17,4012.54,2950.36,3959.76,500061598.0,2.58,3.02,10.71,6.36,105.0,14841.0,1548.0,1.17,107.75,41.83,1713.64,339.07,1799.0,6.86,9.0,50.34,14110.0,740.59,603.7,2007
2007-06-24,S&P 500,1481.45,1484.2,1502.41,1464.44,477628160.0,6.27,8.29,14.33,3.69,97.0,20362.0,298.0,1.48,125.73,26.29,889.34,229.96,1859.0,6.91,11.0,50.34,11219.0,355.14,291.18,2007
2007-06-25,Dow Jones,3176.05,1234.53,1313.04,1218.62,487813508.0,6.68,9.98,14.33,2.29,84.0,19814.0,2155.0,1.17,124.19,47.864999999999995,1754.39,485.5,3915.0,3.9,35.0,67.86,9997.0,441.85,403.45,2007
2007-06-26,S&P 500,3896.12,3846.2,3933.95,3798.37,487813508.0,9.35,9.98,10.78,2.93,82.0,11319.0,1880.0,0.89,134.89,69.44,1233.48,169.14,153.0,4.69,24.0,50.55,1310.0,683.87,569.24,2007
2007-06-27,S&P 500,4715.23,4746.24,4776.77,4675.78,487813508.0,-1.0,5.57,9.49,5.57,70.0,25329.0,4522.0,1.37,118.24,51.04,1206.51,469.89,5784.0,1.34,24.0,53.81,2054.0,2258.17,1897.07,2007
2007-06-28,NASDAQ,2722.14,2680.9,3138.6050000000005,2644.7,236104947.0,-0.99,1.93,4.25,3.16,54.0,4020.0,1813.0,1.29,123.61,115.79,2142.53,420.4,799.0,6.51,15.0,29.09,12940.0,1686.12,1440.81,2007
2007-06-29,Dow Jones,2613.2033333333334,1489.94,1500.44,1467.26,487813508.0,8.33,6.81,2.86,5.65,113.0,16942.0,3192.0,1.47,126.27666666666667,107.17500000000001,1060.91,255.61,6725.0,2.24,1.0,15.54,7590.0,769.26,662.96,2007
2007-07-01,Dow Jones,2504.2666666666664,2366.2,2419.65,2324.81,328335289.0,8.9,2.12,4.05,7.48,70.0,26797.0,2667.0,1.05,128.94333333333333,98.56,1883.99,256.52,3471.0,5.53,24.0,47.12,8374.0,796.06,668.68,2007
2007-07-03,NASDAQ,3485.32,3443.19,3495.08,3399.63,656942187.0,4.42,1.49,14.72,7.63,67.0,5610.0,4725.0,1.18,145.68,84.22,881.75,324.46,3471.0,9.12,15.0,63.31,10681.0,1088.34,921.4,2007
2007-07-04,NASDAQ,3874.87,3885.25,2488.175,3861.26,299533726.0,-2.83,7.37,11.32,6.89,107.0,14002.0,1519.0,0.81,149.25,93.38499999999999,923.35,329.93,410.0,1.67,21.0,21.02,246.0,587.38,502.73,2007
2007-07-05,S&P 500,1442.41,1408.8,1481.27,1404.76,115055241.0,2.56,4.07,5.26,0.61,73.0,8956.0,1519.0,1.13,149.12,102.55,1914.12,407.28,2605.0,5.3,42.0,48.93,9277.0,1421.14,1196.03,2007
2007-07-06,S&P 500,1142.36,1165.96,1177.41,1109.52,37841909.0,-2.66,0.63,9.68,1.06,54.0,2207.0,1430.0,0.8,148.99,65.49,2420.36,407.28,1222.0,3.82,5.0,19.1,2482.0,2136.11,1196.03,2007
2007-07-07,S&P 500,4977.32,4957.44,5003.65,4924.75,792049072.0,-3.08,8.75,8.94,6.64,102.0,14369.0,2657.0,1.32,125.32,20.75,2497.46,238.06,441.0,9.66,24.0,75.99,12022.0,2136.11,1196.03,2007
2007-07-09,Dow Jones,1215.32,1225.26,1254.24,1199.38,569022834.0,4.45,3.31,11.48,1.89,54.0,19177.0,2657.0,0.88,86.29,58.916666666666664,1397.69,131.2,441.0,7.58,41.0,44.23,2826.0,939.38,781.71,2007
2007-07-10,NASDAQ,1759.5,1726.63,1803.36,1676.99,401499653.0,0.39,3.44,12.81,0.92,118.0,11979.0,3563.0,1.37,136.5,135.25,1211.08,423.51,8748.0,2.04,46.0,50.34,14179.0,2178.81,1862.83,2007
2007-07-11,Dow Jones,1155.83,1179.99,3014.99,1121.91,200723355.0,-3.42,2.9,4.75,2.01,90.0,2984.0,1613.0,1.18,96.58,116.152,967.7,263.83,5523.0,2.37,24.0,65.99,2370.0,338.33,289.13,2007
2007-07-13,NASDAQ,4209.61,4225.85,4226.62,4198.96,875341690.0,-2.47,3.37,2.52,7.41,50.0,11215.0,3093.0,0.91,113.06,97.054,1270.65,148.14,6994.0,6.39,24.0,7.2,2370.0,1267.49,1081.26,2007
2007-07-14,S&P 500,2364.98,2330.81,2386.3,2326.87,741459020.0,9.13,5.48,2.9,5.51,101.0,20339.0,238.0,1.38,102.03,77.95599999999999,1780.55,188.31,7095.0,3.71,24.0,92.17,12036.0,203.71,1081.26,2007
2007-07-15,Dow Jones,3033.665,2795.54,2825.85,2762.88,787560424.0,9.13,7.74,11.28,9.44,75.0,17821.0,3825.0,1.05,121.17,58.85799999999999,1426.94,148.78,1810.0,3.12,21.0,0.89,12635.0,302.77,232.19,2007
2007-07-16,NASDAQ,3702.35,3665.17,3730.24,3652.73,456410225.0,0.01,6.74,2.32,6.38,112.0,1377.0,1970.0,1.37,122.01,39.76,1193.6,283.57,1682.0,6.37,29.0,73.49,12851.0,2206.06,232.19,2007
2007-07-17,NASDAQ,3035.58,3028.12,3068.15,3016.39,384459303.0,2.76,2.94,9.54,7.39,61.0,11396.0,2161.0,0.85,127.71,33.595,1841.33,239.88,6269.0,8.29,29.0,50.34,14859.0,2255.98,1889.12,2007
2007-07-18,S&P 500,4445.78,4420.5,4453.48,4410.86,909738360.0,4.72,5.29,12.93,3.19,119.0,9238.0,2095.0,0.97,120.35,27.43,1349.22,242.64,6884.0,8.29,32.0,30.74,13679.0,2168.77,1834.22,2007
2007-07-19,S&P 500,4464.14,2718.17,4521.31,4435.4,591307249.0,5.65,8.4,6.94,6.1,68.0,2962.0,2918.0,1.34,106.66,68.53,1401.19,162.75,8656.0,9.19,39.0,7.64,5055.0,2206.35,1857.35,2007
2007-07-20,Dow Jones,1039.64,1015.84,1048.77,999.43,490905400.0,4.54,0.68,6.94,1.86,53.0,28279.0,2013.0,1.25,81.66,122.11,1817.35,363.9,1268.0,0.34,29.0,25.03,12379.0,1418.14,1187.96,2007
2007-07-21,NASDAQ,4112.19,4150.36,4187.889999999999,4071.17,406728886.0,9.19,0.78,11.28,4.34,54.0,4993.0,4380.0,1.01,143.36,72.87,1000.97,343.12,1268.0,0.95,36.0,31.41,9897.0,1119.33,923.09,2007
2007-07-23,NASDAQ,4955.36,4925.0,4990.85,4901.77,820266741.0,9.84,6.39,11.32,2.56,119.0,6635.0,4281.0,0.95,135.23666666666668,109.55,2441.24,167.06,1166.0,4.93,25.0,52.57,497.0,896.22,764.21,2007
2007-07-24,Dow Jones,2932.93,2944.31,2946.7,2932.25,955789825.0,7.46,2.11,9.52,1.21,106.0,24865.0,4333.0,1.39,118.99,87.25,1634.41,433.61,1071.0,9.39,5.0,72.56,10600.0,1857.15,1568.27,2007
2007-07-25,S&P 500,4947.58,4906.35,4967.97,3938.14,31813959.0,3.83,7.45,4.99,4.18,101.0,12323.0,3637.0,1.29,102.04,115.9,1751.76,113.55,9868.0,4.62,3.0,90.1,13831.0,1508.39,1259.86,2007
2007-07-29,S&P 500,4968.54,4981.01,5012.55,4944.03,346518779.0,2.76,7.51,13.16,6.74,72.0,22610.0,3122.0,1.23,82.13,111.24,2182.99,192.2,8424.0,9.94,15.0,32.95,13831.0,1595.98,1358.49,2007
2007-07-30,Dow Jones,4430.12,4408.37,4459.5,4404.04,332879543.0,2.76,0.84,8.06,6.74,117.0,22831.0,4971.0,1.17,147.05,40.94,1905.72,101.1,1366.0,3.76,15.0,11.9,11843.0,1585.02,1330.36,2007
2007-07-31,NASDAQ,1389.47,1377.27,1407.15,1347.65,165146929.0,3.02,5.65,8.9,2.75,101.0,25305.0,1116.0,1.06,121.67,143.59,2145.54,365.26,309.0,0.01,39.0,69.2,5186.0,1452.87,1209.68,2007
2007-08-01,NASDAQ,3825.49,3785.78,3849.61,3747.84,401579390.0,0.68,5.52,11.8,2.75,96.0,29874.0,196.0,1.195,87.56,46.74,2415.78,276.34,4437.0,0.01,26.0,90.77,4785.0,1452.87,1846.21,2007
2007-08-03,NASDAQ,1027.93,1028.32,1051.94,999.52,804685106.0,2.87,8.45,10.35,7.04,75.0,6787.0,196.0,1.33,96.26,87.34,1290.16,488.89,6458.0,4.92,24.0,32.71,7714.0,1256.66,1065.63,2007
2007-08-06,S&P 500,4275.48,1680.5299999999997,4285.589999999999,4217.77,819946952.0,5.98,2.17,14.31,2.78,118.0,6787.0,1635.0,1.38,142.01,43.75,1966.63,304.13,3620.0,8.12,24.0,28.8,10020.0,1424.75,1213.61,2007
2007-08-07,Dow Jones,5873.3,2332.74,2360.02,2288.77,463469598.0,-2.52,7.43,12.71,4.59,112.0,12661.0,4625.0,0.83,128.99,52.42,2243.3,210.88,7423.0,4.77,42.0,8.32,7124.0,510.22,423.84,2007
2007-08-08,NASDAQ,4310.09,4262.66,4310.38,4215.78,227385880.0,9.35,0.43,11.17,8.79,115.0,14903.0,612.0,1.33,145.28,61.09,2041.56,209.1,3549.0,8.58,7.0,13.42,8599.0,1005.21,869.18,2007
2007-08-09,S&P 500,1002.39,986.49,1017.44,3209.31,8004211.0,-1.64,8.32,10.62,8.45,112.0,28141.0,2022.0,0.95,143.35,69.76,2427.7,486.51,2231.0,4.68,27.0,21.53,8599.0,1694.94,1440.01,2007
2007-08-10,S&P 500,2231.28,2261.61,2299.06,2202.84,677180971.0,1.87,8.38,3.35,9.44,62.0,19029.0,1797.0,1.14,118.58,78.43,1770.16,204.46,9740.0,6.75,44.0,0.92,243.0,1066.83,892.31,2007
2007-08-11,Dow Jones,2142.4066666666668,2004.39,2044.1,1925.13,518409341.0,-3.28,8.33,5.53,3.42,100.0,25082.0,3585.0,1.29,143.55,33.34,1446.8,342.19,6227.0,0.33,18.0,4.82,11910.0,2295.43,1946.67,2007
2007-08-12,NASDAQ,1934.27,1936.09,1682.4,1899.41,602459830.0,4.05,1.53,2.07,4.18,54.0,25082.0,2660.0,1.33,118.15,127.03,1956.88,114.98,1795.0,1.38,28.0,69.89,8621.0,2013.67,1600.34,2007
2007-08-13,NASDAQ,1272.75,1268.3,1320.7,1218.52,902058412.0,0.63,6.3,3.79,0.68,96.0,21156.0,2014.0,1.42,87.3,89.525,917.49,161.74,1609.0,8.51,30.0,61.97,10196.0,2256.93,1908.4,2007
2007-08-14,Dow Jones,1748.5,1701.58,1773.62,1700.9,257640263.0,0.3,0.14,7.71,9.46,85.0,26305.0,4853.0,1.0,138.06,52.02,1647.26,108.83,6325.0,3.13,32.0,94.55,883.0,1526.66,1309.83,2007
2007-08-15,Dow Jones,3222.2,3260.12,3305.97,3204.44,833230638.0,7.4,8.48,3.9,3.63,85.0,26305.0,4076.0,0.96,89.18,149.39,2114.78,313.79,7044.0,3.35,48.0,40.24,9281.0,1918.58,1607.6,2007
2007-08-16,S&P 500,2165.44,2116.74,3028.075,2102.69,677879710.0,-4.86,7.23,13.72,4.34,99.0,2323.0,746.0,1.5,102.12,89.49499999999999,1087.24,296.64,6403.0,6.63,5.0,44.49,3332.0,1458.64,1241.77,2007
2007-08-17,S&P 500,2669.58,2714.06,2750.18,2656.46,230956476.0,6.97,5.31,12.47,9.12,105.0,20868.0,897.0,0.95,106.59,29.6,1480.69,232.37,6805.0,5.93,43.0,6.87,6550.0,1458.64,1303.37,2007
2007-08-18,Dow Jones,2507.47,2506.39,2511.72,2495.26,114621246.0,3.57,7.31,2.93,5.5,68.0,10968.0,176.0,1.27,136.51,124.17,1395.49,380.11,4374.0,0.82,3.0,15.31,2974.0,150.53,130.29,2007
2007-08-19,NASDAQ,4503.62,4487.81,4514.62,4452.35,520459500.0,9.79,7.31,5.24,5.88,69.0,11635.0,2783.0,1.47,85.85,117.55,1369.45,350.32,1328.0,7.66,15.0,69.19,11490.0,1193.61,1012.06,2007
2007-08-20,S&P 500,4621.2,4663.62,4664.06,4616.96,250380148.0,9.79,5.29,12.65,5.195,71.0,25706.0,841.0,1.43,111.15,72.16,1906.07,340.14,9846.0,7.66,2.0,23.58,14282.0,1193.61,986.03,2007
2007-08-21,S&P 500,2971.83,2924.27,3007.64,2887.19,757156140.0,-4.17,2.91,12.65,5.24,80.0,25345.0,1325.0,1.11,110.57,36.08,1645.74,234.5,4311.0,8.55,24.0,77.35,14891.0,863.0,986.03,2007
2007-08-23,S&P 500,1427.2,1432.09,3919.1000000000004,1414.66,599660702.0,8.25,8.57,14.97,5.81,93.0,20655.0,1064.0,1.17,115.485,119.23,1608.6950000000002,449.38,4311.0,4.14,21.0,74.75,3663.0,1262.07,1077.55,2007
2007-08-24,NASDAQ,4813.61,4785.54,4830.56,4772.9,905523600.0,7.62,7.33,14.69,2.92,117.0,29991.0,4881.0,1.04,120.4,29.88,1571.65,317.59,4494.0,3.71,24.0,69.09,9701.0,708.32,617.3,2007
2007-08-26,NASDAQ,2190.6,2205.83,2212.36,2152.49,314844661.0,4.27,3.47,14.69,3.69,98.0,22490.0,2746.0,1.36,85.01,100.46,1175.46,317.29,3983.0,0.4,24.0,54.73,4700.0,758.47,627.95,2007
2007-08-27,Dow Jones,2192.26,2214.97,2223.64,2148.44,492208082.0,2.34,9.01,11.86,5.94,98.0,8439.0,2831.0,0.86,141.22,92.74,2118.14,206.71,3983.0,1.31,25.0,67.86,285.0,758.47,1197.55,2007
2007-08-28,Dow Jones,2281.61,2231.68,2298.65,2189.07,384749186.0,9.51,3.25,5.89,5.195,53.0,22491.0,732.0,1.23,101.6,137.66,980.29,174.12,1107.0,9.3,49.0,52.67,7113.0,377.76,293.75,2007
2007-08-29,Dow Jones,1657.15,1700.84,1721.26,1608.91,811032173.0,9.25,7.33,12.48,6.29,53.0,13777.0,4863.0,1.22,112.6,125.92,979.48,212.87,8831.0,8.81,24.0,20.69,13473.0,1089.16,293.75,2007
2007-08-30,NASDAQ,4132.65,4099.1,4150.09,4070.03,487813508.0,9.76,7.36,8.94,5.47,56.0,13777.0,4794.0,1.055,131.88,139.45,1482.45,351.56,8503.0,4.97,27.0,21.84,8133.0,302.02,239.6,2007
2007-08-31,NASDAQ,3724.975,1463.35,1528.17,1417.92,487813508.0,8.0,0.18,8.94,5.47,98.0,19634.0,3781.0,0.89,143.7,80.57,2120.8,351.56,5328.0,1.8,39.0,40.59,11644.0,1250.96,1046.54,2007
2007-09-01,Dow Jones,3539.63,3515.98,3544.48,3475.55,493800368.0,8.64,0.18,5.59,0.77,64.0,19634.0,514.0,1.36,80.64,122.41,1884.64,165.8,8197.0,1.46,22.0,1.49,12202.0,2191.13,1818.3,2007
2007-09-02,S&P 500,1495.38,1449.16,1512.94,1404.43,406159516.0,-1.74,0.19,8.6,7.92,56.0,19037.0,3306.0,1.12,126.35,26.33,2128.98,463.17,4170.0,2.56,7.0,88.94,9596.0,1556.78,1818.3,2007
2007-09-03,NASDAQ,1282.14,3067.755,1324.0,1243.87,635415335.0,7.47,9.97,9.33,5.45,96.0,5236.0,1642.0,1.31,84.87,58.28,884.23,299.32,3993.0,9.09,12.0,26.9,9596.0,2057.07,1735.95,2007
2007-09-04,S&P 500,4637.72,4686.35,4689.69,4589.42,69085137.0,5.63,1.22,14.26,4.02,117.0,1108.0,871.0,0.81,116.8,103.76,1758.33,417.49,7013.0,5.21,43.0,5.25,14245.0,250.32,198.94,2007
2007-09-05,S&P 500,1760.52,1742.04,1807.64,1718.36,487813508.0,5.63,5.43,5.47,9.67,94.0,11735.0,4579.0,0.85,132.48,119.28,1570.6,232.28,1493.0,8.04,46.0,42.5,3965.0,1961.25,1677.48,2007
2007-09-06,NASDAQ,4285.0,4246.53,4334.32,4206.62,555649136.0,3.57,7.91,14.18,9.67,68.0,11735.0,2687.0,0.92,91.87,94.16,2323.24,483.02,9555.0,5.07,9.0,81.58,3965.0,435.67,364.59,2007
2007-09-07,NASDAQ,3178.52,3139.22,3182.95,3132.86,252134998.0,-3.72,2.01,12.46,5.64,68.0,14387.0,586.0,0.88,133.46,82.5,2053.48,400.84,3573.0,6.09,40.0,39.8,3155.0,435.67,194.08,2007
2007-09-09,S&P 500,4821.79,4857.25,4875.87,4808.22,159020874.0,5.3,6.07,12.46,5.51,76.0,3794.0,129.0,1.28,129.76,42.64,1741.54,460.92,895.0,0.31,9.0,54.54,10701.0,435.67,1609.56,2007
2007-09-10,Dow Jones,1987.84,1963.54,2026.66,1948.96,800431496.0,-1.7,6.07,9.87,5.75,54.0,22808.0,229.0,0.83,126.06,133.81,1522.22,386.99,1303.0,4.45,24.0,57.48,10522.0,1202.32,1000.02,2007
2007-09-11,Dow Jones,1831.54,4390.67,4468.38,4384.51,503646901.0,0.91,7.79,5.17,1.35,109.0,18881.0,4314.0,0.83,125.43,105.2,1549.95,272.21,3443.0,8.64,14.0,75.94,9297.0,1202.32,1113.08,2007
2007-09-12,NASDAQ,1675.24,1647.55,1707.46,1607.26,181449207.0,3.98,2.99,4.46,6.78,111.0,27505.0,2474.0,0.82,81.3,76.59,1877.94,489.66,5124.0,4.89,23.0,80.0,10470.0,903.53,762.01,2007
2007-09-13,Dow Jones,4415.77,4371.42,4453.650000000001,4370.96,452483223.0,0.61,2.11,13.26,6.53,108.0,15673.0,4083.0,1.29,90.66,135.5,1168.11,489.66,5992.0,4.35,9.0,70.65,2065.0,1641.66,1385.6,2007
2007-09-14,Dow Jones,1052.92,1013.26,1058.82,997.63,121798808.0,0.62,5.58,11.43,7.81,110.0,22906.0,3241.0,1.18,139.93,39.2,1366.41,202.63,3472.0,5.27,20.0,0.55,14080.0,1491.52,1245.25,2007
2007-09-15,Dow Jones,3047.12,3040.27,3088.78,3031.55,487813508.0,-3.0,4.1,4.77,1.36,105.0,29275.0,307.0,1.06,145.79,74.61500000000001,1274.57,457.86,520.0,3.81,45.0,0.31,6429.0,1368.22,1135.01,2007
2007-09-16,Dow Jones,4077.77,4050.76,4113.05,4021.31,619382488.0,9.11,9.2,10.0,3.32,96.0,27787.0,4286.0,1.27,119.46,110.03,2161.36,382.95,2357.0,5.15,24.0,97.75,3566.0,1756.74,1135.01,2007
2007-09-17,S&P 500,4739.18,4740.77,4769.64,4726.47,600768302.0,6.26,8.8,7.82,6.68,97.0,20069.0,4315.0,1.19,121.79,63.1,2401.3,382.95,6179.0,1.35,37.0,26.49,3832.0,351.44,286.21,2007
2007-09-18,NASDAQ,4636.81,4612.16,4563.605,4599.21,965050184.0,-4.98,4.83,4.06,1.8,59.0,20069.0,1081.0,0.81,132.85,82.215,1504.31,192.72,161.0,9.68,38.0,28.31,11406.0,2179.82,1852.63,2007
2007-09-19,Dow Jones,4278.5,4322.55,4357.57,4254.08,150133579.0,6.48,3.59,8.91,6.94,81.0,14775.0,4402.0,1.39,108.43,101.33,931.07,171.22,4200.0,0.34,24.0,73.25,3175.0,2179.82,908.1,2007
2007-09-20,S&P 500,3037.69,4593.36,4603.44,4520.14,925163978.0,6.1,3.26,5.66,5.195,114.0,4716.0,4601.0,1.05,102.96,69.27,959.04,171.22,4691.0,4.83,49.0,58.2,3496.0,2007.3,1694.4,2007
2007-09-21,S&P 500,1796.88,1803.56,1825.05,1790.81,819686064.0,-4.85,2.68,3.25,3.68,73.0,24268.0,2271.0,1.08,133.77,123.98,1215.255,150.22,3278.0,2.1,27.0,46.41,7465.0,178.05,152.3,2007
2007-09-22,S&P 500,2136.74,2122.18,2161.44,1961.215,372554469.0,0.54,5.45,8.07,8.54,78.0,4206.0,211.0,1.35,81.98,132.64000000000001,1471.47,158.14,1646.0,0.58,24.0,11.73,9081.0,2113.17,1767.27,2007
2007-09-23,Dow Jones,2155.87,2143.98,2158.63,2131.62,121404635.0,4.1,8.05,9.67,7.86,56.0,11766.0,4809.0,0.93,141.97,141.3,1048.47,410.65,6073.0,6.52,1.0,8.24,3025.0,859.99,731.36,2007
2007-09-24,Dow Jones,2667.045,2499.41,2555.95,2450.72,245589575.0,1.79,3.11,2.61,6.63,66.0,24143.0,1509.0,0.81,110.86,90.91,2172.11,125.5,9022.0,9.85,40.0,70.39,3530.0,118.13,77.23,2007
2007-09-26,Dow Jones,3178.22,3173.38,3213.09,3143.43,534974232.0,1.38,4.75,5.35,7.24,85.0,25751.0,1509.0,1.15,124.4,76.39,985.4,262.0,8470.0,2.54,42.0,43.64,2097.0,1964.21,1652.1,2007
2007-09-27,Dow Jones,1639.52,1675.19,1700.5,1627.44,278688750.0,-2.69,0.69,2.4,5.43,110.0,15276.0,4299.0,1.04,99.21,62.92,967.82,484.08,8470.0,4.93,48.0,73.64,5881.0,1431.16,1200.37,2007
2007-09-28,S&P 500,3764.99,3809.4,3810.68,1638.795,919357283.0,9.65,7.01,3.63,5.43,110.0,10346.0,2700.0,1.37,121.82,42.305,983.22,286.22,7333.0,0.5,2.0,92.33,7027.0,321.92,287.22,2007
2007-09-29,NASDAQ,1670.27,1653.86,1716.51,1650.15,173016508.0,-1.37,5.18,3.81,7.1,99.0,13219.0,2715.0,0.82,128.51,21.69,998.62,164.34,8820.0,5.32,31.0,87.37,7027.0,1822.14,1516.19,2007
2007-09-30,Dow Jones,2241.23,2313.375,2289.89,2239.49,487813508.0,5.77,4.96,4.38,7.1,105.0,21888.0,4957.0,0.94,120.02666666666666,27.18,1754.03,135.36,1510.0,0.99,46.0,86.42,6407.0,699.08,585.23,2007
2007-10-01,Dow Jones,3013.38,2972.89,3039.59,2949.45,28872264.0,5.77,3.0,12.44,7.1,114.0,12848.0,3074.0,0.91,111.54333333333334,45.355000000000004,1454.53,392.98,8627.0,7.95,33.0,35.91,2837.0,1806.81,585.23,2007
2007-10-02,Unknown,4185.76,4155.81,4197.21,4135.88,286057768.0,-0.06,9.05,7.71,9.07,90.0,20428.0,947.0,1.32,103.06,63.53,2363.45,159.09,4953.0,0.57,15.0,92.72,7837.0,2158.55,1823.55,2007
2007-10-03,S&P 500,3957.88,3949.23,3963.96,3942.39,894269447.0,1.63,0.9,3.91,3.31,90.0,14058.0,3043.0,1.02,119.02,123.27,1512.15,475.19,9366.0,0.09,3.0,68.4,810.0,1313.82,1102.48,2007
2007-10-04,Dow Jones,3582.14,3552.76,3600.31,3518.38,487813508.0,-2.12,8.7,3.3,0.59,83.0,4318.0,3320.0,1.34,81.49,82.39,1844.53,323.69,6550.0,8.62,24.0,88.66,4794.0,623.24,527.09,2007
2007-10-05,NASDAQ,1623.09,1660.75,1673.52,1573.44,264485748.0,1.75,3.77,5.87,2.37,57.0,8587.0,268.0,0.83,131.99,124.77,2179.3,260.68,310.0,8.62,27.0,8.98,11742.0,582.84,515.26,2007
2007-10-06,NASDAQ,3188.18,3154.01,3213.51,3134.23,422313361.0,-2.64,8.81,12.37,1.54,105.0,23966.0,1084.0,1.23,91.79,85.45,1314.89,373.73,9959.0,0.87,41.0,4.05,1302.0,1803.57,1530.28,2007
2007-10-07,S&P 500,1349.79,1345.36,1398.11,1314.13,663757997.0,3.39,7.29,12.37,3.53,79.0,15704.0,1207.0,1.02,128.26,46.13,1670.21,179.57,1554.0,2.79,5.0,43.02,11410.0,210.36,181.51,2007
2007-10-08,S&P 500,2509.45,2520.02,2057.935,2461.3,151180834.0,4.96,1.04,4.08,8.35,79.0,3943.0,2667.0,0.93,133.82,78.845,1005.6,179.57,5130.0,7.42,42.0,82.82,14057.0,896.44,746.14,2007
2007-10-09,Dow Jones,2654.07,2326.44,2717.76,2612.49,173036240.0,-4.06,8.32,7.25,6.69,70.0,16148.0,206.0,1.37,132.68,111.56,1535.71,113.37,4244.0,5.4,41.0,40.91,3149.0,403.17,352.65,2007
2007-10-11,Dow Jones,2095.95,2132.86,3777.9300000000003,2059.08,984655220.0,-2.22,0.32,2.38,7.99,82.0,1547.0,2178.0,1.2,101.54,45.13,1527.92,270.1,6220.0,3.89,15.0,23.55,7654.0,578.37,492.34,2007
2007-10-13,NASDAQ,4814.53,4808.48,4838.1,4782.87,611951281.0,4.92,6.36,2.38,5.37,72.0,26407.0,4442.0,1.35,107.61000000000001,55.57,1477.28,466.74,8743.0,0.2,24.0,76.15,11990.0,578.37,371.57,2007
2007-10-14,Dow Jones,2409.31,2366.03,2452.74,2352.08,902200446.0,2.76,6.63,2.13,3.94,118.0,12774.0,3073.0,1.0,113.68,97.26,2279.45,361.12,8946.0,5.65,16.0,62.65,8344.0,426.76,378.08,2007
2007-10-15,S&P 500,1172.4,1168.87,1186.98,1160.81,81021902.0,2.49,7.47,10.76,8.71,102.0,19544.0,1653.0,1.165,98.92,55.33,2392.99,250.3,6604.0,7.52,35.0,44.07,10069.0,1237.47,1038.64,2007
2007-10-16,Unknown,1716.38,1748.45,1754.89,1695.07,118837074.0,-3.08,7.2,11.26,3.52,54.0,8430.0,2102.0,1.33,131.79,137.86,1210.94,347.81,767.0,7.91,33.0,50.34,1410.0,1614.7,1359.4,2007
2007-10-18,NASDAQ,4791.12,4824.34,4853.71,4756.17,448520325.0,4.26,7.66,6.45,3.38,66.0,27338.0,4499.0,1.01,137.57,137.97,816.25,326.93,4476.0,2.29,24.0,32.52,4185.0,1290.75,1074.41,2007
2007-10-19,Dow Jones,1564.8,1564.2,1609.25,1541.39,376722030.0,-2.97,5.75,8.88,7.3,107.0,27338.0,1521.0,1.31,118.38,56.33,996.49,272.87,4476.0,7.38,36.0,83.81,4774.0,1290.75,1722.88,2007
2007-10-20,Dow Jones,4054.06,1475.145,4100.95,3989.35,775061766.0,0.61,2.61,7.03,6.75,116.0,7558.0,3574.0,1.35,99.19,98.58,1386.7,159.95,4340.0,8.27,33.0,34.58,5556.0,108.65,1722.88,2007
2007-10-21,Dow Jones,1434.73,1386.09,1437.41,1378.77,670366123.0,7.16,9.12,11.11,2.29,105.0,16703.0,4511.0,1.39,127.39,109.88499999999999,1964.68,412.04,2610.0,8.36,44.0,62.23,5402.0,1049.56,887.46,2007
2007-10-22,NASDAQ,4925.03,4905.35,3193.745,4898.36,167534063.0,3.53,0.18,9.59,1.56,89.0,6766.0,4473.0,1.02,144.97,121.19,1296.75,298.57,8151.0,8.36,36.0,50.34,10570.0,2017.11,887.46,2007
2007-10-23,S&P 500,2526.47,2546.27,2565.02,4475.025,693542664.0,-3.37,3.67,3.06,6.78,51.0,25839.0,641.0,1.08,97.79,46.03,928.18,176.06,1493.0,6.26,0.0,26.49,3621.0,746.39,616.99,2007
2007-10-24,S&P 500,4100.94,4129.97,4161.26,4051.69,887258963.0,0.59,7.29,10.36,6.93,70.0,25839.0,888.0,0.87,143.74,132.32,2042.48,456.73,7574.0,5.52,14.0,50.34,10728.0,888.32,761.33,2007
2007-10-25,S&P 500,2370.36,2349.94,2410.04,2345.13,401483876.0,0.59,4.27,10.93,3.98,101.0,24961.0,455.0,0.9,121.4,78.82,1593.5,441.29,7669.0,5.97,30.0,31.53,14828.0,958.81,825.4,2007
2007-10-26,NASDAQ,3510.68,3510.25,3524.71,3495.96,883333386.0,2.76,0.25,6.82,3.98,73.0,3908.0,455.0,0.99,131.66,32.29,1682.64,323.53,6737.0,5.97,13.0,13.0,14828.0,1328.14,1127.89,2007
2007-10-27,NASDAQ,1768.06,1760.17,1795.9,1716.7,59031233.0,7.65,0.66,13.39,9.79,102.0,23185.0,1326.0,0.83,110.79,67.26,1354.24,488.13,1655.0,6.83,43.0,48.28,5382.0,1390.01,1159.99,2007
2007-10-28,NASDAQ,1584.08,1575.13,1619.52,1571.52,894697471.0,1.54,6.49,12.96,2.45,87.0,24378.0,349.0,0.94,136.48,48.59,1842.18,470.87,3514.0,7.1,33.0,51.18,13515.0,345.14,305.59,2007
2007-10-29,NASDAQ,4752.26,4725.39,4758.98,4681.6,655157781.0,1.5,9.65,4.28,5.98,69.0,18568.0,4298.0,1.09,147.93,29.92,2314.32,458.8,6376.0,1.96,0.0,15.95,6215.0,393.06,341.66,2007
2007-10-30,NASDAQ,4670.59,4634.23,4711.29,4608.02,652472879.0,8.58,9.65,13.76,0.55,99.0,13876.0,3495.0,1.07,91.94,101.34,1741.39,153.32,7779.0,4.44,34.0,17.51,2453.0,1558.05,341.66,2007
2007-10-31,S&P 500,4549.88,4519.55,4580.19,4024.9000000000005,148505955.0,3.64,5.07,7.73,7.27,88.0,29540.0,4069.0,0.94,106.99,80.81,1798.78,217.85,3489.0,4.22,10.0,3.03,12161.0,2002.24,1689.29,2007
2007-11-01,Unknown,3501.73,3457.26,3549.21,3441.78,201358276.0,3.49,3.18,11.41,4.44,109.0,1369.0,631.0,0.86,140.37,60.28,1435.06,264.08,1994.0,7.49,16.0,3.13,9586.0,2252.91,1928.27,2007
2007-11-02,NASDAQ,4233.07,4202.88,4250.05,4188.02,662183039.0,-1.07,2.57,12.58,2.34,88.0,5623.0,658.0,1.02,92.37,118.23,940.47,432.76,6836.0,6.67,4.0,35.93,1664.0,1884.45,1586.78,2007
2007-11-03,S&P 500,1276.15,1227.07,1281.56,1211.78,731000646.0,4.12,0.21,8.57,7.65,82.0,27809.0,1719.0,1.32,103.37666666666667,26.82,1528.52,448.49,6913.0,6.67,24.0,50.34,508.0,1489.69,1235.74,2007
2007-11-04,NASDAQ,2339.16,2351.89,2377.22,1706.02,150542853.0,3.64,2.73,7.19,8.2,78.0,25989.0,1391.0,1.16,114.38333333333334,84.69,2371.89,400.59,6467.0,6.53,17.0,91.92,1198.0,1141.71,958.31,2007
2007-11-05,S&P 500,2254.81,2236.45,2259.1,2200.26,487813508.0,0.95,4.49,13.9,1.56,59.0,22759.0,3224.0,1.46,125.39,85.89,1956.37,288.96,9203.0,2.63,24.0,20.02,1198.0,1141.71,958.31,2007
2007-11-06,Unknown,3542.58,3589.89,3638.37,3509.09,161201417.0,9.86,1.98,5.0,0.89,116.0,28207.0,4980.0,0.9,96.68,31.23,1633.37,164.76,1071.0,2.32,34.0,6.69,5532.0,1178.52,1000.33,2007
2007-11-07,Dow Jones,2423.83,2393.2,2425.76,2353.26,713057901.0,8.23,0.87,5.34,3.67,52.0,24096.0,4213.0,0.95,106.66,37.68,1855.5,114.08,7508.0,2.4,46.0,40.48,211.0,618.23,533.8,2007
2007-11-08,Dow Jones,1594.03,1578.61,1631.71,1565.75,848459495.0,6.24,7.18,6.7,6.45,80.0,23611.0,1227.0,0.88,114.38,63.715,1749.51,379.72,8408.0,0.29,15.0,19.33,1371.0,2279.19,1917.34,2007
2007-11-09,Dow Jones,3385.87,3371.65,3412.13,3340.75,215711740.0,3.06,8.95,13.17,8.04,76.0,26706.0,4347.0,0.81,100.8,89.75,2351.09,497.66,3947.0,6.91,46.0,6.27,6038.0,1090.39,938.12,2007
2007-11-10,Dow Jones,4257.54,4208.39,4275.97,4185.39,418032813.0,1.93,8.95,14.2,5.195,119.0,17426.0,4011.0,1.46,127.59,26.92,2330.9300000000003,238.19,536.0,6.91,48.0,75.3,2983.0,904.46,758.83,2007
2007-11-11,NASDAQ,2528.49,2845.33,2565.7,2489.37,209449581.0,-2.23,6.18,4.86,6.02,76.0,2703.0,1207.0,1.11,87.79,21.53,2310.77,327.49,3387.0,3.09,49.0,55.75,7135.0,392.29,326.32,2007
2007-11-12,Dow Jones,1529.07,1482.27,1560.18,1466.81,712970902.0,-0.41,0.53,13.23,8.1,58.0,19819.0,4744.0,1.14,141.59,45.04,1970.4,424.23,1684.0,9.3,22.0,5.8,7001.0,989.59,824.8,2007
2007-11-14,NASDAQ,1949.93,2180.0266666666666,2003.18,1905.82,734261468.0,1.81,1.1,14.62,6.31,55.0,19819.0,4571.0,1.41,120.1,25.24,1432.24,431.82,4412.0,2.25,20.0,3.98,13981.0,440.14,356.25,2007
2007-11-15,Dow Jones,2199.59,2877.7833333333333,2248.65,2179.48,836305736.0,8.23,6.7,9.77,5.4,75.0,25496.0,4403.0,1.28,123.55,115.32,1541.71,350.14,1695.0,0.12,28.0,35.5,1775.0,502.71,425.45,2007
2007-11-16,S&P 500,2600.9866666666667,3575.54,3590.75,3567.85,617902408.0,-2.78,7.79,9.77,8.86,92.0,27446.0,4655.0,1.1,84.18,39.75,940.99,327.94,3290.0,7.24,24.0,36.39,6723.0,1208.44,1048.74,2007
2007-11-17,NASDAQ,3403.78,3419.16,3441.65,3377.98,883396181.0,2.63,7.79,2.44,2.74,68.0,7776.0,3575.0,1.41,132.99,53.92666666666667,1742.14,404.91,7697.0,6.97,35.0,82.32,424.0,720.05,605.16,2007
2007-11-19,Unknown,2450.01,2464.73,2469.74,2416.4,96970753.0,2.75,7.38,4.44,1.72,72.0,22583.0,2632.0,0.83,120.17500000000001,68.10333333333334,1578.82,345.91,9954.0,3.33,19.0,89.7,4173.0,1519.17,1261.42,2007
2007-11-20,Unknown,4295.99,4250.47,4342.6,2081.935,253180711.0,8.34,6.93,11.98,8.28,78.0,17430.0,4317.0,0.88,107.36,82.28,1545.91,196.15,5541.0,8.98,6.0,14.14,3926.0,662.84,569.92,2007
2007-11-21,S&P 500,1816.35,1771.75,1835.08,1747.47,725054201.0,9.84,2.62,4.9,4.41,87.0,15086.0,2129.0,0.82,134.94,65.15,1686.85,171.81,8960.0,1.57,29.0,53.42,6728.0,990.94,817.35,2007
2007-11-22,Unknown,2876.16,2871.88,2880.2,2848.57,487813508.0,-3.26,9.25,14.6,3.8,108.0,21845.0,1243.0,1.21,130.42,23.07,2238.55,349.34,7444.0,8.35,28.0,2.12,14856.0,1623.14,1364.48,2007
2007-11-23,Unknown,4203.75,4208.71,4228.07,4171.02,245117900.0,-3.05,1.8,10.27,9.82,97.0,19441.0,4446.0,0.95,125.57,138.11,2127.29,207.71,7616.0,1.69,0.0,50.34,1532.0,2135.91,1364.48,2007
2007-11-24,NASDAQ,1720.63,1759.41,2846.6,1715.46,72607776.0,-3.05,9.05,11.0,9.3,69.0,19441.0,3843.0,1.39,147.57,57.24,2284.1,385.75,6010.0,4.82,20.0,36.72,6055.0,2083.82,1745.4,2007
2007-11-25,Dow Jones,1439.45,1399.92,1465.13,1387.24,438794194.0,5.22,3.13,4.83,9.73,70.0,7084.0,3843.0,1.13,120.72,37.68,1772.99,305.79,5983.0,4.99,6.0,7.02,5627.0,2083.82,377.54,2007
2007-11-26,S&P 500,4534.74,4567.0,4601.73,4488.79,811872270.0,5.22,1.3,4.83,9.73,77.0,25529.0,3898.0,1.39,97.39,37.23,1846.87,377.98,3251.0,4.72,43.0,32.53,13191.0,1383.07,1181.58,2007
2007-11-27,NASDAQ,2371.72,2342.72,2374.49,2309.22,270387168.0,6.0,8.27,10.68,8.97,99.0,19575.0,1847.0,1.19,81.73,146.7,1531.83,456.65,4239.0,2.88,3.0,28.76,11101.0,1201.42,1354.45,2007
2007-11-28,NASDAQ,3735.48,3046.465,3749.71,3012.645,762625801.0,1.08,0.02,13.24,3.62,82.0,23844.0,4919.0,1.36,111.74,36.0,2019.27,155.3,7159.0,2.53,38.0,76.62,14565.0,788.58,667.85,2007
2007-11-30,S&P 500,3760.19,3750.21,3764.18,3716.07,104752635.0,6.55,2.62,3.63,3.62,103.0,5274.0,2910.0,1.46,96.77,28.79,1607.81,259.97,9299.0,2.76,33.0,55.62,9440.0,1063.62,882.85,2007
2007-12-01,S&P 500,2264.41,2229.46,2307.18,2191.24,236093899.0,3.22,8.85,3.26,5.34,59.0,13061.0,3515.0,1.27,81.8,115.61,2014.09,386.68,9514.0,6.1,1.0,79.41,12231.0,2172.09,1845.79,2007
2007-12-03,Dow Jones,3439.25,3469.41,3511.13,3424.64,725663004.0,-3.68,6.66,13.26,5.61,85.0,29513.0,4799.0,1.05,101.14,89.36,1221.51,386.68,8485.0,8.37,2.0,93.6,3884.0,127.15,105.24,2007
2007-12-04,Dow Jones,1963.22,1957.37,1981.26,1910.82,195253840.0,1.16,3.65,9.59,8.28,56.0,26493.0,389.0,1.46,112.62,131.26,1108.63,417.18,1135.0,1.67,24.0,0.16,4479.0,1735.86,1464.39,2007
2007-12-05,S&P 500,2547.23,2546.29,2577.84,2518.64,631292291.0,3.19,0.59,9.59,4.09,65.0,27236.0,4797.0,1.04,86.37,137.74,1736.4450000000002,130.17,7197.0,6.55,3.0,35.44,14623.0,954.21,804.63,2007
2007-12-06,NASDAQ,1322.32,1357.2,1364.84,1287.49,731148022.0,3.19,8.3,10.48,3.85,65.0,14602.0,3368.0,1.39,106.71,144.22,2364.26,332.23,7656.0,6.02,46.0,37.02,6681.0,1747.4,1461.87,2007
2007-12-07,Dow Jones,1757.1149999999998,1609.26,1612.57,1558.81,208026566.0,8.51,1.71,10.48,3.72,110.0,23095.0,2843.0,1.08,109.66,100.96,1019.5,237.64,8115.0,2.82,48.0,3.43,6113.0,1354.42,1159.45,2007
2007-12-08,S&P 500,2191.91,2190.96,2202.71,2184.82,678425195.0,8.6,3.72,5.1,3.72,80.0,18222.0,2843.0,1.34,143.19,62.87,1755.34,107.06,1249.0,2.82,42.0,81.74,6113.0,212.05,194.58,2007
2007-12-09,NASDAQ,1359.04,1334.81,1365.43,1286.65,872194572.0,7.33,6.0,8.35,3.72,81.0,25542.0,2453.0,1.44,140.58,24.78,2491.18,138.84,7339.0,2.85,35.0,68.92,6113.0,123.48,114.48,2007
2007-12-10,Dow Jones,4643.31,4681.8,4697.42,4637.17,117929412.0,0.63,4.82,4.81,4.73,94.0,7501.0,635.0,1.13,93.23,114.29,2131.86,241.49,7339.0,5.37,26.0,52.86,11885.0,1429.16,1213.92,2007
2007-12-11,NASDAQ,1024.19,1031.89,1057.61,1011.45,237951227.0,5.76,1.99,8.29,3.01,94.0,27386.0,3391.0,1.17,118.92,68.57,2092.72,481.5,9023.0,5.37,3.0,40.56,13416.0,273.06,254.38,2007
2007-12-12,NASDAQ,2935.44,2907.55,2964.88,2866.87,943382981.0,5.76,1.41,14.44,8.99,71.0,8448.0,3857.0,1.03,131.19,44.785,2420.59,161.93,4497.0,8.78,24.0,89.55,13256.0,759.51,620.9,2007
2007-12-14,NASDAQ,2230.72,2261.03,2293.84,2188.81,802105158.0,0.14,8.63,14.24,4.41,57.0,16126.0,3949.0,1.26,107.61,21.0,1019.27,497.65,4316.0,4.83,24.0,33.52,10514.0,1686.72,1414.07,2007
2007-12-15,Dow Jones,4704.24,4658.65,4734.68,4632.86,918890221.0,-3.94,0.32,12.48,4.36,117.0,25795.0,453.0,0.88,148.94,48.795,2199.27,292.25,885.0,9.58,15.0,95.27,10514.0,380.37,339.55,2007
2007-12-16,Dow Jones,1646.78,1695.99,1716.58,1627.93,769087480.0,-0.02,9.77,6.61,8.94,117.0,26311.0,4930.0,1.05,133.18,76.59,1090.58,204.9,5519.0,5.64,44.0,6.56,14464.0,519.49,441.18,2007
2007-12-17,Dow Jones,4863.33,4826.37,4887.02,4780.28,74904693.0,1.91,1.99,12.56,2.55,65.0,9254.0,3991.0,1.04,110.6,36.13,1112.28,346.38,2702.0,4.79,39.0,78.08,14464.0,1053.62,441.18,2007
2007-12-18,S&P 500,1823.18,1852.79,1873.52,1821.37,393276187.0,9.33,1.1,14.0,6.63,97.0,9674.0,4430.0,0.91,117.39,62.685,1133.98,346.38,6717.0,8.57,21.0,71.83,7421.0,1053.62,1276.98,2007
2007-12-19,Dow Jones,3966.26,3955.74,4008.37,3912.93,521564105.0,-0.3,5.77,14.31,1.78,83.0,9674.0,405.0,1.27,123.8,89.24,1544.44,443.32,4409.0,8.57,31.0,90.2,4802.0,1253.53,1030.84,2007
2007-12-20,NASDAQ,3186.71,3185.93,3198.21,3174.39,65348931.0,8.54,0.8,10.88,5.195,106.0,27411.0,3095.0,0.92,114.92,129.5,1641.67,103.19,1458.0,1.58,1.0,9.15,101.0,381.23,341.41,2007
2007-12-21,Dow Jones,3170.5533333333333,4575.98,4576.27,4495.47,791402242.0,-1.57,6.02,10.88,6.13,54.0,21404.0,3808.0,1.34,108.81,128.53,906.25,498.71,9465.0,7.83,16.0,97.05,14770.0,691.96,591.18,2007
2007-12-22,NASDAQ,3154.3966666666665,3207.26,3248.54,3200.3,309496792.0,-1.57,8.51,2.52,6.45,93.0,29725.0,2314.0,0.97,105.15,127.56,1553.77,126.52,312.0,8.71,22.0,2.98,10800.0,959.41,817.04,2007
2007-12-23,S&P 500,3138.24,3141.99,3152.11,3109.23,878699542.0,2.78,0.48,2.52,4.62,93.0,13546.0,4248.0,1.0,91.83,90.78,1827.32,314.85,7842.0,0.73,24.0,33.84,10800.0,288.44,229.28,2007
2007-12-25,NASDAQ,1664.92,1615.15,1707.87,1591.47,873623164.0,-4.34,3.94,8.01,2.52,117.0,18614.0,375.0,0.91,86.4,68.25,1186.44,319.93,8320.0,4.24,11.0,5.21,4593.0,2040.2,1742.01,2007
2007-12-26,NASDAQ,4665.96,4640.44,4669.8,4603.11,533177567.0,-1.68,1.59,13.11,6.24,87.0,21223.0,246.0,1.1,122.07,42.58,1158.65,220.31,3044.0,7.04,12.0,96.48,11695.0,139.05,107.55,2007
2007-12-27,S&P 500,2311.35,3545.45,2334.73,2271.12,312379094.0,1.84,1.76,8.05,9.57,95.0,8379.0,3648.0,0.86,147.17,95.92,1462.02,220.31,7780.0,1.35,9.0,71.99,13938.0,2193.34,1827.96,2007
2007-12-28,Dow Jones,2488.33,2450.46,2513.09,2413.64,304022190.0,-0.03,9.19,10.59,3.92,75.0,24921.0,4825.0,1.1,106.25,90.75,2472.21,272.17,6316.0,9.73,3.0,50.62,696.0,2113.35,1749.36,2007
2007-12-29,Dow Jones,4039.29,4000.67,4069.75,3954.4,487813508.0,5.69,9.19,2.31,8.89,102.0,8300.0,2053.0,1.04,97.67,146.85,1371.58,220.28,6316.0,8.81,6.0,10.91,7135.0,1704.86,1418.32,2007
2007-12-30,S&P 500,2355.29,2346.39,2369.04,2324.05,552197220.0,2.67,8.67,5.25,1.91,112.0,19931.0,951.0,1.04,146.89,73.61,874.58,407.33,2353.0,4.06,24.0,52.65,6617.0,1160.75,969.47,2007
2007-12-31,NASDAQ,4808.25,4823.03,4858.87,4799.59,833087042.0,-2.59,5.44,7.67,9.39,112.0,10049.0,4623.0,1.26,136.12,81.63333333333334,1311.845,158.34,3839.0,8.93,24.0,32.07,1889.0,670.2,545.72,2007
2008-01-01,Dow Jones,3951.71,3972.92,4002.67,3949.32,842264610.0,8.42,0.39,10.2,3.83,87.0,27451.0,587.0,1.34,125.85,89.65666666666667,1749.11,182.0,6295.0,8.95,35.0,27.23,3904.0,1402.63,1196.28,2008
2008-01-02,S&P 500,3389.72,4142.46,3405.96,3345.25,686980684.0,-0.61,4.64,4.23,3.83,64.0,27451.0,1653.0,1.05,122.84,97.68,1501.32,201.11,9294.0,8.95,8.0,61.85,10076.0,2133.52,1196.28,2008
2008-01-03,Dow Jones,4523.58,4481.54,4524.85,4474.38,718147297.0,5.97,8.17,11.94,4.9,58.0,22109.0,1861.0,0.98,105.21,130.22,2116.18,273.95,9541.0,9.47,23.0,79.11,11361.0,1655.74,1417.08,2008
2008-01-04,S&P 500,1198.42,1242.46,1279.97,1170.52,901608343.0,6.7,7.26,6.74,7.32,71.0,18669.0,3283.0,1.15,124.89,52.23,1832.36,108.13,9915.0,9.77,5.0,50.34,7312.0,369.38,318.17,2008
2008-01-05,NASDAQ,2028.25,2004.32,2038.99,1995.07,325601280.0,9.45,4.89,12.63,7.34,119.0,14698.0,683.0,1.35,130.75,21.18,1751.08,496.71,6262.0,2.17,48.0,49.38,4166.0,1795.51,1520.79,2008
2008-01-06,Unknown,2860.15,2895.48,2937.2,1950.59,430549899.0,2.48,4.89,3.27,5.06,105.0,2462.0,4811.0,1.25,82.22,109.89,1349.09,496.71,7977.0,0.67,6.0,65.18,5010.0,1225.47,1017.95,2008
2008-01-07,S&P 500,1907.91,1944.26,1965.27,1906.11,917240647.0,4.24,1.2,10.84,5.47,86.0,15636.0,4410.0,0.83,88.24,24.08,1738.14,488.29,6766.0,3.31,15.0,12.55,5751.0,443.25,359.04,2008
2008-01-08,Dow Jones,3975.62,4002.87,4031.72,3934.04,998619794.0,0.02,9.1,5.81,0.79,106.0,7746.0,4705.0,1.16,102.06,73.21,1846.5,422.98,8285.0,4.89,16.0,82.88,2271.0,1611.55,1200.24,2008
2008-01-09,Dow Jones,4676.83,4643.71,4720.48,4614.14,688936264.0,0.02,8.46,12.34,3.39,106.0,9880.0,610.0,1.49,102.62,72.2,1104.65,422.98,2803.0,0.93,24.0,83.71,13045.0,125.42,96.87,2008
2008-01-10,Dow Jones,2695.08,2727.26,2770.44,2677.18,214085083.0,1.95,7.08,12.34,3.79,61.0,6465.0,4221.0,1.05,143.04,70.18,2050.98,422.98,8023.0,1.41,7.0,54.15,12617.0,1185.87,1023.26,2008
2008-01-11,Dow Jones,2368.53,2395.46,2414.04,2323.82,192670605.0,1.56,8.18,10.65,5.81,56.0,3178.0,3913.0,1.11,127.92,97.04,1467.99,113.78,184.0,9.72,2.0,18.84,13746.0,1025.48,873.76,2008
2008-01-12,S&P 500,4846.2,4855.87,4866.31,4842.69,6614810.0,7.83,5.44,14.15,5.8,115.0,22989.0,2340.0,1.0,132.28,123.9,2061.87,433.52,5758.0,7.37,24.0,50.13,4768.0,2147.33,1832.0,2008
2008-01-13,NASDAQ,2779.41,2763.13,3922.0750000000003,2714.11,10704081.0,-4.25,6.75,2.27,7.24,90.0,13868.0,2250.0,1.15,136.64,59.12,1102.11,337.38,8057.0,8.75,28.0,10.68,12387.0,1221.06,1044.69,2008
2008-01-14,S&P 500,2956.19,2932.44,2977.84,2901.63,826755433.0,8.23,5.61,2.14,7.31,73.0,11699.0,3302.0,0.91,142.995,43.41,1916.09,186.03,4966.0,9.71,20.0,76.35,14556.0,1748.97,1489.71,2008
2008-01-15,S&P 500,2406.6,2368.79,2416.2,2359.62,692771176.0,7.78,3.55,12.01,2.73,74.0,5807.0,442.0,0.97,149.35,70.49,845.7,488.03,3214.0,9.71,5.0,31.18,7523.0,774.96,650.69,2008
2008-01-16,S&P 500,4638.19,4639.17,4684.39,4604.24,637756421.0,2.6,5.69,10.4,7.82,111.0,20007.0,1523.0,1.3,134.71,37.12,1070.24,394.7,7977.0,6.88,22.0,31.18,5935.0,2239.36,1870.81,2008
2008-01-17,NASDAQ,3275.82,3284.35,3294.26,3237.65,638770400.0,2.35,5.69,5.81,0.69,93.0,3643.0,3967.0,0.9,136.59,109.75,2314.91,382.21,3772.0,1.84,49.0,94.51,13893.0,824.43,1870.81,2008
2008-01-18,Dow Jones,4048.7,4034.63,4049.99,4013.16,887424292.0,0.43,5.69,8.43,0.69,51.0,3300.0,4495.0,1.45,98.27,112.31,1584.5,206.8,6024.0,5.52,10.0,42.24,8808.0,1240.02,1067.56,2008
2008-01-19,Dow Jones,4247.23,4244.77,4248.24,4201.69,487813508.0,9.91,2.81,2.55,1.47,91.0,17207.0,245.0,1.02,90.15,94.49666666666667,1663.37,225.35,1473.0,2.1,5.0,78.98,413.0,2012.91,1677.46,2008
2008-01-20,Dow Jones,2367.4,2353.75,2398.52,2346.21,219668120.0,-3.33,1.23,4.5,7.43,82.0,28759.0,245.0,1.2,107.27,76.68333333333334,2342.88,367.19,9755.0,1.6,24.0,63.75,1460.0,1803.74,1552.52,2008
2008-01-21,NASDAQ,2734.78,2748.88,2781.96,2720.84,474680204.0,3.85,3.22,7.52,5.51,66.0,19086.0,4657.0,1.03,103.4,58.87,1624.39,337.42,9866.0,0.98,26.0,31.69,2224.0,582.37,470.59,2008
2008-01-22,Dow Jones,4393.89,4434.02,4449.57,4389.22,476638069.0,5.23,8.52,12.84,4.65,112.0,23086.0,1015.0,1.13,133.89,105.31,1912.8,358.91,5111.0,5.8,12.0,12.47,2224.0,652.88,557.93,2008
2008-01-23,NASDAQ,2453.02,2419.41,2469.02,2408.87,167864291.0,9.01,3.81,8.24,7.06,71.0,24326.0,2011.0,1.43,92.2,111.84,1177.32,451.53,6052.0,9.5,8.0,79.79,1776.0,1067.28,906.65,2008
2008-01-24,Dow Jones,4175.74,3573.735,4192.71,4151.94,17404064.0,6.7,7.48,9.62,0.85,50.0,2294.0,3801.0,0.85,116.92,117.03666666666668,938.67,164.16,7430.0,1.22,7.0,76.27,10439.0,742.3,630.19,2008
2008-01-25,Dow Jones,4763.97,4728.06,4797.98,4682.18,893872404.0,4.66,1.75,13.36,2.62,119.0,10940.0,1439.0,1.4,123.97,122.23333333333333,1400.7,164.16,2752.0,5.02,44.0,50.34,4491.0,104.25,95.75,2008
2008-01-26,S&P 500,3492.84,3505.33,3508.24,3488.93,884722593.0,-3.25,4.24,6.01,6.36,103.0,2842.0,2346.0,1.19,106.96,127.43,2157.76,325.85,2190.0,6.87,26.0,24.99,3878.0,1474.29,1226.97,2008
2008-01-27,NASDAQ,3966.51,3884.455,4035.86,3945.14,630486391.0,0.61,1.15,11.11,8.55,63.0,28469.0,4017.0,1.27,94.04,116.09,1559.62,300.06,396.0,4.96,31.0,76.65,12055.0,1315.9,1107.2,2008
2008-01-28,S&P 500,4220.39,4263.58,3568.51,4193.77,326299299.0,-2.92,1.39,13.2,5.195,102.0,12092.0,3051.0,0.84,142.7,103.83666666666667,1085.86,261.15,396.0,9.12,28.0,50.34,12055.0,1466.82,1237.64,2008
2008-01-29,S&P 500,4380.16,4358.05,3101.16,4313.12,478671568.0,8.22,6.17,4.63,5.195,55.0,10667.0,597.0,1.33,89.72,91.58333333333333,1726.67,461.89,3084.0,1.66,45.0,84.38,1560.0,485.72,399.7,2008
2008-01-30,S&P 500,2580.21,2625.23,2633.81,2530.33,55713353.0,6.24,6.07,6.63,5.43,113.0,19929.0,3048.0,0.89,111.34,79.33,2068.005,323.35,9008.0,0.24,32.0,50.34,2854.0,1860.56,1565.85,2008
2008-01-31,NASDAQ,1205.05,1161.38,1243.63,1123.71,137759254.0,6.36,2.13,14.74,6.41,82.0,1807.0,890.0,1.48,132.96,82.10499999999999,2409.34,326.9,7697.0,0.24,4.0,91.55,5870.0,145.52,122.92,2008
2008-02-01,NASDAQ,2607.51,2617.81,2628.98,2558.97,468301419.0,4.78,4.74,14.78,4.49,93.0,1807.0,4300.0,1.36,122.37,84.88,1781.6,246.57,4083.0,5.55,37.0,28.6,10862.0,145.52,1856.88,2008
2008-02-02,Dow Jones,3695.02,3650.73,3699.06,3611.37,674425146.0,2.61,8.63,4.9,8.83,83.0,15445.0,109.0,1.15,131.15,104.05,2471.04,237.63,6620.0,2.55,8.0,50.34,9069.0,1890.78,1588.0,2008
2008-02-03,S&P 500,2801.4,2840.78,2884.53,2753.24,282167233.0,-2.75,1.74,2.86,5.47,83.0,15184.0,3198.0,1.45,125.16666666666667,125.89,873.22,495.04,9599.0,1.68,12.0,32.16,1663.0,431.28,345.04,2008
2008-02-04,Dow Jones,3995.85,3998.83,4041.77,3960.49,474515746.0,-0.05,0.19,5.52,5.47,73.0,1955.0,2916.0,0.92,119.18333333333334,43.81,819.65,349.23,4526.0,8.05,32.0,97.2,5338.0,1535.33,1302.3,2008
2008-02-06,NASDAQ,3538.98,3572.14,3607.26,2819.435,895894840.0,5.87,0.53,7.73,4.78,57.0,1955.0,3666.0,1.3,113.2,79.96,2265.4,278.98,4526.0,4.43,24.0,50.34,9812.0,513.94,1302.3,2008
2008-02-07,NASDAQ,3768.23,1710.71,1773.53,1678.38,16489518.0,-2.6,9.8,10.04,7.13,74.0,11121.0,982.0,0.87,128.18,85.21,1691.49,176.74,7918.0,9.54,5.0,50.25,1372.0,1157.31,1302.3,2008
2008-02-08,NASDAQ,3997.48,3951.34,4040.13,3933.8,689854508.0,-2.6,6.1,10.04,2.59,81.0,5891.0,1771.0,1.05,122.07,90.46,2289.52,229.94,4911.0,6.13,38.0,7.99,5226.0,1746.45,1487.52,2008
2008-02-10,NASDAQ,1816.26,1797.75,1842.44,1768.88,491891905.0,1.89,4.3,13.05,3.53,56.0,4118.0,2274.0,1.23,115.96,135.21,1988.86,325.97,2584.0,3.6,35.0,37.32,5156.0,1746.45,100.01,2008
2008-02-11,S&P 500,2167.64,2894.5150000000003,2191.91,2083.86,754402386.0,-2.97,5.73,3.22,5.56,97.0,4118.0,1023.0,1.1,128.42,123.93,1921.79,161.85,9389.0,5.2,49.0,91.2,8946.0,1746.45,1398.51,2008
2008-02-12,Dow Jones,3994.43,3991.28,4012.13,3989.53,177432463.0,-0.28,0.91,2.54,0.68,103.0,25950.0,4366.0,0.97,106.74,112.65,1726.44,254.81,6239.0,7.34,47.0,5.54,11882.0,1253.06,1036.09,2008
2008-02-13,S&P 500,2930.4,2940.23,2942.275,2891.94,546550058.0,-0.2,9.3,8.55,8.91,112.0,28746.0,4582.0,0.97,142.56,82.28,1488.68,140.23,6239.0,8.23,18.0,73.43,1575.0,297.09,269.87,2008
2008-02-14,Dow Jones,1864.13,1817.23,1872.42,1781.09,557312555.0,-0.2,6.26,2.78,7.99,51.0,19089.0,2924.0,1.45,142.33333333333334,74.3,1900.02,298.61,670.0,6.5,10.0,40.0,1575.0,1479.83,1278.65,2008
2008-02-15,S&P 500,4869.08,4846.57,4876.56,4798.37,200147352.0,-3.29,1.84,7.1,2.36,84.0,13219.0,1253.0,0.96,141.88,34.73,1735.16,478.97,1414.0,7.9,24.0,26.9,1575.0,1709.21,1431.61,2008
2008-02-16,Dow Jones,3860.5,3813.78,3889.35,3767.24,400313408.0,7.44,5.63,13.66,9.37,71.0,1639.0,2170.0,1.47,125.05,28.34,1263.46,235.57,9239.0,0.88,24.0,51.79,7287.0,380.84,328.07,2008
2008-02-17,NASDAQ,4828.54,4820.57,4861.41,4782.46,300190401.0,6.42,5.63,5.14,3.5,113.0,4091.0,4700.0,0.95,122.05,147.12,977.85,119.88,8071.0,0.14,6.0,48.6,2015.0,380.84,328.07,2008
2008-02-18,Dow Jones,2708.42,2747.93,2757.6600000000003,2682.4,487813508.0,-2.21,0.18,11.18,7.08,108.0,21598.0,1020.0,1.07,112.9,103.51,1457.3,343.5,5552.0,7.34,40.0,34.95,8294.0,380.84,1503.1,2008
2008-02-19,NASDAQ,2900.4,2907.145,2968.21,2890.19,866551873.0,5.79,6.31,5.93,8.28,98.0,5214.0,3582.0,0.81,90.83,78.82,1671.14,353.89,4695.0,2.62,30.0,64.92,512.0,1732.13,1450.45,2008
2008-02-21,Dow Jones,3100.2,3066.36,3112.53,3028.09,393170205.0,6.22,5.84,9.24,9.22,70.0,29606.0,4607.0,0.87,83.68,31.85,1523.49,258.74,4677.0,5.36,45.0,7.81,512.0,1740.68,1452.77,2008
2008-02-22,S&P 500,3829.12,3869.7,3903.12,3784.34,232752626.0,-2.17,1.83,12.85,5.195,61.0,26621.0,2901.0,1.05,98.9,98.97,1356.5,457.07,5688.0,4.79,16.0,59.58,12141.0,1412.88,1185.72,2008
2008-02-23,S&P 500,2008.69,2010.31,2047.32,1969.2,931354313.0,-2.64,6.03,7.32,9.95,60.0,27919.0,1875.0,1.39,87.68,105.88,1395.84,475.37,425.0,7.73,14.0,71.1,4640.0,1991.59,1681.89,2008
2008-02-24,S&P 500,2786.91,2752.28,2809.32,2742.5199999999995,483927890.0,-1.45,0.57,10.02,2.23,103.0,27919.0,128.0,1.35,87.48,78.77,1525.84,369.26,7330.0,7.41,24.0,7.68,14662.0,1099.52,927.41,2008
2008-02-25,S&P 500,1493.8,1535.97,1582.85,1463.82,405411369.0,0.49,6.09,13.7,3.4,119.0,8957.0,2392.0,1.39,107.33,100.54666666666667,1785.84,300.49,7447.0,7.04,29.0,65.95,1469.0,2078.76,1764.63,2008
2008-02-26,S&P 500,1823.92,1849.67,1886.5,1807.31,364121103.0,6.9,5.54,13.7,6.54,63.0,16257.0,3803.0,1.44,91.23,144.1,2244.81,127.02,6047.0,6.9,38.0,80.42,12225.0,2000.17,1676.63,2008
2008-02-27,Unknown,1003.77,1513.825,1049.84,1003.31,220711628.0,2.76,6.55,4.52,7.46,82.0,8793.0,925.0,1.44,107.565,59.15,2295.47,220.42,3335.0,5.15,13.0,83.21,10045.0,972.6,798.08,2008
2008-02-28,S&P 500,1157.06,1177.98,1206.45,1147.05,487813508.0,8.88,8.95,11.53,5.58,75.0,15832.0,3841.0,1.34,123.9,80.55499999999999,2489.33,214.04,9675.0,9.26,30.0,4.26,6920.0,1855.82,798.08,2008
2008-02-29,NASDAQ,4909.14,4879.17,4943.77,4873.51,63668031.0,-4.12,8.5,8.52,1.2,63.0,15832.0,238.0,1.21,112.44,101.96,950.99,123.3,4173.0,8.91,8.0,69.77,3511.0,1609.71,1386.01,2008
2008-03-01,Unknown,1969.41,1940.51,1999.02,1898.37,154879409.0,-4.83,9.81,11.7,8.5,97.0,27832.0,4552.0,1.19,100.98,94.66,1164.24,437.35,8846.0,3.29,24.0,79.72,5270.0,759.91,1386.01,2008
2008-03-02,NASDAQ,3653.24,2254.51,3716.0,3640.31,903170423.0,5.49,9.76,8.43,9.63,114.0,24042.0,4552.0,0.81,101.64,118.12,2041.35,446.82,8494.0,8.05,24.0,39.74,10712.0,1965.04,1654.24,2008
2008-03-03,Dow Jones,4356.4,2882.51,4374.24,4314.14,886758407.0,-0.81,7.72,3.66,4.35,95.0,20857.0,1262.0,1.31,97.25,117.99,1896.91,464.95,8494.0,8.91,1.0,50.34,11021.0,1064.18,912.57,2008
2008-03-04,Dow Jones,3202.64,3196.51,3217.63,3148.51,146672119.0,0.01,9.56,9.41,4.35,104.0,26610.0,3539.0,0.96,134.73,82.485,1027.57,396.72,4979.0,6.18,24.0,26.59,13356.0,987.42,840.04,2008
2008-03-05,NASDAQ,1612.58,1640.78,1651.47,1593.63,487813508.0,3.2,8.67,8.4,4.35,117.0,2769.0,2633.0,1.38,109.96,46.98,1872.73,384.21,1687.0,5.56,21.0,31.09,8644.0,1502.57,1265.76,2008
2008-03-06,Dow Jones,3912.47,3940.87,3942.76,3911.99,799316126.0,-3.46,7.28,8.73,0.68,61.0,28038.0,1459.0,1.19,118.67,135.33,1490.99,291.13,1687.0,6.72,15.0,50.34,8769.0,781.75,662.72,2008
2008-03-07,S&P 500,3401.01,3947.545,3403.1600000000003,3382.15,597766892.0,4.64,0.75,13.43,7.15,103.0,19367.0,2325.0,1.49,106.22,52.28,2426.66,442.96,3174.0,1.63,1.0,15.2,2391.0,1244.26,1051.54,2008
2008-03-08,S&P 500,3925.0,3954.22,4176.655,4139.96,778294296.0,-0.12,0.49,13.63,9.16,113.0,18097.0,2660.0,0.95,90.98,32.22,2253.91,304.05,1212.0,0.87,14.0,37.11,5776.0,1754.69,1460.72,2008
2008-03-10,S&P 500,4901.64,4917.12,4950.15,4897.77,227063782.0,2.76,4.9,7.92,5.76,86.0,11684.0,2260.0,1.18,140.78,82.82,952.98,333.96,1212.0,5.73,22.0,23.9,12231.0,1289.75,1073.66,2008
2008-03-12,NASDAQ,5916.4,2343.96,2409.02,2334.49,935042038.0,8.96,3.13,8.75,3.13,76.0,25982.0,1239.0,0.99,145.91,63.38,814.23,308.52,8771.0,4.16,42.0,83.88,7682.0,903.4,744.96,2008
2008-03-13,S&P 500,3593.86,3575.34,3617.87,3557.28,677342840.0,2.96,3.98,14.36,5.91,91.0,26657.0,1897.0,0.84,129.715,86.78,960.46,276.28,3418.0,2.98,24.0,24.3,7290.0,1579.5,1335.24,2008
2008-03-14,Dow Jones,1273.76,1235.44,1317.28,1192.34,86910001.0,8.84,7.0,10.44,7.29,117.0,10296.0,4236.0,1.18,113.52,61.98,2385.41,298.72,3033.0,8.75,24.0,66.01,2200.0,620.47,531.29,2008
2008-03-15,S&P 500,4589.59,4566.91,4607.56,4545.69,303579301.0,-1.88,9.15,5.61,8.46,78.0,16160.0,3079.0,1.17,104.48666666666666,31.61,2147.13,143.43,7950.0,5.07,24.0,25.49,5261.0,2086.55,1760.99,2008
2008-03-16,S&P 500,1477.52,1448.47,1523.86,1402.69,442387176.0,2.76,0.88,8.91,4.8,85.0,15186.0,1290.0,1.02,95.45333333333333,77.43,1943.61,105.81,3894.0,5.78,4.0,14.29,12039.0,359.87,320.37,2008
2008-03-17,NASDAQ,2870.25,2306.9,2346.3,2282.0,523425925.0,1.06,8.61,10.15,4.8,106.0,6495.0,1344.0,1.49,86.42,123.25,2211.4,236.07,2543.0,2.35,22.0,94.34,11979.0,1968.66,1663.4,2008
2008-03-18,NASDAQ,4262.98,2125.825,4316.68,4243.04,990814609.0,6.61,7.93,10.32,3.37,61.0,1069.0,4508.0,0.85,97.03,144.06,1876.33,236.07,4354.0,7.99,43.0,63.36,11220.0,1132.58,947.5,2008
2015-01-01,S&P 500,4799.95,1944.75,1957.76,1871.12,763931037.0,1.87,3.91,6.77,9.54,119.0,18316.0,3089.0,1.14,98.95,26.31,1541.26,425.0,4263.0,8.04,42.0,94.03,10646.0,1341.64,947.5,2015
2015-01-02,NASDAQ,4726.96,4729.82,4745.31,4722.42,487813508.0,8.22,9.89,10.26,9.54,69.0,29089.0,3089.0,0.97,144.49,82.31,1440.55,181.6,2076.0,8.83,2.0,81.7,3580.0,1341.64,1187.32,2015
2015-01-03,NASDAQ,4560.39,4582.19,4621.6,4521.0,167664189.0,-4.33,7.55,14.75,9.1,113.0,8349.0,1399.0,0.92,140.25,53.54,1807.76,496.11,2076.0,3.33,24.0,81.84,3475.0,605.32,534.68,2015
2015-01-04,Unknown,2569.83,2561.57,2598.5,2560.96,618799566.0,5.12,0.79,5.57,8.44,55.0,14255.0,1533.0,0.83,136.01,24.77,1090.91,406.93,4792.0,2.45,11.0,41.27,2795.0,651.55,550.96,2015
2015-01-05,NASDAQ,2567.44,2601.07,2639.81,2540.76,65609985.0,2.82,2.61,11.48,7.42,112.0,20987.0,4227.0,1.04,84.42,92.1,1394.41,347.23,1970.0,0.92,39.0,28.38,8895.0,1350.08,1170.63,2015
2015-01-06,S&P 500,4737.73,4775.56,4816.06,4691.35,248747814.0,2.82,8.8,8.72,8.96,109.0,7385.0,1109.0,1.04,142.91,62.11,1013.56,279.99,8490.0,3.42,31.0,44.18,11756.0,1746.13,1440.2,2015
2015-01-07,S&P 500,8366.25,3385.28,3435.18,3304.73,185736837.0,8.23,2.23,11.25,7.73,111.0,7385.0,4865.0,0.89,108.32,36.12,1919.46,134.83,1438.0,4.75,24.0,62.74,11164.0,2281.57,1902.29,2015
2015-01-08,Dow Jones,4625.75,4629.28,4661.11,4577.74,595281205.0,8.26,9.76,11.25,9.41,73.0,529.0,165.0,1.4,121.75999999999999,59.41666666666667,2332.89,415.58,1438.0,6.81,24.0,55.04,225.0,548.92,481.46,2015
2015-01-09,S&P 500,3647.34,3664.47,3695.67,3616.67,810263495.0,-3.1,4.03,14.1,3.28,60.0,3555.0,165.0,1.08,135.2,82.71333333333334,1681.45,231.76,9879.0,5.62,24.0,82.54,3500.0,175.63,151.23,2015
2015-01-10,NASDAQ,2673.56,2690.3,2705.03,2668.96,929204805.0,-3.08,2.0,14.1,8.71,111.0,13714.0,3264.0,1.18,122.11,106.01,1806.98,221.83,1789.0,8.23,44.0,65.01,12966.0,1005.83,151.23,2015
2015-01-11,S&P 500,3612.65,3637.79,3652.23,3579.08,965689215.0,2.41,5.12,9.78,5.33,81.0,4281.0,1016.0,1.13,144.49,44.11,1932.59,394.47,8499.0,8.32,1.0,50.34,4075.0,1886.3,1613.98,2015
2015-01-12,NASDAQ,2483.76,2458.31,2491.64,2443.51,839784669.0,-4.61,9.26,13.31,5.33,53.0,27193.0,4361.0,1.14,97.95,53.38,2058.2,185.24,9603.0,5.12,3.0,89.26,7327.0,1886.3,1539.11,2015
2015-01-13,NASDAQ,2490.04,2499.65,2506.56,2455.13,309547395.0,5.99,9.81,2.71,4.38,109.0,15087.0,1765.0,1.05,81.44,85.09,1712.25,180.13,9603.0,5.12,9.0,93.55,10177.0,1291.88,1073.35,2015
2015-01-14,NASDAQ,1405.49,1378.86,1447.15,1351.67,675704817.0,-0.11,1.46,7.65,5.08,115.0,23502.0,1745.0,1.03,99.47,120.24,828.34,376.43,5780.0,6.16,20.0,8.76,4354.0,940.52,816.99,2015
2015-01-15,S&P 500,1989.855,2837.87,2858.77,1935.21,878167002.0,-3.97,2.71,10.89,4.17,96.0,18722.0,3497.0,1.01,84.69,114.75,1651.58,121.85,5023.0,9.86,7.0,69.43,13009.0,321.56,272.71,2015
2015-01-16,Dow Jones,2574.22,2565.96,3740.5,2518.75,96565264.0,9.85,8.63,14.76,7.2,118.0,5581.0,3311.0,1.33,108.6,86.76,2018.68,121.85,9811.0,6.35,24.0,86.27,1303.0,375.38,304.72,2015
2015-01-17,NASDAQ,4576.38,4547.46,4622.23,4498.11,670822510.0,9.49,9.72,14.76,5.41,116.0,22267.0,477.0,0.83,99.96,136.33,1791.98,206.82,9583.0,6.69,9.0,30.12,10537.0,2238.36,1918.33,2015
2015-01-18,Dow Jones,1402.55,3774.01,1459.94,1360.95,218426967.0,0.57,5.95,6.64,5.41,104.0,24563.0,2900.0,0.86,133.59,90.11,2347.75,235.94,5487.0,8.39,24.0,84.18,7673.0,2203.11,1888.19,2015
2015-01-19,Unknown,2971.28,3000.56,3044.79,2933.2000000000003,50633476.0,5.82,5.66,13.03,2.56,104.0,8114.0,1716.0,1.2,117.94,103.94,1129.6,373.57,338.0,5.35,7.0,9.66,10234.0,2011.06,1728.52,2015
2015-01-20,Dow Jones,4995.57,4965.92,5023.56,4945.36,116117648.0,5.61,5.99,4.62,5.37,56.0,17891.0,640.0,1.07,116.54,112.72999999999999,1488.77,181.19,4741.0,5.94,2.0,74.0,5077.0,842.7,706.74,2015
2015-01-21,S&P 500,2298.05,2283.73,2324.62,2242.2,690590556.0,9.31,8.5,13.75,2.32,50.0,27438.0,1058.0,1.39,118.24,121.52,1697.0,394.6,4192.0,9.88,28.0,65.92,13147.0,498.89,398.52,2015
2015-01-22,S&P 500,3210.65,3185.85,3227.81,3163.93,901132708.0,-3.8,3.45,6.15,0.63,90.0,16297.0,3997.0,0.92,100.2,124.31,1905.23,239.3,4192.0,0.64,38.0,31.93,2181.0,277.94,230.76,2015
2015-01-23,NASDAQ,4196.63,4172.2300000000005,4230.48,4143.42,487813508.0,9.97,3.8,11.52,0.63,95.0,11443.0,4963.0,1.19,110.48,127.1,2082.31,364.27,592.0,7.8,22.0,61.07,1281.0,1596.1,1326.89,2015
2015-01-24,S&P 500,2406.6,2368.79,2416.2,2359.62,692771176.0,7.78,3.55,12.01,2.73,74.0,5807.0,442.0,0.97,149.35,70.49,845.7,488.03,3214.0,7.8,5.0,31.18,7523.0,1217.62,995.15,2015
2015-01-25,NASDAQ,4636.81,4612.16,2301.965,4599.21,965050184.0,-4.98,4.83,4.06,1.8,59.0,5807.0,1081.0,0.81,132.85,84.82499999999999,1504.31,192.72,161.0,9.68,38.0,28.31,11406.0,317.68,282.25,2015
2015-01-26,Dow Jones,2165.84,2124.38,2187.73,2103.79,999720907.0,3.48,4.4,2.96,2.63,70.0,28692.0,2397.0,0.8700000000000001,130.14,99.16,2395.73,176.88,2057.0,4.98,24.0,88.0,4571.0,1398.15,282.25,2015
2015-01-27,NASDAQ,2970.28,2977.17,2988.23,2965.23,282524239.0,1.07,8.06,4.92,8.62,81.0,5576.0,908.0,0.93,89.39,65.35,2486.93,351.35,2900.0,1.56,24.0,87.14,9256.0,728.34,587.73,2015
2015-01-28,S&P 500,2349.38,2313.8,2366.23,2266.42,744523374.0,1.23,7.62,5.66,5.83,53.0,10702.0,1022.0,1.06,137.46,86.18,917.33,351.35,6718.0,3.43,24.0,0.25,5015.0,451.45,405.39,2015
2015-01-29,NASDAQ,1354.42,1367.03,1386.93,1331.89,350571006.0,3.13,6.42,7.14,4.43,108.0,14213.0,1645.0,1.25,132.67,32.74,1751.23,411.6,9278.0,9.56,12.0,28.75,5015.0,1740.01,405.39,2015
2015-01-30,S&P 500,1749.65,2472.66,1794.91,2442.8149999999996,779928276.0,8.64,7.72,6.78,7.37,52.0,20993.0,800.0,1.23,119.52,65.66999999999999,2339.23,464.43,4531.0,0.41,6.0,68.46,9685.0,1740.01,1808.59,2015
2015-01-31,NASDAQ,2730.27,3578.29,3637.06,3553.74,566951676.0,9.13,7.72,6.78,2.31,112.0,9948.0,1711.0,1.21,145.15,98.6,1190.4,144.87,3821.0,9.02,33.0,53.54,7894.0,1833.23,1543.38,2015
2015-02-01,S&P 500,3710.89,3712.35,3756.92,3674.93,395421030.0,-3.8,9.32,7.59,7.61,108.0,24948.0,536.0,1.26,128.55,40.09,1144.7,212.94,1840.0,8.82,32.0,2.15,3392.0,1946.78,1610.85,2015
2015-02-02,Dow Jones,3576.6,3561.56,3589.85,3525.2,838858770.0,5.79,9.32,11.91,6.19,66.0,12597.0,4765.0,0.98,126.62,36.285,846.45,421.86,6983.0,5.07,39.0,9.41,5641.0,1563.56,1311.37,2015
2015-02-03,NASDAQ,4826.88,4845.89,4868.3,4815.87,567324160.0,5.52,2.04,2.75,2.55,102.0,24511.0,4765.0,0.89,83.88,32.48,1871.59,167.86,6983.0,4.49,13.0,42.31,11844.0,1065.79,899.44,2015
2015-02-04,NASDAQ,4862.99,4842.18,4885.56,4799.7,627355907.0,4.65,2.46,2.03,0.91,77.0,27582.0,2595.0,1.17,146.24,36.42,2272.3,422.96,1934.0,2.38,24.0,64.67,12576.0,2211.28,1880.05,2015
2015-02-05,NASDAQ,3022.79,2981.71,3547.1450000000004,2943.51,919125065.0,4.33,1.51,13.87,3.62,77.0,2173.0,2490.0,0.9,106.7,63.39,1377.2,355.4,3367.0,9.27,19.0,30.59,12040.0,1549.41,1288.62,2015
2015-02-06,NASDAQ,3308.675,2187.14,2208.73,2096.0,551857874.0,4.33,2.34,10.3,2.01,111.0,6311.0,1371.0,0.88,92.27,23.1,1301.34,355.4,374.0,2.19,18.0,99.49,958.0,280.4,228.87,2015
2015-02-07,Unknown,3594.56,3579.29,3611.65,3564.85,579582120.0,-1.45,4.93,11.43,4.11,99.0,29490.0,2775.0,1.42,96.59,116.93,1533.935,479.93,7522.0,6.23,40.0,59.69,8961.0,815.68,664.45,2015
2015-02-08,Dow Jones,3085.84,3073.67,3120.17,3023.9300000000003,487813508.0,5.05,9.25,2.31,9.07,117.0,22035.0,4388.0,0.88,100.91,72.385,1766.53,160.48,9496.0,2.83,39.0,55.58,8961.0,277.35,218.09,2015
2015-02-09,NASDAQ,4737.22,4780.39,4814.06,4733.02,939652027.0,-0.89,4.88,14.09,7.42,117.0,24449.0,3931.0,1.05,80.33,27.84,2379.65,134.12,8592.0,4.81,10.0,48.66,468.0,1642.17,1389.33,2015
2015-02-10,Dow Jones,4868.51,4824.13,4874.41,4805.58,630562028.0,0.09,9.16,4.99,9.73,101.0,2515.0,1610.0,1.48,113.52,25.65,2091.55,131.64,6152.0,4.72,48.0,17.22,13738.0,821.35,1389.33,2015
2015-02-11,S&P 500,4582.7,4554.25,4589.19,4513.08,128610035.0,4.32,1.73,10.47,2.3,111.0,23151.0,4692.0,1.42,83.93,47.22,2033.15,403.51,2346.0,3.87,17.0,90.23,7188.0,547.19,1389.33,2015
2015-02-12,Dow Jones,1671.26,3537.79,1707.2,1660.66,558846257.0,7.82,6.4,7.92,7.35,97.0,2594.0,3987.0,1.36,82.86,68.79,1974.75,458.11,323.0,3.46,24.0,96.29,552.0,180.89,161.69,2015
2015-02-13,Dow Jones,2480.93,2521.33,2566.89,2456.35,528547574.0,5.53,8.72,14.1,9.67,90.0,29947.0,3556.0,1.36,81.37,79.49,1974.005,249.9,2612.0,0.04,18.0,69.04,4885.0,550.77,161.69,2015
2015-02-14,Dow Jones,2199.1949999999997,1355.75,1399.32,1335.41,779671335.0,-1.06,0.24,5.19,2.46,105.0,2362.0,3788.0,1.13,144.36,54.675,1973.26,127.17,399.0,1.04,34.0,32.0,12298.0,506.99,405.05,2015
2015-02-15,S&P 500,1917.46,1951.02,1933.58,1887.3,831156966.0,3.45,2.52,4.37,6.64,73.0,3140.0,1584.0,1.18,146.25,29.86,1021.58,499.42,245.0,9.61,24.0,4.9,2683.0,251.92,226.45,2015
2015-02-16,S&P 500,2547.23,2546.29,2577.84,2518.64,631292291.0,3.19,0.59,6.76,4.09,65.0,27236.0,4797.0,1.04,86.37,94.53,1290.51,130.17,7197.0,6.55,3.0,35.44,2683.0,1781.61,1511.62,2015
2015-02-17,NASDAQ,2900.4,2602.62,2968.21,2890.19,866551873.0,5.79,6.31,5.93,8.28,98.0,5214.0,3582.0,0.81,90.83,78.82,1671.14,353.89,4695.0,2.62,30.0,64.92,512.0,846.85,707.56,2015
2015-02-18,S&P 500,2673.34,2658.9500000000003,2708.85,2642.0200000000004,31091529.0,0.38,8.34,4.88,2.05,90.0,7983.0,2118.0,1.45,121.34,68.61,1439.77,343.38,3074.0,5.87,8.0,21.09,959.0,351.28,288.38,2015
2015-02-19,NASDAQ,1493.14,2562.915,1501.73,1400.3,487813508.0,2.89,6.27,4.38,7.18,67.0,1428.0,1252.0,1.05,148.62,28.83,1071.24,215.44,5659.0,8.96,15.0,41.75,6605.0,917.88,787.24,2015
2015-02-20,S&P 500,1294.58,2466.88,2470.3,1208.255,936505269.0,5.91,1.25,8.92,9.14,79.0,25697.0,4059.0,1.08,149.5,57.01,1888.05,165.4,7618.0,4.35,45.0,56.58,9464.0,521.16,433.17,2015
2015-02-21,Dow Jones,1096.02,1064.2,1100.13,1016.21,294910479.0,-1.2,1.25,7.47,6.86,84.0,27392.0,2195.0,0.82,115.66,116.85,1350.78,150.59,9982.0,1.65,24.0,51.59,5314.0,521.16,1600.57,2015
2015-02-22,S&P 500,4563.42,4576.24,4622.61,4539.15,933675051.0,7.76,5.69,13.29,5.58,75.0,2329.0,3831.0,1.05,83.12,129.075,1910.38,196.6,303.0,4.76,39.0,11.12,13876.0,2195.96,1836.44,2015
2015-02-23,Dow Jones,3524.645,2705.08,2721.82,2657.96,723854755.0,5.31,0.08,10.47,5.58,60.0,28770.0,1618.0,1.32,105.68,141.3,2143.7,107.32,619.0,7.37,20.0,87.44,4889.0,323.73,258.67,2015
2015-02-24,NASDAQ,2485.87,2506.55,2523.41,2468.63,788283168.0,5.76,6.08,4.05,8.04,60.0,13607.0,4771.0,1.26,145.22,115.88,1357.48,393.06,4548.0,3.64,28.0,60.29,12529.0,1873.24,1587.85,2015
2015-02-25,S&P 500,4162.04,4181.38,4213.88,4125.73,882697483.0,0.89,2.22,5.5,2.48,59.0,13607.0,2089.0,1.34,96.77,92.265,1396.9450000000002,370.8,8541.0,4.35,9.0,73.14,2992.0,247.45,231.22,2015
2015-02-26,Dow Jones,1274.85,1261.58,1311.44,1213.65,176749261.0,5.91,7.33,5.93,1.43,66.0,13607.0,613.0,1.34,115.71,68.65,1436.41,370.8,5704.0,4.35,33.0,44.93,12477.0,2090.75,1803.6,2015
2015-02-27,Dow Jones,4233.62,4192.52,4278.39,4183.84,47425245.0,2.69,1.47,7.28,2.34,50.0,17995.0,766.0,1.44,147.74,63.58500000000001,810.75,334.61,5154.0,6.96,9.0,95.91,11322.0,207.98,168.79,2015
2015-02-28,S&P 500,4288.41,4296.09,3552.12,4265.89,475226213.0,-1.83,0.45,12.07,6.79,72.0,8723.0,1555.0,1.47,113.02,58.52,1689.57,443.2,9155.0,6.96,24.0,29.52,214.0,1896.07,1571.55,2015
2015-03-01,Dow Jones,4114.255,2795.54,2825.85,2762.88,787560424.0,-1.83,7.74,11.28,9.44,75.0,17821.0,3825.0,1.05,121.17,63.510000000000005,1426.94,148.78,1810.0,3.12,21.0,0.89,12635.0,468.97,404.81,2015
2015-03-02,S&P 500,3940.1,2711.75,4006.82,3904.49,654334979.0,2.59,9.13,11.74,9.41,88.0,18488.0,512.0,0.93,128.17,68.5,1251.95,485.15,6084.0,1.58,24.0,20.67,4488.0,640.09,523.41,2015
2015-03-03,Dow Jones,2591.46,2627.96,2636.05,2582.47,368325017.0,3.27,3.54,4.55,5.62,52.0,4680.0,3530.0,1.03,130.0,73.49000000000001,1076.96,494.75,4923.0,8.96,20.0,82.39,12988.0,879.8,745.4,2015
2015-03-04,S&P 500,1645.45,1666.17,1695.63,1641.78,487813508.0,5.08,3.88,4.48,4.75,70.0,26421.0,2815.0,1.44,101.74,78.48,901.97,369.07,4923.0,9.79,18.0,37.01,12900.0,2292.93,1931.49,2015
2015-03-05,S&P 500,4762.02,4747.52,4784.59,4704.41,365495635.0,3.0,0.4,13.49,6.82,98.0,21892.0,169.0,0.94,127.66,84.11500000000001,2294.7,264.84,948.0,1.36,7.0,16.21,11733.0,2292.93,1806.13,2015
2015-03-06,Dow Jones,3385.87,3371.65,3412.13,3340.75,215711740.0,3.06,8.95,13.17,8.04,76.0,26706.0,4347.0,0.81,100.8,89.75,2351.09,497.66,3947.0,6.91,46.0,6.27,6038.0,333.52,261.83,2015
2015-03-07,Unknown,3627.02,3787.615,3690.62,3589.54,773252578.0,3.81,8.68,14.61,5.59,98.0,15757.0,4347.0,1.24,99.96,142.93,1909.6,335.14,3947.0,4.44,45.0,27.44,6938.0,1632.71,1373.35,2015
2015-03-08,Dow Jones,4227.86,4203.58,4255.67,4191.61,215015883.0,0.18,4.16,14.2,7.12,72.0,11118.0,3065.0,1.06,134.7,98.74,2070.12,408.08,3947.0,6.66,44.0,8.54,5871.0,1632.71,1658.68,2015
2015-03-09,Dow Jones,3696.08,3708.76,3733.67,3673.63,789396685.0,2.25,1.86,2.9,2.33,94.0,28194.0,4436.0,0.88,89.94,36.29,2429.04,312.51,4325.0,9.83,7.0,75.71,12789.0,1632.71,1260.73,2015
2015-03-10,NASDAQ,3403.78,3419.16,3441.65,3377.98,883396181.0,2.63,1.86,2.44,2.74,68.0,7776.0,3575.0,1.41,132.99,32.315,1742.14,404.91,7697.0,6.97,35.0,82.32,424.0,1036.5,1260.73,2015
2015-03-11,Dow Jones,3860.5,3813.78,3889.35,3767.24,400313408.0,7.44,5.63,13.66,9.37,71.0,1639.0,2170.0,1.47,125.05,28.34,1263.46,235.57,9239.0,0.88,24.0,51.79,7287.0,1834.87,1569.16,2015
2015-03-12,NASDAQ,1698.59,1709.93,3007.96,1659.88,910634720.0,4.13,4.68,3.27,6.75,112.0,1639.0,4220.0,1.41,89.27,113.38,1482.74,187.48,6763.0,7.18,7.0,6.07,3480.0,120.08,113.14,2015
2015-03-13,NASDAQ,2057.11,2100.73,2126.57,2049.11,418802559.0,4.13,6.29,4.8,7.17,50.0,13708.0,3787.0,1.05,85.66,106.00666666666666,1280.8,359.57,2149.0,1.66,37.0,86.44,12659.0,220.52,194.41,2015
2015-03-14,Dow Jones,2644.76,2688.0200000000004,2726.22,2623.46,458870468.0,2.36,7.34,7.23,9.89,76.0,18705.0,2111.0,0.89,143.83,98.63333333333334,1556.09,194.05,1560.0,1.66,1.0,51.08,14186.0,1441.37,1200.48,2015
2015-03-15,S&P 500,4397.79,4378.77,4435.65,2405.745,154220453.0,1.26,7.57,14.05,0.68,95.0,28614.0,1443.0,1.26,82.91,91.26,1808.29,472.18,4786.0,4.96,29.0,0.35,9425.0,929.33,826.6,2015
2015-03-16,S&P 500,2225.25,2232.9,2241.44,2188.03,938275278.0,9.47,8.98,7.39,9.2,51.0,1623.0,4214.0,1.24,128.24,79.37,1974.75,145.74,7136.0,6.25,42.0,87.24,6146.0,1730.81,1481.87,2015
2015-03-17,S&P 500,4127.3,4109.97,4141.070000000001,4088.22,487813508.0,-4.7,1.51,3.39,0.97,70.0,26338.0,3064.0,1.05,80.06,22.66,1245.58,258.49,8912.0,7.76,24.0,49.39,9169.0,1148.8,976.29,2015
2015-03-18,S&P 500,3893.77,3850.33,3926.96,3803.83,170134221.0,-4.7,5.76,11.45,1.68,60.0,14110.0,4233.0,1.16,113.78,59.715,1338.2,354.34,4475.0,2.95,46.0,55.27,4210.0,1646.52,1345.3,2015
2015-03-19,Dow Jones,1990.24,1951.6,2013.63,1928.91,487813508.0,3.18,6.92,4.2,1.93,103.0,10083.0,454.0,0.93,147.5,96.77,1401.76,379.31,4475.0,4.22,15.0,50.34,6123.0,2051.19,1716.47,2015
2015-03-20,S&P 500,1929.54,1949.21,1995.16,1929.34,644346293.0,1.74,9.03,6.43,7.96,85.0,2344.0,1566.0,1.11,113.38,32.02,934.63,202.74,5700.0,8.27,25.0,92.18,10513.0,838.71,673.67,2015
2015-03-21,S&P 500,3956.27,3999.26,3999.39,3947.22,326710742.0,4.2,3.82,3.89,3.53,89.0,8309.0,381.0,1.35,124.68,59.02,1690.58,488.76,6400.0,5.66,20.0,2.61,5728.0,653.14,520.15,2015
2015-03-22,S&P 500,2003.52,2020.37,2028.37,1986.72,764444210.0,-0.61,4.29,10.37,2.78,78.0,20312.0,4153.0,1.1,101.72,22.5,938.54,230.61,169.0,8.31,24.0,14.09,10147.0,2044.47,1750.7,2015
2015-03-23,S&P 500,4487.65,4492.139999999999,4513.53,4443.7,195575775.0,8.55,5.48,3.53,2.84,78.0,25997.0,725.0,0.96,100.17,40.67,2218.95,235.9,3537.0,4.83,43.0,50.34,7245.0,706.26,599.54,2015
2015-03-24,Dow Jones,1993.51,4359.2,2040.4,1930.56,383321359.0,7.89,3.93,11.6,2.95,111.0,24103.0,2691.0,1.34,130.54,91.83,2440.62,478.27,5536.0,8.13,1.0,50.34,7245.0,759.95,645.26,2015
2015-03-25,NASDAQ,4222.6,4226.26,4256.43,3335.55,430574417.0,-3.26,4.95,3.24,4.49,75.0,21934.0,4393.0,1.09,100.06,139.78,1416.0,471.03,2421.0,2.64,32.0,78.44,12900.0,486.89,408.01,2015
2015-03-26,NASDAQ,4763.52,4766.18,4205.585,4740.54,697076064.0,-3.26,4.95,5.16,4.49,93.0,7561.0,4073.0,1.07,122.68,118.66,2317.33,325.85,758.0,1.04,40.0,49.33,9280.0,1061.66,879.02,2015
2015-03-27,NASDAQ,4129.7,4102.45,4154.74,4063.52,825479138.0,5.63,4.66,2.76,1.21,93.0,10497.0,1849.0,1.11,138.67,104.91,2447.36,249.27,758.0,1.13,24.0,44.85,10457.0,426.09,354.83,2015
2015-03-28,Dow Jones,9640.525,3898.54,3925.54,3842.83,802355159.0,6.84,7.68,5.85,1.21,61.0,12553.0,1849.0,1.19,117.21,122.71,2295.7799999999997,119.44,6863.0,7.98,24.0,35.7,12888.0,965.95,780.49,2015
2015-03-29,NASDAQ,3240.67,3234.21,3282.76,3232.11,487813508.0,-3.56,4.81,4.06,4.93,60.0,5408.0,3222.0,1.39,84.71,94.42,2144.2,135.93,2553.0,9.33,39.0,2.36,6242.0,1095.76,943.41,2015
2015-03-30,NASDAQ,1121.85,1095.79,1147.82,1081.26,324600543.0,2.39,4.05,8.64,1.16,66.0,10266.0,2052.0,1.27,89.18,87.05,814.82,359.48,9476.0,5.97,45.0,18.76,9553.0,677.76,598.6,2015
2015-03-31,NASDAQ,3188.18,3154.01,3213.51,3134.23,422313361.0,-2.64,8.81,12.37,1.54,105.0,23966.0,1084.0,1.23,91.79,85.025,1314.89,373.73,9959.0,0.87,41.0,4.05,1302.0,677.76,1058.13,2015
2015-04-01,NASDAQ,1585.75,1616.42,1652.3100000000002,1561.06,666834144.0,-3.87,9.94,8.49,3.19,52.0,16512.0,4944.0,1.34,98.2,83.0,2229.18,442.54,3347.0,6.33,24.0,87.95,2585.0,2112.69,1745.99,2015
2015-04-02,NASDAQ,1296.42,1254.75,1336.49,1224.79,147180451.0,-2.01,3.63,7.33,6.45,61.0,3612.0,4341.0,0.93,101.58,128.75,1890.28,270.8,9784.0,5.74,24.0,54.8,7009.0,2268.47,1918.48,2015
2015-04-03,S&P 500,3509.32,3529.27,3548.54,3472.41,105005024.0,-2.01,2.43,13.76,4.4,109.0,4624.0,439.0,0.98,140.46,82.21,1842.82,270.8,7833.0,6.31,24.0,26.3,12638.0,1295.95,1093.28,2015
2015-04-04,NASDAQ,2907.6,2920.57,2922.6,2906.09,881853414.0,2.82,4.94,13.76,9.37,116.0,14573.0,439.0,1.13,138.945,128.53,1206.79,394.74,3427.0,2.42,6.0,84.56,8550.0,261.06,226.01,2015
2015-04-05,S&P 500,1809.02,1857.02,3762.165,1769.52,525502241.0,4.93,9.03,12.24,3.79,115.0,3317.0,1934.0,1.2,137.43,103.43,1432.21,114.55,8700.0,3.57,11.0,45.84,1646.0,447.66,360.14,2015
2015-04-06,S&P 500,11336.85,4567.0,4601.73,4488.79,811872270.0,0.59,1.3,12.24,1.85,77.0,25529.0,3898.0,1.39,97.39,103.48500000000001,1846.87,377.98,8700.0,4.72,24.0,32.53,13191.0,447.66,360.14,2015
2015-04-07,NASDAQ,2087.82,2066.09,2137.5,2032.68,350652271.0,9.8,3.12,2.82,4.78,106.0,10482.0,3316.0,1.29,94.51,103.54,2103.35,293.29,3771.0,6.17,34.0,52.97,11918.0,1742.87,1476.84,2015
2015-04-08,S&P 500,4503.53,4478.11,4510.53,4463.32,346815999.0,1.6,2.69,6.74,3.74,85.0,2578.0,3232.0,0.84,146.03,103.595,2359.83,101.08,9738.0,8.6,22.0,97.39,1048.0,712.48,639.66,2015
2015-04-09,NASDAQ,2462.72,3285.4849999999997,3333.7349999999997,2446.6,18501784.0,-4.13,7.37,7.7,1.45,72.0,13472.0,3146.0,0.95,126.225,103.65,1858.07,101.08,8520.0,1.69,30.0,75.47,14524.0,1274.81,1071.24,2015
2015-04-10,S&P 500,5303.35,2092.86,2156.94,2083.73,845761814.0,1.11,7.37,9.18,6.42,110.0,2869.0,4604.0,0.88,106.42,103.70500000000001,1808.1999999999998,146.64,8530.0,2.64,24.0,37.3,7795.0,1788.56,1517.58,2015
2015-04-11,S&P 500,4637.72,4686.35,4689.69,4589.42,69085137.0,5.63,1.22,14.26,4.02,117.0,1108.0,871.0,0.81,116.8,103.76,1758.33,417.49,7013.0,5.21,43.0,5.25,14245.0,1008.55,839.28,2015
2015-04-12,S&P 500,1823.92,1849.67,1886.5,1807.31,364121103.0,6.9,5.54,14.26,6.54,63.0,16257.0,3803.0,1.44,91.23,144.1,2244.81,127.02,6047.0,6.9,38.0,80.42,12225.0,1008.54,863.6,2015
2015-04-13,NASDAQ,1492.99,1469.9,1532.48,1438.97,207358516.0,-1.51,1.23,12.92,1.41,64.0,19355.0,3803.0,0.84,100.43,133.93,1293.91,208.79,3755.0,7.23,18.0,26.52,6619.0,842.43,709.45,2015
2015-04-14,Dow Jones,1088.26,1059.72,1108.96,1035.05,143539791.0,-1.51,8.17,6.52,1.78,86.0,24304.0,2298.0,1.25,137.49,95.18,2233.89,470.73,4110.0,5.71,45.0,68.08,11330.0,1662.24,1380.79,2015
2015-04-15,S&P 500,3716.27,3717.06,3759.97,3678.32,396303561.0,-3.76,1.71,8.09,9.09,63.0,28690.0,4819.0,1.15,96.49,70.2,1784.44,322.81,6319.0,3.79,7.0,49.8,1750.0,437.73,407.93,2015
2015-04-16,Dow Jones,2450.24,2452.27,2489.83,2422.69,438397227.0,4.09,8.34,6.24,5.45,93.0,20983.0,3330.0,1.41,139.22,46.73,958.45,113.67,5156.0,6.1,24.0,90.96,13750.0,2215.56,1859.28,2015
2015-04-17,S&P 500,4563.42,4576.24,4622.61,4539.15,933675051.0,7.76,5.69,13.29,5.58,75.0,2329.0,3831.0,1.05,83.12,56.825,1910.38,196.6,303.0,4.76,39.0,11.12,13876.0,1501.34,1296.83,2015
2015-04-18,Dow Jones,3310.37,3344.77,3348.92,3275.36,66932792.0,-3.51,9.67,12.99,5.81,115.0,25090.0,2059.0,0.95,133.0,66.92,1293.28,304.81,9706.0,5.17,24.0,98.81,10034.0,535.1,469.75,2015
2015-04-19,NASDAQ,3769.42,3752.98,3798.84,3739.33,621149705.0,-3.13,2.81,12.1,1.24,119.0,11827.0,4118.0,1.17,83.27,36.74,1481.98,266.93,2238.0,9.61,24.0,59.65,558.0,780.9,649.49,2015
2015-04-20,S&P 500,4503.53,4478.11,4510.53,4463.32,346815999.0,1.6,2.69,6.74,3.74,85.0,2578.0,3232.0,0.84,146.03,48.150000000000006,2359.83,101.08,9738.0,8.6,22.0,97.39,1048.0,1035.97,837.2,2015
2015-04-21,NASDAQ,1333.86,1359.64,1368.23,1296.17,857936914.0,2.59,5.0,9.12,8.46,89.0,2578.0,1809.0,1.1,115.0,59.56,1984.63,224.6,5644.0,8.28,38.0,18.97,1165.0,1035.97,837.2,2015
2015-04-22,NASDAQ,1627.25,1417.455,1652.42,1608.69,202845663.0,7.76,7.85,11.57,4.84,96.0,10191.0,1546.0,1.46,114.62,59.82,1624.37,406.02,6986.0,9.15,8.0,26.0,6917.0,1150.99,957.25,2015
2015-04-23,S&P 500,1501.95,1475.27,1503.15,1437.88,298009211.0,7.26,5.39,2.04,1.28,112.0,24668.0,1236.0,0.91,99.68,60.08,1947.21,429.6,6410.0,8.59,24.0,69.21,6813.0,472.72,403.72,2015
2015-04-24,S&P 500,3567.28,3599.79,3614.22,3560.24,540004828.0,5.66,6.9,14.51,6.25,69.0,14254.0,4019.0,1.36,121.31,139.54,1335.42,442.88,9105.0,7.6,44.0,12.22,12477.0,612.88,528.39,2015
2015-04-25,Dow Jones,3502.6,3547.18,3566.03,3452.73,785248733.0,6.01,9.1,10.55,7.15,118.0,10478.0,3123.0,1.335,106.99,133.34,1301.69,432.42,5104.0,5.32,20.0,2.97,13997.0,1354.36,1121.67,2015
2015-04-26,S&P 500,3632.64,3640.45,3685.99,3603.39,358781859.0,8.02,8.37,5.72,6.15,118.0,10478.0,3564.0,1.31,129.57,37.93,1748.5,109.82,7342.0,7.92,49.0,77.26,13007.0,840.69,709.08,2015
2015-04-27,Dow Jones,3995.31,3967.89,4034.47,3934.28,987151513.0,4.71,7.46,8.77,7.13,118.0,1743.0,4457.0,1.44,141.78,147.6,2192.48,125.86,4600.0,7.14,15.0,69.34,4424.0,1915.85,1604.53,2015
2015-04-28,NASDAQ,3702.35,3665.17,3730.24,3652.73,456410225.0,0.01,6.74,2.32,6.38,112.0,1377.0,1970.0,1.37,122.01,39.76,1193.6,283.57,1682.0,6.37,29.0,73.49,12851.0,1004.0,812.83,2015
2015-04-29,S&P 500,1248.17,1241.27,1287.6,1237.08,194943700.0,6.41,8.24,7.57,5.06,101.0,26164.0,3099.0,0.81,145.28,48.05,2058.14,415.33,6206.0,1.53,17.0,79.15,1852.0,1776.66,812.83,2015
2015-04-30,S&P 500,3035.56,2986.27,2392.88,2972.65,312373166.0,2.65,1.86,11.27,3.53,97.0,14573.0,4901.0,1.35,138.97,144.64,2474.48,426.46,1337.0,2.81,16.0,38.35,7706.0,1776.66,503.59,2015
2015-05-01,Dow Jones,2436.83,3789.8149999999996,3498.16,2370.78,182890777.0,4.0,4.69,11.86,3.05,119.0,14033.0,1498.0,1.2000000000000002,136.18,57.19,2355.57,409.71,6463.0,2.93,45.0,71.56,3556.0,1624.84,1341.69,2015
2015-05-02,S&P 500,3111.97,4593.36,4603.44,4520.14,925163978.0,6.1,3.26,5.66,5.195,114.0,4716.0,4601.0,1.05,102.96,69.27,959.04,409.71,4691.0,4.83,49.0,58.2,3496.0,2159.59,1806.73,2015
2015-05-03,Dow Jones,3787.1099999999997,2039.11,2075.36,1989.75,332140520.0,-4.26,7.97,10.66,4.9,82.0,1911.0,361.0,1.0750000000000002,134.66,93.27,1831.96,243.01,5428.0,5.7,26.0,17.71,5875.0,449.84,378.41,2015
2015-05-04,NASDAQ,4462.25,4425.35,4469.66,4407.27,357510115.0,2.61,2.73,14.71,1.41,96.0,1911.0,4036.0,1.1,113.61,59.33,1578.065,243.01,7350.0,3.98,23.0,39.95,344.0,1810.52,378.41,2015
2015-05-05,Dow Jones,4019.425,3627.15,3655.43,3598.87,654781175.0,-4.18,4.2,7.81,9.24,72.0,26633.0,2861.0,0.8,92.56,33.6,1324.17,216.78,3043.0,0.9,17.0,59.81,9866.0,1397.51,1189.11,2015
2015-05-06,Dow Jones,3576.6,3561.56,4001.21,3525.2,838858770.0,5.79,1.25,11.91,6.19,72.0,12597.0,4765.0,0.98,126.62,36.43,846.45,421.86,6983.0,5.07,24.0,9.41,5641.0,1612.94,1334.08,2015
2015-05-07,Dow Jones,4269.22,3078.8,4346.99,4252.02,15161055.0,5.79,8.51,9.03,9.4,115.0,28794.0,4746.0,1.14,120.96000000000001,34.14,1213.99,121.26,3655.0,1.16,14.0,60.53,9834.0,2158.43,1334.08,2015
2015-05-08,NASDAQ,2573.28,2596.04,2602.47,2553.42,166640905.0,6.67,1.9,7.23,8.77,74.0,28794.0,805.0,1.44,115.3,66.13,1650.23,275.72,7654.0,7.5,3.0,50.34,7273.0,867.91,739.46,2015
2015-05-09,S&P 500,2471.14,2479.12,2486.3,2455.66,332250376.0,6.67,8.03,8.48,7.9,50.0,3609.0,805.0,1.38,125.73,108.5,927.5,275.72,2019.0,1.31,47.0,81.16,3864.0,1655.8,1414.44,2015
2015-05-10,S&P 500,4258.68,4215.87,4301.13,4199.16,786814069.0,0.4,5.86,6.03,6.62,110.0,964.0,2925.0,1.32,106.68,31.2,1755.57,308.2,3622.0,7.84,20.0,51.37,6644.0,593.58,495.71,2015
2015-05-11,S&P 500,1315.76,1309.54,1329.35,1272.35,487813508.0,0.4,3.58,8.63,1.01,64.0,20295.0,610.0,1.06,111.25333333333334,74.69,2461.92,150.04,6452.0,1.92,15.0,79.84,11070.0,593.58,1869.49,2015
2015-05-12,NASDAQ,4016.99,4028.44,4034.61,3993.7,865170639.0,4.77,9.99,12.71,1.98,91.0,21376.0,4526.0,1.16,115.82666666666667,52.285,1992.69,117.1,1917.0,1.69,21.0,36.22,12501.0,2261.99,1942.29,2015
2015-05-13,NASDAQ,4813.61,4785.54,4830.56,4772.9,905523600.0,7.62,7.33,14.69,2.92,117.0,29991.0,4881.0,1.04,120.4,29.88,1571.65,317.59,4494.0,3.71,24.0,69.09,9701.0,943.97,773.65,2015
2015-05-14,S&P 500,1196.88,1218.94,1230.49,1169.07,862181827.0,-0.05,3.07,8.74,8.35,54.0,15842.0,2599.0,1.15,130.53,76.89,1220.64,134.09,6020.0,7.19,46.0,1.2,8269.0,1136.41,948.87,2015
2015-05-15,S&P 500,4868.14,4819.54,4902.97,4790.08,939886996.0,5.84,0.59,14.96,6.29,94.0,28288.0,4012.0,0.93,145.28,98.955,1382.55,134.09,5611.0,5.99,35.0,50.34,12647.0,1222.96,1035.24,2015
2015-05-16,NASDAQ,2613.025,1025.03,1069.8,1021.99,953482659.0,5.84,8.24,3.25,7.5,118.0,10522.0,4482.0,1.4,144.48000000000002,121.02,1993.79,261.29,9255.0,9.4,43.0,15.58,6442.0,1662.74,1430.83,2015
2015-05-17,S&P 500,4294.21,4337.46,4360.48,4246.14,592236891.0,-4.5,8.45,2.84,0.77,50.0,11522.0,4080.0,1.31,143.68,77.125,1005.63,261.29,1263.0,3.27,33.0,30.87,5366.0,1009.1,831.85,2015
2015-05-18,NASDAQ,3406.22,3379.65,3425.72,3373.2,582035325.0,3.01,0.69,10.19,0.77,115.0,25186.0,4077.0,0.99,115.91,33.23,2253.45,454.16,5587.0,1.67,37.0,90.52,6792.0,901.31,759.95,2015
2015-05-19,Dow Jones,3638.04,3655.4,3689.74,3614.85,150799874.0,4.74,8.69,14.71,9.98,110.0,16520.0,1000.0,0.81,116.64,124.58,805.66,455.74,7894.0,8.65,7.0,63.3,7514.0,1154.13,951.09,2015
2015-05-20,NASDAQ,3930.93,3961.16,3980.81,3914.55,443056767.0,2.75,4.14,10.73,1.64,82.0,25369.0,2580.0,1.35,110.66,86.73,1246.11,438.47,9470.0,4.78,23.0,21.44,5057.0,1242.42,1062.71,2015
2015-05-21,Dow Jones,2072.7,2060.38,2115.99,2025.92,775358049.0,4.12,8.84,11.87,2.57,100.0,2628.0,2580.0,0.93,124.49,84.52000000000001,1777.01,172.76,9791.0,5.08,24.0,94.2,8739.0,992.04,850.23,2015
2015-05-22,NASDAQ,4726.96,4729.82,4745.31,4722.42,487813508.0,8.22,9.89,10.26,2.57,69.0,29089.0,2580.0,0.97,144.49,82.31,1440.55,181.6,2076.0,8.83,2.0,81.7,3580.0,1063.34,890.81,2015
2015-05-23,S&P 500,2292.11,2250.92,2339.57,2216.78,452976314.0,1.58,9.61,5.86,0.64,97.0,28479.0,517.0,1.39,145.26,139.54,1295.4,498.41,6898.0,5.24,44.0,28.29,549.0,1457.15,1232.13,2015
2015-05-24,Dow Jones,4214.41,4196.21,4228.91,4158.91,214911942.0,-1.14,4.54,6.31,5.38,76.0,15215.0,4490.0,1.4,127.55,43.17,2214.01,315.88,9057.0,5.86,19.0,1.24,9912.0,951.37,828.14,2015
2015-05-25,Dow Jones,8304.675,3342.27,3389.52,3272.57,595559630.0,-0.98,1.67,5.95,2.76,101.0,15215.0,310.0,1.3,109.84,145.72,842.58,491.0,8358.0,5.87,38.0,75.2,1694.0,618.71,505.66,2015
2015-05-26,S&P 500,4132.79,4125.08,4170.47,4081.85,487813508.0,0.25,6.39,4.06,7.27,78.0,22777.0,882.0,1.08,144.6,146.14,1169.27,494.65,6029.0,5.85,23.0,72.06,4931.0,2269.93,1914.48,2015
2015-05-27,S&P 500,4904.06,4889.51,4945.48,4864.73,302590181.0,0.25,9.86,7.65,2.97,109.0,5307.0,3510.0,1.34,110.71,70.9,922.64,318.06,2506.0,7.5,39.0,95.8,1394.0,1992.14,1705.48,2015
2015-05-28,Dow Jones,2574.22,2565.96,3457.615,2518.75,96565264.0,9.85,8.63,14.76,7.2,118.0,5581.0,3311.0,1.33,108.6,86.76,2018.68,318.06,9811.0,6.35,24.0,86.27,1303.0,1499.47,1705.48,2015
2015-05-29,NASDAQ,1881.95,1930.44,1969.75,1880.17,668920536.0,-4.03,2.51,5.76,7.2,67.0,28488.0,4063.0,1.02,95.62,119.86,1008.42,186.55,4076.0,8.23,9.0,8.49,10164.0,492.74,433.76,2015
2015-05-30,NASDAQ,4777.79,4815.27,4843.49,4740.33,543996480.0,7.68,5.31,4.75,4.7,65.0,28488.0,1987.0,0.9199999999999999,110.16,116.15,1682.74,310.27,599.0,0.86,14.0,86.11,9558.0,1513.06,1253.63,2015
2015-05-31,S&P 500,3310.53,3273.62,3345.37,3268.56,415640765.0,9.94,5.31,8.46,1.43,114.0,18918.0,4076.0,0.82,114.63,98.405,2173.24,415.84,9063.0,2.84,7.0,71.45,13161.0,81.06,91.67,2015
2015-06-01,Dow Jones,3545.5,3553.71,3578.9700000000003,3537.87,920880052.0,0.32,4.68,12.66,4.17,99.0,14879.0,490.0,1.28,130.61,80.66,1175.07,398.92,6576.0,5.72,31.0,46.4,474.0,142.81,118.96,2015
2015-06-02,Dow Jones,4523.58,4481.54,4524.85,4474.38,718147297.0,5.97,8.17,11.94,4.9,58.0,22109.0,1861.0,0.98,105.21,130.22,2116.18,273.95,9541.0,9.47,23.0,79.11,11361.0,1283.49,1060.17,2015
2015-06-03,NASDAQ,3330.86,3380.03,3418.16,3292.99,429805362.0,0.88,6.16,7.31,1.36,86.0,21852.0,658.0,1.08,139.66,125.94,1379.38,273.95,7563.0,0.48,19.0,60.57,10572.0,1102.45,895.85,2015
2015-06-04,S&P 500,1375.11,1389.05,1403.36,1339.17,702036051.0,-2.29,6.16,14.58,0.9,106.0,5667.0,4729.0,1.07,106.4,29.54,1860.51,270.77,1490.0,5.63,35.0,22.54,1619.0,369.94,295.25,2015
2015-06-05,S&P 500,1216.32,3128.57,1243.635,3074.99,3380201.0,6.99,2.59,12.98,8.85,50.0,10997.0,3607.0,1.44,97.98,37.565,1450.2,161.9,9944.0,6.1,12.0,99.38,1619.0,787.13,678.61,2015
2015-06-06,NASDAQ,1057.53,1058.04,1083.91,1039.2,577360888.0,7.49,8.13,11.75,8.31,109.0,24074.0,3937.0,1.13,132.71,45.59,1524.2,161.9,9481.0,3.61,18.0,93.59,1619.0,177.31,150.6,2015
2015-06-07,S&P 500,2044.65,2005.59,2056.97,1962.79,374968665.0,-3.32,6.64,12.51,5.31,52.0,24852.0,1565.0,1.42,105.02,89.5,1082.3,338.04,5159.0,7.83,13.0,85.51,2656.0,2159.03,1814.2,2015
2015-06-08,S&P 500,4430.25,4430.7,4439.23,4392.48,977994581.0,5.76,2.59,11.65,9.27,52.0,15866.0,2167.0,1.15,91.72,36.12,2031.5,337.09,9140.0,3.31,46.0,80.23,2656.0,1839.2,1553.64,2015
2015-06-09,NASDAQ,4099.27,3036.43,3057.57,2971.95,85340144.0,2.2,4.05,11.29,4.12,52.0,29166.0,982.0,1.44,88.54,71.93,2262.75,193.78,2115.0,8.48,7.0,52.9,8834.0,1673.51,1404.8,2015
2015-06-10,NASDAQ,3768.29,2795.5533333333333,3792.36,3752.56,798036857.0,-4.76,3.56,10.79,9.79,98.0,16232.0,4832.0,1.29,84.16,76.68,2195.12,269.93,9648.0,6.85,28.0,71.5,14941.0,1084.81,922.84,2015
2015-06-11,Dow Jones,1134.45,2554.6766666666667,1176.42,1075.37,715127821.0,4.13,3.56,12.77,5.08,50.0,13344.0,305.0,1.19,108.59,81.43,1607.36,171.66,705.0,1.78,48.0,83.43,7071.0,89.8,70.52,2015
2015-06-12,S&P 500,2349.38,2313.8,2366.23,2266.42,744523374.0,1.23,7.62,5.66,5.83,53.0,10702.0,1022.0,1.06,137.46,86.18,917.33,171.66,6718.0,3.43,24.0,0.25,5015.0,841.76,688.62,2015
2015-06-13,NASDAQ,2618.11,2622.8,2663.45,2576.27,772676643.0,-3.56,5.08,14.17,4.53,116.0,1145.0,1986.0,1.23,87.8,116.25,1652.61,460.72,5064.0,0.54,34.0,36.87,2960.0,971.85,788.04,2015
2015-06-14,NASDAQ,3000.23,2986.95,3561.475,2979.69,916533566.0,-4.01,5.08,2.63,3.14,96.0,14494.0,692.0,1.16,147.97,78.595,1715.74,312.5,7865.0,9.31,24.0,7.97,12737.0,1188.16,1023.19,2015
2015-06-15,Dow Jones,4430.12,4408.37,4459.5,4404.04,332879543.0,-4.01,0.84,8.06,3.14,117.0,22831.0,4971.0,1.17,147.05,40.94,1905.72,101.1,1366.0,3.76,15.0,11.9,11843.0,1188.16,769.23,2015
2015-06-16,Dow Jones,1083.74,1067.6,1123.72,1033.83,42171637.0,6.2,2.6,9.7,5.07,74.0,21092.0,2368.0,0.83,133.99,85.67,1772.96,126.13,2131.0,6.27,13.0,36.46,6826.0,2186.72,1827.25,2015
2015-06-17,Dow Jones,3395.91,3391.6,3441.57,3373.55,789311629.0,3.46,7.46,8.77,2.73,52.0,17262.0,2591.0,0.86,113.79,116.09,1526.12,373.96,6747.0,3.2,24.0,97.75,4317.0,1020.92,1827.25,2015
2015-06-18,NASDAQ,2180.16,2184.54,2979.365,2142.24,907047011.0,-2.34,2.77,14.39,5.27,69.0,15035.0,3338.0,0.93,103.71,52.8,2086.79,170.47,7001.0,0.94,33.0,66.6,5662.0,737.8,612.47,2015
2015-06-19,S&P 500,2431.19,2471.11,2517.16,2413.85,572500435.0,-4.04,3.32,6.62,4.43,69.0,21915.0,1710.0,1.32,130.58,41.38,928.1,107.71,7771.0,8.44,2.0,46.86,8809.0,1735.24,1469.57,2015
2015-06-20,NASDAQ,4660.01,4619.62,4678.63,4570.1,949931289.0,7.15,5.52,12.01,5.13,110.0,29425.0,1029.0,1.1,118.85,138.71,1441.2,153.56,788.0,1.9,10.0,10.98,6731.0,1308.98,1074.85,2015
2015-06-21,Dow Jones,4233.62,4192.52,4278.39,4183.84,47425245.0,2.69,1.47,7.28,2.34,50.0,17995.0,766.0,1.44,147.74,87.635,810.75,334.61,5154.0,6.96,9.0,95.91,11322.0,2150.79,1827.11,2015
2015-06-22,S&P 500,4009.87,3983.86,4033.43,3980.11,787383043.0,1.33,8.3,11.32,3.33,60.0,29100.0,4906.0,1.11,138.77,36.56,1697.36,334.61,5142.0,3.67,27.0,6.92,9568.0,612.86,530.5,2015
2015-06-23,S&P 500,1443.99,1432.5,1448.54,1396.29,785267008.0,9.82,3.84,7.32,2.68,54.0,15929.0,4388.0,0.87,92.35,78.18,1912.39,272.91,118.0,8.81,38.0,3.25,11848.0,1946.24,1658.61,2015
2015-06-24,Dow Jones,1277.58,1268.38,1312.8,1263.82,649683078.0,3.12,9.85,6.72,6.22,77.0,7106.0,1651.0,0.8,129.57,51.4,1071.07,122.54,8318.0,0.65,4.0,80.09,10110.0,1038.68,889.88,2015
2015-06-25,S&P 500,2699.4,2701.2200000000003,2718.61,2656.65,105571207.0,-1.45,2.73,10.11,7.54,103.0,24773.0,132.0,1.35,101.44,47.516666666666666,915.86,285.01,2002.0,6.34,20.0,29.65,10110.0,1294.94,1087.84,2015
2015-06-26,Unknown,1737.84,1777.93,1808.25,1714.02,10925557.0,2.19,0.79,6.63,8.53,95.0,22173.0,2275.0,0.84,92.81,43.63333333333333,2220.89,303.47,6200.0,5.56,24.0,19.35,6564.0,1784.96,1523.93,2015
2015-06-27,S&P 500,2814.335,3575.54,3590.75,3567.85,617902408.0,-2.78,7.79,6.63,8.86,92.0,27446.0,4655.0,1.1,84.18,39.75,940.99,327.94,3290.0,7.24,24.0,36.39,6723.0,1784.96,1523.93,2015
2015-06-28,S&P 500,3890.83,3905.22,3947.53,3848.1,826405683.0,-2.78,6.18,6.0,1.86,89.0,10031.0,2640.0,1.01,84.06,23.42,1087.12,148.06,1700.0,6.79,16.0,94.68,10944.0,2163.36,1834.48,2015
2015-06-29,NASDAQ,1146.89,1157.48,1189.7,1140.3,721673121.0,-3.43,6.44,2.71,1.18,111.0,3623.0,3297.0,0.88,85.0,131.94,1903.82,148.06,6030.0,7.06,24.0,53.14,7849.0,1093.48,944.09,2015
2015-06-30,NASDAQ,2836.96,2819.75,2845.45,2779.09,487813508.0,-0.19,7.98,2.79,7.51,73.0,15160.0,564.0,0.9,94.34,32.7,1178.03,207.09,9544.0,3.32,33.0,46.55,11896.0,1155.59,945.56,2015
2015-07-01,S&P 500,4879.71,4860.55,4916.57,4816.03,650013300.0,-2.95,4.24,14.16,1.42,67.0,14914.0,1282.0,0.92,98.45,141.29,2252.88,207.09,7671.0,3.31,1.0,55.71,5083.0,1922.01,1614.6,2015
2015-07-02,S&P 500,4042.3,4019.07,4061.12,4001.8,136488756.0,6.41,8.39,14.71,7.8,51.0,625.0,1680.0,1.04,122.93,101.36,2408.23,394.24,2105.0,5.2,45.0,69.24,9347.0,2102.98,1777.33,2015
2015-07-03,Unknown,1491.68,1445.67,1505.18,1440.22,582570038.0,5.65,1.77,3.51,0.73,51.0,20115.0,2246.0,1.34,122.27,76.1,813.75,213.57,1636.0,9.07,8.0,63.12,10269.0,1604.09,1367.01,2015
2015-07-04,Unknown,2949.06,2988.92,3028.04,2940.78,317501507.0,6.27,5.22,8.01,3.74,83.0,16825.0,4733.0,1.08,119.22,77.598,1541.48,124.88,6690.0,4.85,37.0,20.15,1179.0,1866.34,1586.64,2015
2015-07-05,S&P 500,2547.23,2546.29,2577.84,2518.64,631292291.0,3.19,0.59,8.01,4.09,65.0,27236.0,4797.0,1.04,86.37,79.096,1928.715,130.17,7197.0,6.55,3.0,35.44,14623.0,305.56,284.64,2015
2015-07-06,S&P 500,2004.01,2027.61,2060.47,1963.31,487813508.0,5.46,6.11,6.39,4.52,80.0,11791.0,2635.0,1.16,98.21,80.594,2315.95,410.79,4103.0,0.22,1.0,81.61,9406.0,225.59,205.05,2015
2015-07-07,S&P 500,4643.08,4611.15,4650.96,4591.96,487813508.0,-0.9,6.18,6.18,3.53,91.0,22573.0,4672.0,1.0,134.99,82.092,1071.5,387.34,9034.0,0.44,24.0,42.7,13864.0,1283.48,1075.61,2015
2015-07-08,Dow Jones,1201.67,1176.14,1227.27,1130.69,693072845.0,7.58,2.09,13.55,2.99,58.0,17104.0,2644.0,0.84,101.49,83.59,1079.18,484.03,4719.0,7.73,16.0,50.34,11331.0,364.65,331.92,2015
2015-07-09,Dow Jones,3199.47,3232.26,3273.77,3197.71,489162182.0,-2.62,6.82,2.84,2.99,108.0,26313.0,121.0,1.01,94.04,65.86,1603.13,390.02,5913.0,6.79,24.0,24.41,14156.0,1453.23,1189.78,2015
2015-07-10,Dow Jones,1411.37,1421.47,1454.16,1381.3,250715824.0,6.6,4.01,14.91,5.9,78.0,3024.0,1494.0,1.3,93.18,141.07,2468.63,388.06,3411.0,3.92,23.0,73.66,2048.0,258.59,231.86,2015
2015-07-11,NASDAQ,4607.1,4653.76,4673.97,4603.03,246585222.0,5.23,0.88,5.07,6.59,107.0,2620.0,2402.0,1.04,146.87,75.22,2115.56,244.1,2569.0,7.35,24.0,50.34,2515.0,1105.52,944.38,2015
2015-07-12,S&P 500,1760.52,1742.04,1807.64,1718.36,487813508.0,5.23,5.43,5.47,9.67,94.0,11735.0,4579.0,0.85,132.48,119.28,1570.6,232.28,1493.0,8.04,46.0,42.5,3965.0,2278.7,1925.77,2015
2015-07-13,S&P 500,2218.625,3492.02,3494.81,3407.34,202291776.0,9.78,4.83,13.5,3.3,52.0,17652.0,4396.0,1.44,94.37,107.79,2496.24,352.96,3620.0,8.33,35.0,29.96,5131.0,1210.41,1016.78,2015
2015-07-14,S&P 500,2676.73,2670.2,2681.18,2648.45,281905426.0,-4.88,0.84,12.66,4.13,59.0,7693.0,1926.0,1.22,80.37,75.9,1459.55,100.29,9948.0,2.46,15.0,52.18,5131.0,361.46,302.06,2015
2015-07-15,Dow Jones,3699.15,3748.83,3780.14,2405.9449999999997,801939443.0,9.37,6.4,2.8,2.69,56.0,7693.0,3437.0,0.99,135.11,52.82,1523.74,342.56,3934.0,1.51,9.0,46.92,10783.0,1658.14,1395.93,2015
2015-07-16,S&P 500,2181.21,2209.36,2237.3,2163.44,219982647.0,6.87,9.65,7.41,3.63,117.0,12544.0,916.0,0.84,103.47,90.125,2485.27,240.14,8119.0,3.75,40.0,46.42,9728.0,1658.14,148.66,2015
2015-07-17,S&P 500,3492.84,3505.33,3508.24,3488.93,884722593.0,-3.25,4.24,6.01,6.36,103.0,2842.0,2346.0,1.19,106.96,127.43,2157.76,325.85,2190.0,6.87,26.0,24.99,3878.0,432.22,329.71,2015
2015-07-18,S&P 500,1998.18,1982.18,2044.31,1966.44,385306746.0,-3.25,2.2,8.2,4.56,99.0,22293.0,3440.0,1.43,113.71,121.97,2210.08,405.49,1596.0,2.21,24.0,86.37,10688.0,967.72,846.3,2015
2015-07-19,S&P 500,2735.27,2767.32,2792.45,2732.01,701311025.0,1.78,9.15,12.31,1.76,80.0,2877.0,3128.0,1.01,114.59,116.51,1828.61,174.04,8470.0,8.5,7.0,47.28,12322.0,1699.04,846.3,2015
2015-07-20,Dow Jones,3696.08,3708.76,3733.67,3673.63,789396685.0,2.25,1.86,2.9,2.33,94.0,28194.0,4436.0,0.88,89.94,36.29,2429.04,312.51,4325.0,9.83,7.0,75.71,12789.0,1803.24,846.3,2015
2015-07-21,S&P 500,1120.1,1071.1,1166.55,1038.35,248840076.0,2.25,3.57,10.37,5.195,53.0,817.0,2770.0,1.36,132.14,102.73,2148.71,393.0,254.0,0.9,35.0,35.6,12789.0,1803.24,846.3,2015
2015-07-22,NASDAQ,3718.79,3692.91,3756.94,3684.86,331065935.0,2.26,3.89,6.54,5.195,88.0,17101.0,3027.0,0.84,121.44,148.29,1951.9850000000001,125.0,7490.0,5.45,28.0,42.3,5564.0,304.97,249.06,2015
2015-07-23,NASDAQ,2551.3,2588.07,2618.62,2513.1,820446546.0,1.74,1.3,14.03,8.55,119.0,21614.0,2414.0,0.8,128.77,53.8,1755.26,421.93,7490.0,9.31,1.0,15.97,1445.0,978.51,249.06,2015
2015-07-24,S&P 500,3049.46,3029.95,3745.795,3016.73,942649882.0,-1.93,7.17,7.67,1.51,95.0,21614.0,4543.0,0.81,103.62,142.91,1636.74,462.25,1375.0,7.14,3.0,7.13,9368.0,560.3,482.7,2015
2015-07-25,NASDAQ,4823.68,4797.84,4872.97,4764.15,809171632.0,7.95,5.1,7.58,0.67,54.0,26869.0,4543.0,1.43,145.67,41.71,802.16,462.25,3929.0,9.57,34.0,56.84,1626.0,1578.8,1312.75,2015
2015-07-26,Dow Jones,1859.65,1810.39,1865.27,1777.5800000000002,711888932.0,3.01,7.38,12.59,1.13,90.0,14833.0,1324.0,0.83,125.52,57.95,1593.65,445.36,3929.0,7.89,12.0,80.86,7789.0,1679.15,1392.09,2015
2015-07-27,NASDAQ,1017.45,986.11,1019.19,950.33,895413349.0,3.01,9.53,13.2,2.69,56.0,7775.0,3006.0,1.37,101.44,59.760000000000005,916.53,231.58,4352.0,5.87,24.0,3.05,11773.0,2218.31,1892.16,2015
2015-07-28,NASDAQ,3961.9,3926.45,3968.71,3881.14,814204055.0,3.49,1.1,14.49,8.52,62.0,5250.0,4838.0,1.19,135.39,61.57,875.45,231.58,9931.0,2.43,24.0,54.76,10414.0,461.26,358.67,2015
2015-07-29,S&P 500,4274.96,4246.9,4281.5,4212.089999999999,781188374.0,3.03,8.91,8.37,4.55,101.0,14187.0,4699.0,0.93,84.09,50.86,2074.47,467.34,5346.0,2.43,8.0,1.95,3499.0,906.53,785.1,2015
2015-07-30,NASDAQ,2301.16,2320.5,2356.85,2257.6,891345844.0,5.73,2.3,14.21,1.1,92.0,14964.0,3388.0,1.5,125.36,112.68,1452.78,279.08,9545.0,7.29,23.0,61.65,3499.0,546.38,476.36,2015
2015-07-31,S&P 500,2516.38,2062.0299999999997,2090.95,2473.99,325891445.0,4.84,8.39,13.01,6.81,68.0,12273.0,365.0,1.19,149.43,121.87,1627.52,265.92,7255.0,6.08,33.0,13.81,9984.0,1981.38,1683.92,2015
2015-08-01,S&P 500,1796.88,1803.56,1825.05,1790.81,819686064.0,-4.85,2.68,3.25,3.68,73.0,24268.0,2271.0,1.08,133.77,123.98,1309.82,150.22,3278.0,2.1,27.0,46.41,7465.0,875.53,736.15,2015
2015-08-02,NASDAQ,1690.1,1649.9,1710.84,1616.2,580203240.0,-3.85,6.24,9.48,4.25,73.0,15942.0,2174.0,1.38,99.95,100.89,992.12,153.36,3356.0,3.74,24.0,92.32,8566.0,650.99,552.56,2015
2015-08-03,Dow Jones,2531.2,2527.02,2184.81,2488.34,464965206.0,9.06,8.69,9.76,3.34,72.0,24886.0,271.0,1.04,129.95,104.71,1378.64,486.68,2290.0,1.9,10.0,4.32,13029.0,1191.84,989.02,2015
2015-08-04,Dow Jones,2647.06,2624.74,2658.78,2577.88,726822338.0,7.29,8.52,9.2,6.27,90.0,24886.0,940.0,1.39,147.16,108.53,1842.32,283.14,3843.0,7.18,2.0,3.37,9226.0,851.71,717.57,2015
2015-08-05,Dow Jones,2758.96,2793.12,3251.81,2749.51,367136667.0,5.05,6.01,9.47,1.4,61.0,25415.0,4506.0,1.285,139.86,112.35,1557.04,443.0,6432.0,4.18,2.0,81.86,10207.0,1129.55,967.93,2015
2015-08-06,NASDAQ,2490.13,2477.75,3844.84,2452.49,363286590.0,6.01,5.8,2.89,2.72,71.0,8961.0,2092.0,1.18,109.51,77.97999999999999,1243.84,145.31,2405.0,4.18,45.0,76.49,4146.0,328.06,281.15,2015
2015-08-07,Dow Jones,4422.95,4376.389999999999,4437.87,4341.719999999999,607779479.0,9.39,5.8,7.45,2.72,54.0,12838.0,3121.0,1.03,82.68,43.61,1763.53,349.75,8433.0,5.05,16.0,19.0,12991.0,2051.05,1721.83,2015
2015-08-08,S&P 500,1605.73,1619.89,1668.85,1597.11,812247677.0,6.71,8.84,9.8,5.57,74.0,25669.0,4685.0,0.98,98.7,114.77,1266.14,496.94,8205.0,7.54,11.0,60.75,11535.0,1764.71,1496.66,2015
2015-08-09,NASDAQ,4262.98,1711.725,4316.68,4243.04,990814609.0,6.61,7.93,10.32,3.37,61.0,1069.0,4508.0,0.85,97.03,144.06,1383.5466666666666,496.94,4354.0,7.99,43.0,63.36,11220.0,373.54,318.91,2015
2015-08-10,S&P 500,1796.88,1803.56,1825.05,1790.81,819686064.0,-4.85,2.68,3.25,3.68,73.0,24268.0,2271.0,1.08,133.77,123.98,1500.9533333333334,150.22,3278.0,2.1,27.0,46.41,7465.0,1107.29,898.52,2015
2015-08-11,NASDAQ,4351.63,4396.42,4400.22,4351.0,311798927.0,2.91,3.97,10.97,5.2,114.0,16450.0,2271.0,1.16,142.07,100.3,1618.36,262.44,2469.0,5.64,27.0,73.51,11781.0,217.21,898.52,2015
2015-08-12,NASDAQ,3332.52,3372.03,3372.95,3310.58,609083842.0,7.91,0.38,13.7,2.69,56.0,8571.0,581.0,1.47,121.19,49.43,2348.53,437.26,7654.0,3.96,24.0,11.39,2799.0,2134.5,1813.32,2015
2015-08-13,NASDAQ,4797.09,4808.51,4848.43,4785.34,369106174.0,7.38,3.3,14.73,1.04,80.0,14750.0,1239.0,1.06,107.96,144.95,1109.72,328.11,7685.0,8.93,17.0,50.34,2407.0,136.61,117.47,2015
2015-08-14,NASDAQ,1925.9,1957.84,1966.15,1904.86,452378579.0,8.91,7.12,5.46,0.8,102.0,1234.0,1655.0,1.07,146.74,60.18,1529.43,222.52,4514.0,9.53,30.0,85.13,9921.0,2132.83,1831.08,2015
2015-08-15,Dow Jones,4496.89,4508.4,4521.93,4471.450000000001,957518834.0,7.92,4.94,13.74,5.28,88.0,13212.0,1655.0,0.86,85.8,96.55,1858.38,495.64,7273.0,2.39,35.0,14.65,10901.0,1798.65,1503.2,2015
2015-08-16,Dow Jones,3023.73,3064.13,3084.27,3009.06,153507391.0,1.09,5.11,5.42,8.3,115.0,25196.0,4120.0,0.98,134.76,118.58000000000001,2443.01,495.64,2613.0,2.39,6.0,67.49,13515.0,1048.01,911.52,2015
2015-08-17,NASDAQ,4322.49,4280.0,4360.47,4242.61,125405609.0,1.38,5.52,2.82,4.46,108.0,11154.0,4359.0,1.0,144.57,140.61,2387.8,366.95,8621.0,7.86,42.0,35.9,7779.0,1048.01,847.07,2015
2015-08-18,Dow Jones,3499.14,3454.65,3522.66,3421.46,274925704.0,2.76,3.37,3.06,4.99,56.0,18513.0,1594.0,1.43,122.02,128.11,2386.13,267.45,3626.0,5.89,47.0,28.5,5445.0,1024.0,851.03,2015
2015-08-19,S&P 500,2264.41,2229.46,2307.18,2191.24,236093899.0,3.22,8.85,3.26,5.34,59.0,13061.0,3515.0,1.27,81.8,115.61,2014.09,386.68,9514.0,6.1,1.0,79.41,12231.0,1795.44,1512.2,2015
2015-08-20,Unknown,3376.0299999999997,4206.64,4248.53,4173.63,487813508.0,5.11,7.6,7.02,7.67,112.0,3268.0,1507.0,0.83,101.14,79.76,1656.52,462.06,1066.0,7.94,16.0,71.1,7357.0,1346.1,1161.37,2015
2015-08-21,S&P 500,4487.65,4492.139999999999,4513.53,4443.7,195575775.0,8.55,5.48,3.53,2.84,112.0,25997.0,725.0,0.96,100.17,40.67,2218.95,235.9,3537.0,4.83,43.0,50.34,7245.0,809.39,680.76,2015
2015-08-22,S&P 500,4275.48,2778.615,4285.589999999999,4217.77,819946952.0,5.98,2.17,14.31,2.78,118.0,25997.0,1635.0,1.38,142.01,43.75,1966.63,304.13,3620.0,8.12,24.0,28.8,10020.0,833.65,693.07,2015
2015-08-23,Dow Jones,4269.23,1065.09,1135.2,1049.0300000000002,325175186.0,-0.14,2.19,13.72,3.17,63.0,12593.0,4009.0,1.5,149.41,120.25,1482.9,449.41,882.0,3.48,47.0,71.58,10020.0,2161.14,1838.77,2015
2015-08-24,NASDAQ,4262.98,2064.61,4316.68,4243.04,990814609.0,6.61,7.93,10.32,3.37,61.0,1069.0,4508.0,0.85,97.03,144.06,1962.9550000000002,449.41,4354.0,7.99,43.0,63.36,11220.0,99.59,98.42,2015
2015-08-25,Unknown,3023.73,3064.13,3084.27,3009.06,487813508.0,1.09,5.11,5.42,8.3,115.0,25196.0,4120.0,0.98,134.76,105.35,2443.01,410.79,2613.0,2.15,6.0,67.49,13515.0,99.59,1580.09,2015
2015-08-26,NASDAQ,2040.95,2053.53,2096.3,1996.98,276210216.0,4.2,5.11,14.41,4.23,112.0,10569.0,2785.0,1.05,104.51,91.43,1325.17,295.52,2613.0,3.51,23.0,22.55,13515.0,1343.99,1135.08,2015
2015-08-27,Dow Jones,3489.65,2883.785,3515.48,3415.31,759975895.0,0.42,5.11,9.61,4.93,96.0,23379.0,3044.0,1.14,112.59,100.75,1295.57,440.53,2979.0,4.49,38.0,6.08,13515.0,921.98,797.02,2015
2015-08-28,NASDAQ,3689.84,3714.04,3757.65,3680.51,487813508.0,-0.07,5.11,9.13,1.37,55.0,15392.0,2555.0,1.09,135.73,122.93,1982.51,293.29,1716.0,1.38,47.0,69.79,6017.0,1752.01,1496.46,2015
2015-08-29,NASDAQ,3461.68,3446.78,3466.2,3406.78,487813508.0,-2.5,6.81,9.71,6.01,91.0,25506.0,2404.0,1.14,136.0,65.02,847.23,293.7,1716.0,3.31,20.0,97.35,3719.0,1321.92,1118.78,2015
2015-08-30,Dow Jones,3228.16,3255.04,3291.07,3200.83,893977600.0,-1.01,7.23,14.8,8.74,109.0,29040.0,4777.0,0.94,143.14,125.32,991.33,448.89,3618.0,9.26,29.0,89.31,3719.0,562.4,493.6,2015
2015-08-31,Dow Jones,1250.76,2802.88,1294.63,1227.4,392675462.0,9.18,1.65,12.0,9.77,96.0,26911.0,3941.0,1.32,145.5,57.32,884.45,353.03,8523.0,9.26,24.0,43.2,12678.0,2119.23,1776.22,2015
2015-09-01,Dow Jones,2306.97,2350.72,2391.21,2277.53,78359806.0,-3.94,4.91,12.0,8.92,71.0,18079.0,3450.0,0.85,149.44,46.54,988.66,237.25,3399.0,5.05,18.0,75.51,2403.0,1436.32,1179.74,2015
2015-09-02,S&P 500,1124.6,1077.38,1153.5,1052.34,606807792.0,5.55,4.43,11.82,7.67,64.0,11538.0,2887.0,0.865,111.8,35.66,1396.95,149.63,8491.0,9.34,12.0,20.5,3090.0,2073.46,1754.05,2015
2015-09-03,S&P 500,2094.56,2081.19,2099.91,2047.04,866862604.0,-4.94,0.45,11.63,2.3,93.0,6774.0,168.0,0.88,82.3,69.58500000000001,1750.04,429.27,9495.0,2.27,8.0,69.74,5090.0,2073.46,1058.33,2015
2015-09-04,NASDAQ,5085.925,2008.03,2046.43,1991.54,603787233.0,2.76,0.97,11.03,2.53,88.0,26750.0,3352.0,1.36,84.63,103.51,1633.69,234.85,6407.0,5.65,31.0,12.88,5479.0,2073.46,1532.76,2015
2015-09-05,NASDAQ,1146.89,1157.48,1189.7,1140.3,721673121.0,-3.43,6.44,2.71,1.18,111.0,3623.0,3297.0,0.88,85.0,131.94,1903.82,234.85,6030.0,7.06,24.0,53.14,7849.0,1509.51,1273.56,2015
2015-09-06,Dow Jones,4428.72,4415.4,4438.650000000001,4375.93,267908397.0,6.51,9.82,4.28,5.04,59.0,1908.0,3297.0,0.95,85.82,129.56,1699.89,435.62,2947.0,2.76,14.0,44.18,775.0,1722.1,1273.56,2015
2015-09-07,NASDAQ,4561.03,4548.73,4564.21,4540.62,492728830.0,7.39,9.82,9.27,3.39,109.0,23363.0,4362.0,1.06,137.99,127.18,2237.89,118.12,2947.0,1.65,10.0,50.34,8149.0,1774.66,1515.64,2015
2015-09-08,S&P 500,2567.64,2598.23,2634.68,2535.77,571913320.0,3.33,9.49,14.55,7.2,112.0,4720.0,3122.0,1.17,105.22,42.95,847.38,246.77,198.0,9.2,16.0,5.22,4998.0,1036.83,866.71,2015
2015-09-09,Dow Jones,1039.64,1015.84,1048.77,999.43,490905400.0,4.54,0.68,14.55,1.86,53.0,28279.0,2013.0,1.25,81.66,122.11,1817.35,363.9,1268.0,0.34,29.0,25.03,12379.0,375.52,310.65,2015
2015-09-10,Dow Jones,3499.14,3454.65,3522.66,3421.46,274925704.0,2.76,3.37,3.06,4.99,56.0,18513.0,1594.0,1.43,122.02,96.24000000000001,2386.13,267.45,3626.0,5.89,47.0,28.5,5445.0,375.52,972.54,2015
2015-09-11,NASDAQ,1369.44,1328.41,4044.66,1286.98,487813508.0,-1.15,0.63,12.14,2.48,52.0,23169.0,865.0,1.04,93.67,70.37,1230.17,174.99,3209.0,9.9,16.0,50.34,8231.0,1122.9,928.32,2015
2015-09-12,NASDAQ,4526.76,4493.84,4566.66,4463.56,321137047.0,5.59,0.6,6.22,6.79,105.0,17577.0,3920.0,1.36,133.44,80.02,1176.29,190.41,3834.0,5.99,31.0,3.87,11838.0,1862.86,1542.75,2015
2015-09-13,Dow Jones,4403.885,4207.96,4232.59,4347.855,60985718.0,7.64,0.6,13.53,1.42,89.0,4705.0,3644.0,0.92,129.62,69.63,1314.615,450.73,4672.0,2.86,36.0,7.77,3161.0,2030.08,1685.05,2015
2015-09-14,Dow Jones,4281.01,4284.75,3055.185,4232.15,815530375.0,-1.15,6.98,12.27,1.42,103.0,9496.0,3541.0,1.29,136.41,77.695,1452.94,118.53,4809.0,2.18,45.0,21.46,8699.0,710.07,575.22,2015
2015-09-15,Dow Jones,1815.07,1848.49,1877.78,1813.07,741479396.0,3.84,9.67,8.05,6.5,75.0,4068.0,2646.0,0.93,85.59,85.75999999999999,1915.33,118.53,878.0,5.98,26.0,59.18,8699.0,1891.08,1597.48,2015
2015-09-16,S&P 500,4544.73,4589.05,4591.8,4539.03,66827525.0,-1.39,4.33,12.19,4.19,54.0,29253.0,702.0,1.07,128.95,93.825,1592.88,387.19,878.0,5.38,42.0,50.86,8643.0,1191.26,1016.8,2015
2015-09-17,Unknown,3629.41,3642.24,3686.26,3614.47,183482094.0,-2.43,4.5,9.44,9.65,50.0,24453.0,112.0,1.49,110.595,101.89,1270.43,261.99,5903.0,7.43,24.0,33.29,2999.0,1719.42,1408.34,2015
2015-09-18,Dow Jones,4017.06,3981.49,4059.74,3951.81,588235359.0,6.3,0.24,14.19,9.02,67.0,17211.0,1268.0,1.04,92.24,149.15,1151.74,344.94,6462.0,7.43,24.0,62.34,14294.0,1771.02,1497.06,2015
2015-09-19,NASDAQ,4560.39,4582.19,4621.6,4521.0,167664189.0,-4.33,7.55,14.75,9.1,113.0,8349.0,1399.0,0.92,102.83500000000001,125.77000000000001,1807.76,496.11,6462.0,3.33,24.0,81.84,3475.0,1771.02,849.42,2015
2015-09-20,Dow Jones,3690.03,3680.99,3713.56,3678.69,237903230.0,4.16,3.68,7.77,1.54,100.0,11414.0,3002.0,0.95,113.43,102.39,1854.12,386.57,8761.0,3.1,4.0,6.22,9185.0,1593.71,849.42,2015
2015-09-21,Dow Jones,4269.22,2347.125,4346.99,4252.02,15161055.0,4.16,8.51,9.03,9.4,115.0,28794.0,4746.0,1.14,126.68,34.14,1213.99,121.26,3655.0,1.16,14.0,60.53,9834.0,262.03,208.29,2015
2015-09-22,Dow Jones,1052.92,1013.26,1058.82,997.63,121798808.0,0.62,5.58,11.43,7.81,110.0,22906.0,3241.0,1.18,139.93,39.2,1366.41,202.63,3472.0,5.27,20.0,0.55,14080.0,993.86,830.28,2015
2015-09-23,Dow Jones,4554.64,4540.87,4593.06,4528.33,767516894.0,-4.16,3.26,7.04,3.8,111.0,4196.0,1310.0,1.01,97.96,67.92,2388.71,342.01,9841.0,6.97,7.0,10.48,7118.0,1750.97,1487.18,2015
2015-09-24,Dow Jones,2447.41,2445.93,2496.21,2433.66,673738664.0,8.36,5.78,2.54,5.81,111.0,13834.0,2222.0,0.9,126.64,96.64,2497.21,371.09,3956.0,1.72,8.0,21.0,3983.0,1750.97,861.67,2015
2015-09-25,Dow Jones,4984.63,4962.42,4985.04,4944.41,219803638.0,6.95,0.33,8.85,8.49,100.0,21486.0,1793.0,1.26,148.09,139.36,996.17,283.34,9277.0,4.12,19.0,2.41,2571.0,833.07,742.64,2015
2015-09-26,S&P 500,2588.06,2591.61,2601.67,3755.605,589016916.0,8.92,0.33,12.48,4.83,81.0,25423.0,919.0,1.13,87.15,81.59,1412.02,391.22,2930.0,8.37,43.0,96.96,5885.0,1686.4,1452.55,2015
2015-09-27,Unknown,2644.77,2599.55,2652.64,2566.8,72530109.0,7.81,1.49,11.28,2.96,98.0,27443.0,2331.0,0.97,104.8,56.64,2180.61,351.22,6211.0,0.6,24.0,11.58,13843.0,2006.81,1452.55,2015
2015-09-28,Unknown,2403.28,2401.5,2435.1,2394.16,192435660.0,1.09,2.97,3.73,8.24,67.0,17868.0,1512.0,1.04,137.26,31.69,897.76,425.1,4982.0,5.11,14.0,89.22,13347.0,147.61,108.44,2015
2015-09-29,NASDAQ,1033.45,1010.39,1051.84,994.7,26792704.0,6.93,9.5,8.47,9.92,81.0,28929.0,4967.0,1.4,103.63,80.02,1552.66,244.17,3873.0,7.8,49.0,53.72,9590.0,914.37,746.92,2015
2015-09-30,S&P 500,2162.02,2150.3,2204.75,2124.91,402651969.0,6.93,7.43,13.96,8.0,63.0,20563.0,2226.0,1.27,87.65,128.35,1145.39,159.73,4611.0,0.62,38.0,43.39,12464.0,328.38,283.63,2015
2015-10-01,S&P 500,1595.18,1617.88,1664.49,1566.34,214009221.0,7.79,6.56,13.96,8.63,102.0,26999.0,4981.0,0.97,121.25,82.46,2139.1,344.98,5188.0,0.62,44.0,5.74,9885.0,2189.44,1840.77,2015
2015-10-02,Dow Jones,3076.9,1835.7050000000002,3108.56,3046.15,345521771.0,7.1,1.58,13.96,6.2,64.0,4312.0,2476.0,0.87,140.73,113.77,2214.73,240.13,7070.0,6.17,28.0,94.34,4313.0,1912.29,1608.95,2015
2015-10-03,NASDAQ,2040.95,2053.53,2096.3,1996.98,276210216.0,4.2,1.58,14.41,4.23,112.0,10569.0,2785.0,1.05,104.51,91.43,1325.17,295.52,7070.0,3.51,23.0,22.55,4313.0,1768.84,1608.95,2015
2015-10-04,S&P 500,2736.08,2776.67,2812.48,2696.22,240244891.0,1.62,2.08,7.05,7.98,75.0,5211.0,1286.0,0.99,97.83,62.035000000000004,1553.88,142.46,4428.0,1.97,33.0,10.26,3496.0,142.68,143.83,2015
2015-10-05,S&P 500,4457.73,3073.58,4479.35,4421.19,33471010.0,1.62,0.62,9.02,4.17,113.0,5211.0,2111.0,0.88,126.59,32.64,2304.6,232.02,1042.0,4.27,11.0,78.18,13920.0,425.18,369.41,2015
2015-10-06,Dow Jones,3371.36,3370.49,3402.55,3359.91,172528490.0,7.74,0.53,5.31,8.6,86.0,4721.0,2558.0,1.18,111.91,61.65,1770.96,443.71,8290.0,4.27,23.0,98.99,4629.0,425.18,950.96,2015
2015-10-07,Dow Jones,1101.79,1097.58,1124.29,1063.18,897545642.0,2.76,0.77,2.49,1.14,111.0,15604.0,3634.0,1.08,89.24,30.01,1237.32,278.69,667.0,5.97,37.0,56.99,13407.0,798.23,642.81,2015
2015-10-08,NASDAQ,1841.27,1843.29,1845.18,1826.86,550824831.0,-3.72,1.25,8.2,0.92,114.0,3560.0,3634.0,1.01,106.02,38.362,2205.28,347.08,371.0,9.63,1.0,14.12,4077.0,1742.36,1462.9,2015
2015-10-09,Dow Jones,3583.29,3572.74,3626.21,3556.6,487813508.0,-1.88,0.12,6.87,1.01,79.0,28514.0,2153.0,0.85,110.37,46.714,1751.45,371.57,9989.0,0.71,27.0,50.84,7283.0,1678.29,1415.71,2015
2015-10-10,Dow Jones,1937.7,1968.02,2010.35,1897.0,195018720.0,-0.76,8.33,10.41,6.81,114.0,9271.0,2423.0,1.38,111.23,55.066,1662.94,225.36,8696.0,1.98,4.0,78.37,3537.0,2016.69,1719.52,2015
2015-10-11,Dow Jones,2644.76,2688.0200000000004,2726.22,2623.46,458870468.0,2.36,7.34,7.23,9.89,76.0,18705.0,2111.0,0.89,143.83,63.41799999999999,1556.09,194.05,1560.0,1.98,1.0,51.08,14186.0,2061.37,1719.52,2015
2015-10-12,Dow Jones,4314.61,4343.54,4388.95,4268.01,188003873.0,0.52,9.22,7.23,5.33,119.0,20959.0,2245.0,0.9750000000000001,140.22,71.77,1015.07,353.8,791.0,9.41,24.0,64.53,9194.0,1475.88,1244.18,2015
2015-10-13,S&P 500,2349.38,2313.8,2366.23,2266.42,744523374.0,1.23,7.62,5.66,5.83,53.0,10702.0,1022.0,1.06,137.46,86.18,917.33,312.32,6718.0,3.43,31.0,0.25,5015.0,1475.88,1936.8,2015
2015-10-14,Dow Jones,4217.98,4232.75,4265.18,4217.56,641515786.0,-2.5,7.97,10.03,7.41,53.0,27334.0,2369.0,1.4,129.34,30.97,1001.16,400.95,3952.0,1.25,24.0,59.99,11984.0,520.87,460.17,2015
2015-10-15,Dow Jones,2056.25,2053.23,3486.5933333333337,2050.72,459080033.0,4.84,4.42,11.92,8.06,73.0,12141.0,2022.0,1.01,98.62,126.89,2328.2,230.27,9095.0,8.13,26.0,86.65,6034.0,629.1,511.53,2015
2015-10-16,Dow Jones,1155.83,1179.99,2708.006666666667,1121.91,200723355.0,-3.42,2.9,4.75,2.01,90.0,2984.0,1613.0,1.18,96.58,90.315,967.7,263.83,5523.0,2.37,24.0,65.99,2370.0,2220.37,1870.95,2015
2015-10-17,Dow Jones,1901.53,1908.48,1929.42,1879.63,458832556.0,3.75,8.97,3.71,5.77,90.0,12007.0,303.0,0.81,133.66,53.74,900.37,445.38,1118.0,5.69,48.0,48.08,9630.0,1527.61,1271.62,2015
2015-10-18,Dow Jones,3085.8,3099.54,3123.6,3080.67,377542475.0,5.23,9.83,14.83,5.77,88.0,7762.0,303.0,1.1,131.34,120.46,1663.92,372.49,2551.0,2.58,25.0,87.33,492.0,1292.65,1103.69,2015
2015-10-19,S&P 500,2881.445,2515.83,2527.07,2491.12,489365605.0,2.76,2.56,4.42,2.06,81.0,19491.0,1029.0,1.47,122.83,121.91499999999999,1892.88,185.5,4484.0,5.6,28.0,25.68,932.0,1292.65,216.15,2015
2015-10-20,S&P 500,2677.09,2642.75,2711.46,2604.58,527221606.0,-1.59,4.93,11.42,5.54,84.0,17873.0,2588.0,1.24,126.48,123.37,1684.15,112.07,6293.0,5.6,24.0,38.1,7105.0,677.75,565.35,2015
2015-10-21,Dow Jones,2608.11,2905.255,2634.07,2549.48,531293500.0,3.93,7.52,5.06,8.85,109.0,20084.0,802.0,1.16,102.11,129.2,1738.23,253.71,1627.0,2.66,3.0,50.28,13195.0,1911.56,1634.74,2015
2015-10-22,NASDAQ,3193.335,3167.76,3210.71,3083.59,82704164.0,9.2,7.52,11.07,1.33,109.0,26199.0,487.0,0.85,129.28,137.15,1270.12,217.53,7980.0,5.44,20.0,30.64,14196.0,1790.77,1488.37,2015
2015-10-23,NASDAQ,3778.56,3811.58,3840.65,3736.52,649690360.0,-4.89,8.96,12.35,7.6,54.0,12594.0,3581.0,1.16,99.42,103.92,2177.67,479.41,6544.0,0.96,24.0,30.77,599.0,2197.26,1488.37,2015
2015-10-24,S&P 500,1759.74,1752.08,1772.83,1738.56,869507171.0,-1.21,9.41,5.88,0.94,88.0,15714.0,747.0,1.46,93.49,79.625,1464.19,460.76,3130.0,3.03,43.0,20.46,8966.0,309.44,277.97,2015
2015-10-25,S&P 500,1172.4,1168.87,1186.98,1160.81,81021902.0,2.49,7.47,10.76,8.71,102.0,19544.0,1653.0,1.22,98.92,55.33,2392.99,250.3,6604.0,7.52,35.0,44.07,10069.0,309.44,676.32,2015
2015-10-26,S&P 500,3129.68,3099.33,3163.53,3055.58,487813508.0,1.43,9.15,12.98,4.42,64.0,19544.0,2151.0,0.98,120.13,60.065,1317.51,267.95,7930.0,3.2,15.0,39.56,10713.0,185.08,146.54,2015
2015-10-27,S&P 500,3378.8999999999996,3640.01,3648.88,3564.91,41304034.0,1.96,6.36,8.27,3.15,106.0,8907.0,1903.0,1.25,106.16,64.8,1484.1,351.79,4714.0,9.2,47.0,29.27,8652.0,1159.6,1002.84,2015
2015-10-28,Dow Jones,3628.12,3677.05,3697.01,3590.0,487813508.0,1.12,0.37,12.2,6.88,52.0,8876.0,1241.0,1.08,149.62,126.07,1216.445,492.36,5440.0,9.62,0.0,60.7,14815.0,451.79,369.95,2015
2015-10-29,S&P 500,2370.92,2415.5,2417.09,2323.27,487813508.0,5.87,5.77,6.02,6.5,69.0,22210.0,936.0,0.87,104.36,62.23,948.79,208.13,5156.0,3.74,15.0,88.7,13067.0,1550.27,1293.5,2015
2015-10-30,S&P 500,10313.225,2165.41,4169.71,4117.06,454655079.0,-1.09,8.52,12.13,6.83,77.0,17988.0,4455.0,1.33,143.48,128.99,2278.88,208.13,6757.0,7.36,24.0,20.47,7612.0,1743.54,1293.5,2015
2015-10-31,S&P 500,1731.25,1915.32,1787.29,1697.06,191552237.0,7.79,6.78,13.19,1.81,80.0,27608.0,1453.0,0.85,89.64,70.89,1919.36,394.73,9216.0,7.36,24.0,72.48,11420.0,493.11,442.38,2015
2015-11-01,Dow Jones,1695.05,1665.23,1736.24,1634.75,825894493.0,7.79,3.38,12.07,7.02,112.0,6498.0,765.0,1.09,129.15,59.615,2206.12,482.82,9216.0,1.83,11.0,45.99,2119.0,1451.94,1212.98,2015
2015-11-02,S&P 500,3770.13,1539.835,3826.18,3735.84,876685750.0,1.47,2.76,4.73,4.91,109.0,5056.0,181.0,1.26,101.95,48.34,2303.34,482.82,5455.0,1.77,24.0,69.94,13961.0,1022.35,845.3,2015
2015-11-03,NASDAQ,2452.42,1414.44,1462.85,1408.03,672377355.0,-3.3,6.2,2.15,1.03,84.0,14775.0,1039.0,1.35,95.31,80.315,819.07,498.98,3148.0,5.63,44.0,2.85,875.0,1364.79,1110.66,2015
2015-11-04,Dow Jones,1134.71,1130.67,1161.45,1107.86,403331372.0,7.19,7.3,8.8,1.08,53.0,5333.0,1077.0,0.98,130.23,112.29,1362.79,472.39,3148.0,6.6,41.0,19.17,9408.0,1669.55,1401.08,2015
2015-11-05,S&P 500,4545.52,1474.21,4591.9,4517.59,862818807.0,1.76,3.1,4.11,8.33,67.0,23040.0,440.0,0.82,144.45,70.47,1805.99,472.39,9868.0,6.6,47.0,50.34,4348.0,968.6,835.01,2015
2015-11-06,NASDAQ,1949.93,1817.75,2003.18,1905.82,734261468.0,1.81,1.1,14.62,6.31,55.0,23040.0,4571.0,1.41,120.1,25.24,1432.24,431.82,4412.0,2.25,20.0,3.98,13981.0,756.35,632.76,2015
2015-11-07,Dow Jones,2129.98,2161.29,2193.74,2098.54,267165750.0,0.73,2.32,10.68,2.53,53.0,25818.0,677.0,1.04,96.17,55.864999999999995,1752.87,488.32,2126.0,7.1,24.0,92.29,14009.0,1277.35,1096.41,2015
2015-11-08,Dow Jones,1407.57,1441.45,1488.97,1368.28,523207223.0,-4.43,1.86,10.68,2.98,94.0,12153.0,4723.0,1.44,104.95,86.49,2380.93,402.98,4584.0,7.1,46.0,50.34,1011.0,679.31,1096.41,2015
2015-11-09,NASDAQ,2446.37,1414.44,1462.85,1408.03,672377355.0,-3.3,6.2,2.15,1.03,84.0,14775.0,1039.0,1.35,95.31,107.29499999999999,819.07,498.98,3148.0,5.63,44.0,2.85,875.0,1506.72,1262.84,2015
2015-11-10,Dow Jones,3485.17,3480.67,3497.84,3470.14,446121231.0,-2.82,4.16,13.15,2.34,103.0,29074.0,1016.0,0.92,115.32,128.1,1707.65,237.73,5741.0,6.8,4.0,82.84,14613.0,669.05,537.0,2015
2015-11-11,S&P 500,2165.44,2116.74,3523.525,2102.69,677879710.0,-4.86,7.23,13.72,4.34,99.0,2323.0,746.0,1.5,102.12,94.19,1087.24,296.64,6403.0,6.63,5.0,44.49,3332.0,1348.14,1135.47,2015
2015-11-12,Unknown,3501.73,3457.26,3549.21,3441.78,201358276.0,3.49,3.18,11.41,4.44,109.0,1369.0,631.0,0.86,140.37,60.28,1435.06,264.08,1994.0,7.49,16.0,3.13,9586.0,1320.8,1089.63,2015
2015-11-13,Dow Jones,2886.6,2936.15,2963.9500000000003,2839.31,620357836.0,9.92,7.93,2.24,6.24,109.0,19282.0,2412.0,1.28,144.08,137.46,1414.13,392.82,8869.0,8.29,20.0,79.65,2332.0,1745.53,1477.44,2015
2015-11-14,S&P 500,2690.91,2651.49,2710.77,2631.69,938542254.0,8.04,0.03,11.64,8.25,109.0,22298.0,1765.0,1.0,113.27,142.54,2319.65,369.96,7228.0,9.85,20.0,23.87,1782.0,299.63,235.06,2015
2015-11-15,Dow Jones,4415.77,4371.42,4453.650000000001,4370.96,452483223.0,0.61,2.11,13.26,6.53,108.0,15673.0,4083.0,1.29,90.66,135.5,1168.11,369.96,5992.0,4.35,9.0,70.65,2065.0,372.39,307.64,2015
2015-11-16,S&P 500,3513.71,3494.02,3521.01,3463.49,931777856.0,3.09,6.04,14.96,6.53,79.0,27154.0,3043.0,1.02,146.31,64.77,1961.26,179.59,475.0,4.35,8.0,91.51,2065.0,1410.35,307.64,2015
2015-11-17,Dow Jones,1211.06,1192.71,1237.74,1162.88,2715027.0,-4.66,5.36,13.6,4.8,50.0,12385.0,1471.0,0.84,140.15,137.65,1894.68,179.59,2296.0,2.58,41.0,60.92,3121.0,1570.81,1311.24,2015
2015-11-18,S&P 500,4217.75,4220.62,4247.49,4189.23,206863671.0,1.78,9.71,8.62,4.8,79.0,13986.0,1419.0,1.12,81.45,104.71,1168.38,360.8,9103.0,7.06,1.0,74.02,7828.0,1570.81,424.08,2015
2015-11-19,NASDAQ,3337.8,3298.64,3385.88,3265.13,435683187.0,2.79,6.49,2.09,4.02,75.0,25920.0,4306.0,1.3,146.84,70.12,972.99,348.96,4859.0,4.89,17.0,96.41,12810.0,1986.69,1668.97,2015
2015-11-20,S&P 500,3649.8500000000004,2466.88,2470.3,3573.135,936505269.0,5.91,1.25,8.92,9.14,79.0,25697.0,4059.0,1.08,149.5,57.01,1888.05,165.4,7618.0,4.35,45.0,56.58,9464.0,1455.86,1198.67,2015
2015-11-21,NASDAQ,3961.9,3926.45,3968.71,3881.14,814204055.0,3.49,1.1,14.49,8.52,62.0,5250.0,4838.0,1.19,135.39,61.57,875.45,165.4,9931.0,2.43,24.0,54.76,10414.0,185.98,166.16,2015
2015-11-22,NASDAQ,2038.17,2079.75,2115.58,2029.03,739545996.0,8.5,3.42,8.84,6.71,62.0,5412.0,4592.0,0.94,141.96,63.3,1844.53,418.16,690.0,2.43,14.0,54.68,4126.0,2216.8,166.16,2015
2015-11-23,Dow Jones,2306.97,2350.72,2391.21,2277.53,78359806.0,-3.94,4.91,8.84,8.92,71.0,18079.0,3450.0,0.85,149.44,46.54,988.66,237.25,3399.0,5.05,18.0,75.51,2403.0,795.07,661.88,2015
2015-11-24,NASDAQ,4133.19,4104.22,4163.44,4082.9,178252194.0,9.23,0.18,2.06,2.68,72.0,22845.0,1246.0,1.1,87.42,51.88,935.83,171.96,8732.0,3.97,39.0,50.34,5306.0,1977.14,1663.44,2015
2015-11-25,NASDAQ,2061.3,2052.41,3695.6449999999995,2047.87,673948928.0,4.6,6.94,2.27,4.74,103.0,10733.0,2078.0,1.18,132.88,48.34,1124.72,241.38,3996.0,0.08,10.0,24.13,2182.0,2154.49,1838.27,2015
2015-11-26,Dow Jones,3210.83,3206.79,3227.85,3158.79,99598335.0,-1.98,6.89,9.65,7.9,62.0,28505.0,1803.0,0.84,138.68,121.16,1198.8,325.1,4842.0,5.02,20.0,92.41,4092.0,2154.49,941.81,2015
2015-11-27,NASDAQ,3784.32,3773.03,3811.51,3755.73,19043582.0,4.7,9.52,3.92,3.01,65.0,26562.0,2677.0,1.125,146.22,46.62,1240.92,196.38,1442.0,2.29,9.0,73.55,11725.0,2188.53,1830.13,2015
2015-11-28,Dow Jones,3214.85,3210.88,3228.35,3196.07,768108334.0,0.31,6.74,5.69,9.42,65.0,17718.0,3741.0,1.41,90.25,144.03,2240.47,416.83,1442.0,4.56,29.0,52.37,5576.0,1229.09,1014.16,2015
2015-11-29,S&P 500,2349.38,2313.8,2366.23,2266.42,744523374.0,1.23,7.62,5.66,5.83,53.0,10702.0,1022.0,1.06,137.46,86.18,917.33,416.83,6718.0,3.43,24.0,0.25,5015.0,756.05,650.06,2015
2015-11-30,Dow Jones,3815.43,3823.67,3834.74,3769.89,338040054.0,5.09,7.62,12.67,5.64,54.0,10052.0,1719.0,0.89,125.69,74.82,1874.3,316.83,5753.0,8.92,4.0,23.78,6987.0,1340.06,1108.53,2015
2015-12-01,Dow Jones,1615.13,1631.33,1660.12,1574.5700000000002,375173812.0,-1.96,8.66,14.64,4.7,111.0,5816.0,4783.0,1.28,86.57,63.32,1747.69,113.73,7040.0,3.59,41.0,50.34,7053.0,846.53,693.96,2015
2015-12-02,Dow Jones,1591.8400000000001,1266.8,1311.03,1217.38,241643266.0,-1.12,8.12,12.37,4.7,110.0,17243.0,4783.0,0.94,100.25,122.79,1957.34,113.73,1553.0,2.72,29.0,70.84,3688.0,99.76,63.92,2015
2015-12-03,Unknown,1568.55,1568.38,1576.48,1538.89,731413626.0,7.83,8.81,13.53,1.69,115.0,19334.0,3538.0,1.03,146.32,54.0,985.24,253.8,7125.0,5.55,2.0,14.56,2448.0,1138.46,63.92,2015
2015-12-04,S&P 500,2509.45,2520.02,1894.825,2461.3,151180834.0,4.96,1.04,4.08,8.35,115.0,3943.0,2667.0,0.93,133.82,85.785,1005.6,253.8,5130.0,7.42,42.0,82.82,14057.0,1415.52,1196.69,2015
2015-12-05,S&P 500,2148.88,2165.26,2213.17,2131.06,344416642.0,0.66,7.04,13.14,3.2,103.0,4508.0,970.0,0.86,149.78,117.57,1947.08,113.66,5083.0,9.57,11.0,41.05,3721.0,2058.08,1759.63,2015
2015-12-06,NASDAQ,1965.99,1967.2,1977.14,1917.44,95026053.0,6.84,5.31,6.94,1.99,103.0,20850.0,4699.0,1.27,105.05,88.49,1441.89,442.17,5761.0,6.45,45.0,48.62,13917.0,2239.33,1850.56,2015
2015-12-07,NASDAQ,1825.01,1841.36,1849.81,1796.95,236977902.0,7.8,4.34,6.94,1.99,113.0,8405.0,1659.0,1.47,95.13,91.63,851.17,442.17,1719.0,4.96,24.0,50.34,5901.0,866.78,1850.56,2015
2015-12-08,NASDAQ,1669.29,1692.55,1724.73,1660.01,104558274.0,0.75,0.11,7.61,5.195,107.0,24962.0,2916.0,1.2650000000000001,111.52,33.57,963.7,274.17,6302.0,6.37,33.0,98.19,4935.0,1946.51,1647.37,2015
2015-12-09,NASDAQ,1353.54,1400.33,1444.15,1327.18,487813508.0,0.66,9.01,7.61,5.195,78.0,24692.0,770.0,1.06,123.19,86.04,2293.3,211.82,6685.0,0.68,0.0,68.07,2133.0,409.31,354.89,2015
2015-12-10,NASDAQ,1474.84,1509.9,1535.0099999999998,1452.09,748100619.0,6.62,4.22,8.73,5.64,89.0,1055.0,1233.0,0.86,85.14,110.445,1824.52,236.52,1962.0,0.83,20.0,68.97,3162.0,1954.13,1665.01,2015
2015-12-11,S&P 500,6876.625,2765.17,2802.91,2743.56,476911692.0,-2.3,9.98,13.76,1.92,116.0,27831.0,1919.0,1.35,130.24,134.85,2440.98,259.26,9247.0,4.17,14.0,4.32,2867.0,127.83,114.83,2015
2015-12-12,Dow Jones,4930.09,4953.91,4965.55,4915.29,329581474.0,3.63,6.66,13.76,8.08,116.0,27831.0,1919.0,1.41,145.64,49.37,1313.4,472.0,722.0,6.29,24.0,50.34,3161.0,1477.26,1221.13,2015
2015-12-13,S&P 500,1502.2,1504.04,1519.31,4395.445,117743097.0,7.73,4.68,10.91,2.89,102.0,27126.0,960.0,1.48,122.11,123.54,2380.94,472.0,722.0,8.35,24.0,76.89,12882.0,1326.4,1115.39,2015
2015-12-14,Dow Jones,3954.39,3910.01,3967.0,3875.6,487813508.0,7.73,7.13,12.71,0.56,102.0,1285.0,3712.0,1.47,94.2,79.6,1888.9450000000002,312.14,996.0,5.08,15.0,91.96,12901.0,1867.89,1577.42,2015
2015-12-15,S&P 500,1124.6,1077.38,1153.5,1052.34,606807792.0,5.55,4.43,11.82,7.67,64.0,11538.0,2887.0,1.3399999999999999,111.8,35.66,1396.95,149.63,8491.0,9.34,12.0,20.5,3090.0,846.48,712.74,2015
2015-12-16,Dow Jones,11297.525,4480.35,4523.56,2342.99,936405219.0,4.9,4.12,13.22,1.27,82.0,7873.0,2974.0,1.21,100.88,146.75,2469.63,126.99,6594.0,5.42,14.0,98.17,13667.0,1625.57,1388.14,2015
2015-12-17,Dow Jones,3647.88,3689.1,3732.78,3633.64,216754308.0,9.51,9.49,12.66,1.13,99.0,14174.0,4392.0,1.17,129.54,23.52,1574.27,276.65,6594.0,3.52,24.0,46.26,2492.0,884.61,767.48,2015
2015-12-18,S&P 500,5405.05,2150.3,2204.75,2124.91,487813508.0,6.34,7.43,13.96,8.0,63.0,20563.0,2226.0,1.27,87.65,23.47,1145.39,159.73,4611.0,0.62,38.0,43.39,2492.0,884.61,1369.92,2015
2015-12-19,S&P 500,3890.83,3905.22,3947.53,3848.1,826405683.0,6.34,6.18,6.0,1.86,89.0,10031.0,2640.0,1.01,84.06,23.42,1087.12,148.06,1700.0,6.79,16.0,94.68,10944.0,884.61,483.31,2015
2015-12-20,S&P 500,1658.83,1700.88,1723.34,1633.37,487813508.0,6.42,6.18,6.0,2.35,76.0,10137.0,1567.0,1.46,125.99,62.34,1001.11,442.86,3424.0,7.7,31.0,80.28,3242.0,161.27,133.08,2015
2015-12-21,Dow Jones,3837.76,3829.09,3840.78,2415.9849999999997,487813508.0,4.62,5.15,6.39,1.51,57.0,19546.0,151.0,1.27,101.28,78.73,982.16,202.76,3424.0,3.29,22.0,50.34,7406.0,1392.96,1198.48,2015
2015-12-22,NASDAQ,3231.49,3214.03,4333.41,3198.6,487813508.0,1.04,4.81,8.08,0.75,71.0,10652.0,442.0,1.12,94.81,58.77,1135.02,159.56,2385.0,0.1,24.0,47.88,6723.0,1117.98,946.02,2015
2015-12-23,S&P 500,4783.7,4761.51,4826.04,4733.27,909440976.0,7.68,9.57,4.91,7.56,101.0,9861.0,4485.0,1.2,101.97,123.94,2429.05,201.22,5236.0,5.79,24.0,74.7,1291.0,1117.98,1403.43,2015
2015-12-24,Unknown,3597.29,3550.54,3603.6,3535.82,487813508.0,8.42,9.27,7.21,9.03,65.0,9904.0,161.0,1.45,104.97,109.25,1935.98,221.38,6723.0,6.03,36.0,54.75,5344.0,1114.2,973.85,2015
2015-12-25,S&P 500,1708.61,1757.54,1784.15,1703.44,743094502.0,2.76,5.84,5.8,0.72,102.0,17075.0,2419.0,1.11,142.65,94.56,2010.95,179.09,6033.0,2.49,4.0,80.86,13520.0,2008.61,1688.25,2015
2015-12-26,NASDAQ,1606.38,1602.77,1606.87,1585.92,564877716.0,8.2,5.49,7.83,4.63,72.0,6928.0,991.0,1.27,128.41,102.09,1711.34,371.23,9974.0,5.82,5.0,50.34,5941.0,1907.37,1580.78,2015
2015-12-27,Dow Jones,4108.2,4096.85,4133.01,4067.77,712059278.0,-1.67,4.97,3.01,7.45,77.0,17531.0,2030.0,0.86,100.08,49.73,2429.21,147.99,8741.0,6.94,24.0,44.63,9921.0,368.15,299.12,2015
2015-12-28,S&P 500,2674.43,2682.12,2708.82,2629.32,751918842.0,7.49,1.85,3.01,7.56,73.0,12023.0,3494.0,1.49,81.92,146.68,2295.33,147.99,5827.0,3.22,23.0,72.78,877.0,1455.47,1233.9,2015
2015-12-29,S&P 500,2048.02,2699.6000000000004,2743.99,2014.3700000000001,336545134.0,3.16,5.33,10.28,7.56,64.0,24284.0,4577.0,1.11,80.07,57.11,1296.19,397.49,9988.0,3.39,12.0,18.96,204.0,2159.43,1825.86,2015
2015-12-30,S&P 500,1421.61,1435.89,1436.06,1399.42,505715540.0,-3.68,6.06,9.9,8.21,108.0,25507.0,1722.0,1.07,94.42,116.54,1378.62,196.78,5743.0,8.76,24.0,38.23,14345.0,937.77,1825.86,2015
2015-12-31,Dow Jones,3576.6,3561.56,2102.4849999999997,3525.2,838858770.0,5.79,1.25,11.91,6.19,108.0,12597.0,4765.0,0.98,126.62,36.43,846.45,421.86,6983.0,5.07,24.0,9.41,5641.0,1177.96,995.29,2015
2016-01-01,Dow Jones,2746.46,2768.27,2768.91,2706.99,173299388.0,0.59,3.39,10.84,2.72,102.0,24073.0,2504.0,1.22,83.06,35.62,2182.44,320.78,6126.0,1.53,15.0,1.86,5450.0,819.81,995.29,2016
2016-01-02,Dow Jones,3461.19,3459.39,3473.3,3432.95,62531772.0,0.64,9.28,14.6,1.69,68.0,21532.0,655.0,1.46,127.6,39.45,1008.5,451.02,5104.0,2.5,35.0,24.31,2447.0,1988.04,1677.75,2016
2016-01-03,S&P 500,4430.25,4430.7,4439.23,4392.48,977994581.0,5.76,2.59,11.65,9.27,68.0,15866.0,2167.0,1.15,91.72,36.12,2031.5,337.09,9140.0,3.31,46.0,80.23,2447.0,1505.44,1281.09,2016
2016-01-04,NASDAQ,1562.21,1539.56,1611.24,1518.72,463821194.0,6.19,6.18,8.87,9.15,66.0,1581.0,3877.0,1.01,120.43,94.12,861.64,473.1,1612.0,6.05,42.0,14.46,5524.0,1215.24,1035.33,2016
2016-01-05,NASDAQ,1513.3,1522.56,1565.02,1501.52,365621497.0,-1.01,0.03,5.98,9.95,65.0,21952.0,3872.0,1.0,88.7,21.32,920.74,311.3,6373.0,3.74,24.0,21.69,736.0,2033.3,1738.26,2016
2016-01-06,NASDAQ,2690.19,2704.4700000000003,1385.7350000000001,2659.87,170138929.0,-4.03,2.24,14.98,5.02,115.0,24427.0,4754.0,1.33,106.30000000000001,125.93,909.99,451.04,6373.0,3.05,1.0,1.93,12932.0,815.15,699.78,2016
2016-01-07,S&P 500,1157.06,1177.98,1206.45,1147.05,487813508.0,8.88,8.95,11.53,5.58,75.0,15832.0,3841.0,1.34,123.9,102.88,2489.33,214.04,9675.0,9.26,30.0,4.26,6920.0,2081.07,1752.85,2016
2016-01-08,Unknown,4027.01,4032.29,4054.07,4013.63,684607341.0,8.95,7.24,5.04,4.8,70.0,10660.0,2860.0,1.39,87.71,79.83,2276.14,195.72,2702.0,5.27,24.0,87.49,5313.0,984.59,813.66,2016
2016-01-09,NASDAQ,1284.63,1334.19,1350.17,1284.62,604510329.0,8.3,6.57,6.23,6.86,56.0,18147.0,144.0,1.44,149.8,112.56,1321.83,366.41,9007.0,0.02,40.0,42.6,12059.0,1400.62,1194.59,2016
2016-01-10,S&P 500,1076.52,1063.19,1089.84,1038.93,793612307.0,7.83,8.89,3.28,3.56,65.0,7368.0,1402.0,1.15,113.87,147.47,1000.54,103.6,9403.0,0.02,28.0,9.08,533.0,610.76,497.76,2016
2016-01-11,NASDAQ,2003.57,1964.25,2005.09,1921.08,394428718.0,-0.97,0.96,7.56,3.62,71.0,7368.0,1897.0,1.06,90.76,44.87,2132.62,349.63,8499.0,6.61,11.0,0.4,4792.0,1012.3,825.57,2016
2016-01-12,Dow Jones,1155.83,1179.99,2451.85,1121.91,200723355.0,-3.42,2.9,4.75,2.01,90.0,2984.0,1613.0,1.18,96.58,39.375,967.7,263.83,5523.0,2.37,24.0,65.99,2370.0,337.8,250.9,2016
2016-01-13,S&P 500,2168.87,2205.82,2898.6099999999997,2167.63,342220731.0,-3.75,6.77,5.85,6.78,76.0,2745.0,4885.0,1.11,147.61,33.88,2042.37,162.34,5523.0,8.46,34.0,39.01,3036.0,418.83,367.69,2016
2016-01-14,S&P 500,3310.53,3273.62,3345.37,3268.56,415640765.0,9.94,6.77,8.46,1.43,114.0,18918.0,4076.0,0.82,114.63,91.4,2173.24,415.84,9063.0,2.84,7.0,71.45,13161.0,1519.88,1277.48,2016
2016-01-15,S&P 500,1780.67,1822.67,1858.57,4026.95,158251893.0,0.29,6.42,5.53,9.01,85.0,17786.0,3859.0,0.82,101.95,148.92,2246.17,416.46,1107.0,0.15,5.0,24.95,13188.0,204.24,146.43,2016
2016-01-16,NASDAQ,4797.09,4808.51,4848.43,4785.34,369106174.0,7.38,3.3,14.73,1.04,80.0,14750.0,1239.0,1.06,107.96,144.95,1109.72,328.11,7685.0,8.93,17.0,50.34,2407.0,373.29,316.83,2016
2016-01-17,Unknown,2719.94,2759.57,2786.11,2709.74,931437512.0,0.8,9.27,4.35,6.77,111.0,14190.0,2151.0,0.97,84.92,26.47,1146.54,395.03,267.0,9.25,21.0,64.33,10055.0,1771.1,1524.09,2016
2016-01-18,S&P 500,2261.45,2258.37,2300.5,2214.88,689766355.0,3.21,7.07,7.55,3.24,55.0,28251.0,1061.0,1.02,116.82,134.76,1583.695,434.81,267.0,7.97,30.0,14.07,7323.0,2290.72,1945.69,2016
2016-01-19,S&P 500,1461.58,2396.12,1493.26,1390.05,350097198.0,-0.54,5.46,9.48,3.24,72.0,25882.0,3345.0,1.07,93.2,44.71,2020.85,249.05,9869.0,4.58,31.0,36.43,14085.0,375.83,323.64,2016
2016-01-20,Dow Jones,2531.14,2533.87,2542.79,2486.17,459578147.0,-4.73,7.63,4.54,8.65,60.0,19976.0,3141.0,1.01,80.29,92.73,1705.52,303.45,3740.0,3.94,47.0,95.8,2251.0,375.83,488.04,2016
2016-01-21,Dow Jones,4240.64,4226.12,4261.28,4198.21,56532600.0,0.12,7.83,9.72,8.65,63.0,3364.0,3561.0,1.07,104.55,81.70500000000001,2289.12,328.8,3888.0,6.14,16.0,41.43,13543.0,375.83,1858.04,2016
2016-01-22,Dow Jones,1465.43,1508.58,1557.22,1444.89,487813508.0,-4.71,8.91,6.94,9.99,119.0,21750.0,4793.0,0.87,104.93,70.68,2283.72,167.91,9785.0,0.37,36.0,66.4,184.0,715.51,623.31,2016
2016-01-23,Dow Jones,1179.99,1138.57,1191.34,1118.5,487813508.0,9.59,9.81,14.53,4.47,96.0,2153.0,669.0,1.07,98.37,65.19,1812.99,433.88,6799.0,2.67,25.0,85.65,862.0,1123.73,940.97,2016
2016-01-24,NASDAQ,3510.68,3510.25,3524.71,3495.96,883333386.0,2.76,0.25,6.82,4.47,73.0,3908.0,669.0,0.99,131.66,32.29,1682.64,323.53,6737.0,2.67,13.0,13.0,862.0,283.45,272.85,2016
2016-01-25,Dow Jones,4778.95,4764.61,4789.18,4726.4,772295505.0,4.96,2.04,13.64,2.34,71.0,16579.0,669.0,0.83,108.5,51.86,1922.99,339.88,4654.0,3.61,24.0,59.52,328.0,625.34,515.33,2016
2016-01-26,NASDAQ,2704.48,2658.36,2736.19,2621.97,345335556.0,5.62,1.79,9.82,2.6,88.0,1835.0,4206.0,1.32,120.58,64.0,2292.72,239.77,1697.0,5.83,27.0,80.93,5748.0,493.93,387.82,2016
2016-01-27,NASDAQ,3704.71,3675.06,3726.52,3650.77,766347837.0,4.69,8.86,11.48,3.05,72.0,9991.0,1015.0,0.84,102.52,140.66,995.85,355.92,445.0,9.33,33.0,98.25,5930.0,439.52,385.57,2016
2016-01-28,Dow Jones,4077.77,4050.76,4113.05,4021.31,619382488.0,9.11,9.2,10.0,3.32,96.0,27787.0,4286.0,1.27,119.46,110.03,2161.36,382.95,2357.0,5.15,24.0,97.75,3566.0,2003.98,1708.47,2016
2016-01-29,Dow Jones,4630.44,4608.7,4636.99,3839.005,544828023.0,0.56,7.21,8.37,7.39,71.0,17063.0,776.0,1.04,147.47,133.53,1923.0,303.77,187.0,7.01,15.0,88.61,13579.0,316.8,244.78,2016
2016-01-30,Dow Jones,3666.4,3698.48,3740.77,3656.7,552765197.0,1.66,3.69,8.5,3.81,73.0,17063.0,776.0,1.33,86.24,93.905,1978.37,453.9,6996.0,2.24,43.0,6.58,4715.0,405.01,344.67,2016
2016-01-31,Dow Jones,4856.12,4837.4,4870.22,4826.63,604662562.0,2.76,8.95,13.84,5.12,79.0,4047.0,599.0,0.9,130.63,54.28,1847.26,161.98,6673.0,5.39,41.0,28.14,7258.0,1477.89,1265.05,2016
2016-02-01,S&P 500,2675.88,2629.22,2703.63,2608.57,980778270.0,3.97,9.69,11.13,5.25,53.0,11973.0,2392.0,1.105,88.71,48.19,1587.76,480.77,4092.0,0.58,28.0,66.98,635.0,1299.61,1076.78,2016
2016-02-02,Dow Jones,1564.8,1564.2,1609.25,1541.39,376722030.0,-2.97,5.75,8.88,7.3,107.0,11973.0,1521.0,1.31,91.91999999999999,56.33,996.49,272.87,4092.0,7.38,36.0,83.81,4774.0,198.66,175.04,2016
2016-02-03,NASDAQ,4727.01,4720.29,4729.03,4719.13,398611191.0,-2.97,4.57,3.96,9.85,62.0,3610.0,4545.0,1.15,95.13,109.01,2160.82,372.24,5579.0,2.96,22.0,94.14,4200.0,444.02,175.04,2016
2016-02-04,Dow Jones,2952.71,2909.9700000000003,2979.14,2863.58,610392105.0,-4.3,6.43,8.04,9.96,69.0,8224.0,4349.0,1.09,94.655,148.69,1043.47,211.53,5885.0,8.18,18.0,29.08,8070.0,1826.88,1554.49,2016
2016-02-05,S&P 500,12311.425,4940.86,4943.75,3552.395,165666861.0,2.76,2.92,9.2,9.19,70.0,16986.0,2182.0,1.43,94.18,29.92,2154.14,239.46,4283.0,0.99,24.0,8.36,14274.0,1414.62,1204.06,2016
2016-02-06,Dow Jones,4288.72,4306.34,4333.2,4241.21,555464590.0,8.92,0.44,10.0,3.92,83.0,12490.0,4717.0,1.37,108.33,38.57,932.49,405.94,5859.0,5.9,1.0,38.54,10152.0,1150.47,1000.97,2016
2016-02-07,NASDAQ,2474.83,2492.35,2512.99,2445.81,739328739.0,3.7,7.52,12.57,2.12,87.0,20834.0,4534.0,0.92,120.18666666666667,133.01,2084.82,405.94,4761.0,9.39,9.0,50.92,11284.0,1619.25,1364.87,2016
2016-02-08,S&P 500,2044.19,2023.31,2080.11,2020.39,328622647.0,9.84,3.49,14.42,8.26,61.0,19892.0,3805.0,1.24,132.04333333333335,94.67,1367.79,433.02,7514.0,4.16,41.0,92.56,10717.0,1461.23,1265.58,2016
2016-02-09,NASDAQ,2816.73,2819.92,2835.83,2781.63,496321448.0,3.22,6.89,4.78,6.81,93.0,17757.0,429.0,0.86,143.9,47.72,2116.72,444.02,5348.0,2.0,4.0,15.42,5844.0,1147.83,952.83,2016
2016-02-10,NASDAQ,3027.68,3034.27,2411.055,3015.49,333994860.0,4.18,6.31,4.78,9.64,51.0,18489.0,3341.0,1.18,115.24,71.91,2198.0499999999997,469.5,4866.0,4.13,16.0,47.24,10914.0,626.42,527.09,2016
2016-02-11,S&P 500,1966.15,1928.29,1986.28,1911.52,829892331.0,7.37,7.75,10.14,9.46,93.0,10355.0,4721.0,0.94,100.55,96.1,2279.38,446.9,4776.0,3.03,15.0,64.64,12148.0,242.0,173.4,2016
2016-02-12,Dow Jones,1889.45,1878.47,1926.29,1864.91,168524672.0,5.18,0.44,5.37,7.78,93.0,25160.0,277.0,1.37,146.63,86.54,2360.71,238.05,3809.0,3.79,22.0,13.56,1984.0,230.57,178.76,2016
2016-02-13,S&P 500,1667.44,1674.36,1678.84,1658.95,756946108.0,5.18,6.82,13.79,2.83,95.0,24955.0,2782.0,1.42,148.99,104.76,2397.87,454.61,3809.0,1.36,17.0,68.41,13348.0,376.12,306.18,2016
2016-02-14,S&P 500,3285.04,3321.99,3356.98,2210.915,817949084.0,3.52,2.28,13.79,9.0,81.0,29536.0,623.0,1.24,100.61,88.315,1353.75,236.85,2760.0,6.17,24.0,92.62,12766.0,1241.09,1056.02,2016
2016-02-15,Dow Jones,3697.9900000000002,2795.54,2825.85,2762.88,787560424.0,3.52,7.74,11.28,9.44,75.0,17821.0,3825.0,1.05,121.17,71.87,1426.94,148.78,1810.0,3.12,21.0,0.89,12635.0,608.52,505.63,2016
2016-02-16,S&P 500,4110.9400000000005,3128.57,3683.58,3074.99,3380201.0,6.99,2.59,12.98,8.85,50.0,10997.0,3607.0,1.44,97.98,55.425000000000004,1450.2,161.9,9944.0,6.1,12.0,99.38,12635.0,608.52,922.51,2016
2016-02-17,S&P 500,4523.89,4514.97,4541.31,4498.17,969747038.0,5.96,6.52,11.38,6.25,62.0,28269.0,4477.0,1.27,108.72,38.98,2329.53,180.92,7502.0,3.18,12.0,24.19,4473.0,860.43,743.86,2016
2016-02-18,Dow Jones,1284.62,1252.1,1320.02,1244.06,800495225.0,5.89,3.14,6.91,6.25,52.0,28724.0,2604.0,1.2,134.53,39.839999999999996,1778.11,292.11,4434.0,3.37,25.0,50.34,13262.0,590.03,485.23,2016
2016-02-19,NASDAQ,1962.68,2745.3949999999995,1979.9,2716.38,161612157.0,5.01,5.51,14.32,1.1,65.0,28157.0,4589.0,1.2,127.76,40.7,1401.58,228.68,8901.0,3.37,5.0,91.04,6877.0,804.05,668.28,2016
2016-02-20,S&P 500,4210.34,4238.69,4278.1,4188.7,67206738.0,-1.06,3.54,11.51,6.37,54.0,6503.0,600.0,0.91,100.44,41.56,2294.81,225.99,1334.0,2.7,19.0,30.62,9931.0,1606.8,1367.35,2016
2016-02-21,S&P 500,3210.65,3185.85,3227.81,3163.93,901132708.0,-3.8,3.45,6.15,0.63,90.0,16297.0,3997.0,0.92,100.2,82.21000000000001,1905.23,239.3,1334.0,0.64,38.0,31.93,2181.0,910.6,793.67,2016
2016-02-22,S&P 500,4787.02,4830.46,4844.35,4743.48,849354748.0,-2.92,0.71,5.05,4.12,82.0,10542.0,3997.0,0.82,114.56,122.86,1143.07,423.54,7629.0,5.91,24.0,72.71,14564.0,545.74,444.91,2016
2016-02-23,NASDAQ,4843.68,4845.39,4894.33,4833.05,922049275.0,9.43,7.28,8.04,5.49,109.0,25132.0,1558.0,0.83,101.81,145.36,1713.95,341.13,5552.0,6.92,24.0,13.74,1450.0,1017.48,862.88,2016
2016-02-24,NASDAQ,2935.21,2934.93,2956.98,2933.59,856528264.0,3.61,1.94,7.98,7.93,57.0,24213.0,3947.0,1.32,106.92,126.47,974.05,467.65,1954.0,0.07,24.0,56.04,2682.0,627.18,539.79,2016
2016-02-25,NASDAQ,2300.42,2327.33,2337.07,2296.12,178041248.0,1.55,6.51,9.26,4.68,59.0,2804.0,1874.0,1.3,86.12,89.8,1618.15,272.08,255.0,7.18,24.0,41.67,2829.0,114.14,82.41,2016
2016-02-26,NASDAQ,2852.035,2290.3,2303.2,2261.35,453415309.0,-4.93,3.87,9.26,1.38,80.0,26319.0,1866.0,0.81,88.48,82.4,1597.6,427.43,986.0,3.32,24.0,82.38,4723.0,153.99,108.93,2016
2016-02-27,Dow Jones,3403.65,3405.36,3410.07,2337.6,697697909.0,2.2,3.87,13.64,6.05,56.0,25326.0,484.0,0.98,136.66,75.0,1241.51,325.69,2287.0,6.65,5.0,59.56,5180.0,2073.39,1757.3,2016
2016-02-28,S&P 500,2431.19,2471.11,2517.16,2413.85,572500435.0,-4.04,3.32,6.62,4.43,56.0,21915.0,1710.0,1.32,130.58,41.38,928.1,107.71,7771.0,8.44,2.0,46.86,8809.0,1522.53,1273.12,2016
2016-02-29,NASDAQ,4782.79,4741.29,4817.45,4701.18,917879901.0,-4.17,9.66,6.68,8.71,86.0,23754.0,625.0,1.18,115.82,32.370000000000005,1060.38,358.45,4704.0,9.88,24.0,5.18,5108.0,1337.52,1153.42,2016
2016-03-01,Dow Jones,2836.5,2876.91,2882.85,2821.47,47392800.0,9.74,8.6,2.73,4.62,53.0,24865.0,3200.0,1.34,119.82,23.36,997.97,448.12,9193.0,9.94,3.0,19.2,7715.0,1337.52,1343.92,2016
2016-03-02,S&P 500,1264.66,1269.01,1288.17,1230.52,926497511.0,7.44,6.1,10.69,1.65,50.0,27710.0,1749.0,1.145,122.48,124.79,2122.87,271.14,824.0,8.06,37.0,89.67,2404.0,180.93,129.5,2016
2016-03-03,Dow Jones,2914.11,2933.04,2685.37,2905.62,471386157.0,8.2,5.31,3.11,4.73,82.0,26782.0,4016.0,0.95,133.22,106.32,1614.85,384.92,323.0,6.45,8.0,96.71,11222.0,180.93,1923.76,2016
2016-03-04,Dow Jones,4040.64,4073.76,4082.57,3993.26,99729741.0,9.26,4.37,7.99,7.72,65.0,6144.0,3114.0,1.28,147.29,87.85,1206.0,349.26,4729.0,2.69,14.0,50.34,1489.0,487.85,427.95,2016
2016-03-05,NASDAQ,4112.19,4150.36,4187.889999999999,4071.17,406728886.0,9.19,0.78,11.28,4.34,54.0,4993.0,4380.0,1.01,143.36,72.87,1000.97,343.12,4729.0,0.95,36.0,31.41,9897.0,2055.67,1713.2,2016
2016-03-06,Dow Jones,2772.185,3970.78,4000.92,3931.24,16246163.0,-1.17,4.97,11.28,3.65,119.0,7864.0,587.0,1.03,149.07,66.19,1617.73,235.37,7565.0,0.14,40.0,5.93,6790.0,437.64,1713.2,2016
2016-03-07,NASDAQ,1432.18,3791.3900000000003,1483.56,1406.95,904157712.0,-1.17,9.25,6.92,3.16,89.0,6230.0,4679.0,1.08,124.4,103.37,1628.71,392.25,5296.0,7.69,14.0,92.26,7219.0,1260.94,1074.24,2016
2016-03-08,S&P 500,3655.3,3612.0,3666.43,3580.25,72552694.0,-0.39,9.25,4.35,9.49,52.0,18499.0,2113.0,1.13,121.14,83.66,1615.48,251.04,7448.0,2.98,3.0,17.05,12283.0,1260.94,800.63,2016
2016-03-09,NASDAQ,3898.39,3873.02,3917.79,3843.88,161562377.0,5.78,9.25,14.33,2.78,74.0,15501.0,2928.0,1.12,145.67,99.2,1599.37,190.95,9779.0,6.78,24.0,79.63,14812.0,1306.06,1122.97,2016
2016-03-10,Dow Jones,2731.07,2766.4,2809.98,2702.22,747861191.0,-3.86,9.25,3.74,9.09,69.0,19118.0,4545.0,1.11,143.185,129.11,1789.75,418.53,1580.0,1.95,16.0,85.9,2585.0,265.16,204.29,2016
2016-03-11,Dow Jones,4345.77,4367.4,4389.01,4327.7,697041969.0,4.44,6.34,8.24,9.9,79.0,14128.0,3025.0,1.25,140.7,108.2,1218.54,418.53,9441.0,4.69,39.0,88.89,10421.0,515.44,204.29,2016
2016-03-12,S&P 500,1783.33,1816.57,3232.1850000000004,1767.96,115629922.0,0.24,3.23,14.84,3.61,79.0,15156.0,4388.0,1.02,142.87,133.14,1202.83,137.98,9512.0,0.34,1.0,65.94,8461.0,2214.55,1837.27,2016
2016-03-13,Dow Jones,2308.16,2039.11,2075.36,1989.75,332140520.0,-4.26,7.97,10.66,4.9,82.0,1911.0,361.0,1.15,134.66,93.27,1831.96,243.01,5428.0,5.7,26.0,17.71,5875.0,2214.55,230.22,2016
2016-03-14,S&P 500,2832.99,3497.55,3533.42,3443.87,502450170.0,7.22,7.0,10.66,4.9,82.0,13667.0,4702.0,1.28,111.79,86.3,2253.63,339.43,1555.0,1.92,24.0,23.55,14420.0,1669.42,1398.34,2016
2016-03-15,S&P 500,3357.82,3881.616666666667,3368.95,3306.09,799752625.0,6.03,2.69,11.18,5.92,119.0,7199.0,2819.0,1.0,127.45,133.67,949.97,408.22,1469.0,0.53,24.0,59.62,8017.0,786.84,681.32,2016
2016-03-16,Dow Jones,2157.76,4265.683333333333,2164.8,2115.18,230712927.0,8.78,4.87,6.91,7.54,119.0,24196.0,2430.0,1.1,145.69,124.61,1296.94,464.72,2507.0,2.14,42.0,65.8,9641.0,294.13,229.03,2016
2016-03-17,S&P 500,2002.15,4649.75,4673.44,4644.13,588976639.0,7.63,2.24,6.29,1.2,74.0,10714.0,4686.0,1.28,97.35,84.81,2394.38,267.48,6339.0,8.32,12.0,76.08,8449.0,279.91,249.22,2016
2016-03-18,Dow Jones,1846.54,1868.82,1880.7,1800.88,62019334.0,5.8,9.13,4.82,9.8,114.0,9840.0,1158.0,1.03,118.59,142.13,1111.34,394.27,9770.0,9.54,8.0,66.48,11744.0,2008.29,1701.16,2016
2016-03-19,NASDAQ,3311.23,1962.355,3332.58,3269.85,588890263.0,5.64,8.11,12.79,2.11,113.0,5875.0,3649.0,1.25,100.36,36.92,1031.42,224.75,9056.0,6.18,22.0,16.2,7066.0,1421.63,1183.47,2016
2016-03-20,NASDAQ,2081.57,2055.89,2086.46,2054.02,202227957.0,-0.8,5.64,13.63,4.54,76.0,6459.0,4093.0,1.03,111.215,115.53,1950.05,185.81,1380.0,0.78,24.0,56.57,14009.0,1169.98,996.2,2016
2016-03-21,NASDAQ,4665.96,4640.44,4669.8,4603.11,533177567.0,-1.68,1.59,13.11,6.24,87.0,21223.0,246.0,1.1,122.07,42.58,1158.65,220.31,3044.0,7.04,12.0,96.48,11695.0,1668.55,1409.5,2016
2016-03-22,Dow Jones,4589.54,4628.95,4664.21,4568.09,597519144.0,-3.39,8.4,10.31,6.0,112.0,3786.0,246.0,0.99,84.52,109.46,1490.36,470.67,306.0,2.51,24.0,66.97,6486.0,740.42,617.9,2016
2016-03-23,S&P 500,4988.95,2856.0,5016.79,4977.06,987964951.0,3.16,0.78,11.24,2.51,55.0,26095.0,786.0,1.35,98.26,47.51,1715.64,106.85,2120.0,2.51,29.0,2.78,7779.0,740.42,311.01,2016
2016-03-24,NASDAQ,3274.45,1083.05,3297.63,1072.82,425629312.0,4.41,8.32,14.43,0.62,89.0,10449.0,317.0,1.255,125.66,65.05,1148.32,126.7,8744.0,7.33,14.0,12.75,10118.0,1115.19,311.01,2016
2016-03-25,NASDAQ,1559.95,1550.42,1578.47,1544.81,580274450.0,8.03,0.73,2.81,5.195,58.0,11636.0,604.0,1.16,88.64,36.33,2414.97,363.79,1139.0,7.82,22.0,12.96,1798.0,2152.97,1807.43,2016
2016-03-26,S&P 500,4275.48,2883.89,4285.589999999999,4217.77,819946952.0,5.98,2.17,14.31,2.78,118.0,11636.0,1635.0,1.38,142.01,43.75,1966.63,304.13,3620.0,8.12,24.0,28.8,10020.0,150.26,103.84,2016
2016-03-27,Dow Jones,4235.31,4217.36,4281.76,4211.870000000001,764026314.0,6.12,7.4,4.18,0.74,51.0,19024.0,3853.0,1.165,96.26,35.74,1293.94,120.59,6148.0,2.96,39.0,11.2,3189.0,1331.88,1148.14,2016
2016-03-28,Dow Jones,4428.72,4415.4,4438.650000000001,4375.93,267908397.0,6.51,9.82,4.28,5.04,59.0,1908.0,3853.0,0.95,85.82,62.266666666666666,1699.89,435.62,2947.0,2.76,14.0,44.18,775.0,273.55,240.88,2016
2016-03-29,S&P 500,2674.78,2699.6,2743.99,2663.78,336545134.0,3.16,5.33,10.28,8.07,64.0,24284.0,3853.0,1.11,80.07,88.79333333333332,1296.19,397.49,9988.0,2.76,24.0,18.96,204.0,522.14,467.32,2016
2016-03-30,Dow Jones,2199.59,2122.77,2248.65,2179.48,836305736.0,8.23,6.7,9.77,5.4,75.0,25496.0,4403.0,1.28,123.55,115.32,1541.71,350.14,1695.0,0.12,28.0,35.5,1775.0,1372.97,1130.32,2016
2016-03-31,NASDAQ,3252.895,1545.94,1590.72,1514.38,327304439.0,7.29,5.84,11.58,5.28,98.0,5401.0,1198.0,1.02,100.49,80.69,1906.7,118.68,4488.0,6.62,15.0,72.79,4417.0,179.45,107.61,2016
2016-04-01,Dow Jones,4306.2,4287.79,4353.09,4275.27,598181364.0,9.71,6.23,4.18,5.66,74.0,17461.0,1502.0,0.83,110.965,56.2,1220.69,403.09,6729.0,1.89,4.0,56.36,8827.0,1459.5,1226.18,2016
2016-04-02,S&P 500,2382.32,2404.22,2434.09,2372.78,728040071.0,6.43,3.88,4.18,1.01,119.0,18311.0,1094.0,1.44,121.44,65.36,1643.46,168.31,6626.0,8.59,5.0,88.92,8827.0,423.05,331.7,2016
2016-04-03,NASDAQ,3597.52,3572.78,3640.79,3545.13,961156386.0,6.75,1.36,2.26,3.04,57.0,15042.0,2824.0,1.27,80.78,141.01,1463.15,141.85,6626.0,3.55,25.0,50.34,467.0,731.44,633.57,2016
2016-04-04,NASDAQ,4607.1,4653.76,4673.97,4603.03,246585222.0,5.23,0.88,5.07,6.59,107.0,2620.0,2402.0,1.04,146.87,75.22,2115.56,244.1,2569.0,7.35,24.0,50.34,2515.0,731.44,212.58,2016
2016-04-05,Unknown,3629.41,3642.24,3686.26,3614.47,183482094.0,-2.43,4.5,9.44,9.65,50.0,24453.0,112.0,1.49,146.16,101.89,1270.43,261.99,5903.0,7.43,24.0,33.29,2999.0,602.14,487.87,2016
2016-04-06,NASDAQ,4331.32,4377.549999999999,4394.58,4284.92,661222766.0,2.76,4.5,14.23,5.69,111.0,10635.0,112.0,1.48,145.45,58.69,1605.09,261.99,3366.0,3.08,2.0,2.34,3784.0,364.1,303.37,2016
2016-04-07,NASDAQ,3529.7,2597.27,2607.02,2587.95,114883700.0,3.68,3.25,9.39,5.69,118.0,24329.0,1657.0,1.09,121.5,35.6,1943.93,294.71,5567.0,8.18,0.0,71.75,11116.0,1591.31,1314.76,2016
2016-04-08,NASDAQ,2728.08,2749.45,2754.82,2716.17,144137711.0,0.93,6.91,8.72,1.38,118.0,25409.0,4833.0,1.06,107.79,148.95,2364.84,400.02,6190.0,0.96,12.0,91.2,8685.0,434.67,380.8,2016
2016-04-09,S&P 500,1780.67,1822.67,1858.57,3634.085,158251893.0,0.29,6.42,5.53,9.01,85.0,17786.0,3859.0,0.82,101.95,148.92,2246.17,416.46,1107.0,0.15,5.0,24.95,13188.0,853.37,724.46,2016
2016-04-10,Dow Jones,4572.36,4568.76,4586.759999999999,4552.0,121138393.0,2.92,5.96,3.06,8.9,93.0,8118.0,172.0,0.87,90.21,145.115,816.2,441.37,3748.0,8.4,24.0,62.75,7581.0,562.6,503.46,2016
2016-04-11,S&P 500,2834.075,3172.49,3208.53,3106.51,683841841.0,5.5,0.72,3.06,5.23,91.0,7533.0,4016.0,1.08,127.25,141.31,1340.08,180.17,1019.0,2.38,48.0,53.53,2658.0,1763.48,1479.46,2016
2016-04-12,Dow Jones,1095.79,1078.48,3246.815,1038.66,862858734.0,4.13,7.97,9.76,7.79,95.0,7174.0,528.0,0.86,138.195,109.42,2283.75,325.57,168.0,8.13,0.0,23.96,6933.0,2010.85,1686.34,2016
2016-04-13,NASDAQ,3248.29,3207.03,3285.1,3202.03,154015957.0,7.27,5.15,12.1,6.86,73.0,26920.0,524.0,1.15,149.14,125.15,2412.35,333.9,5993.0,8.82,16.0,86.16,2946.0,825.2,688.71,2016
2016-04-14,NASDAQ,2981.06,2599.55,2652.64,2566.8,72530109.0,7.81,1.49,11.28,2.96,98.0,27443.0,524.0,0.97,104.8,100.54,2180.61,351.22,6211.0,0.6,40.0,11.58,13843.0,1821.21,1513.1,2016
2016-04-15,Unknown,2713.83,2702.19,2749.78,2850.645,487813508.0,7.79,2.51,6.77,6.62,109.0,18772.0,524.0,1.42,90.11,75.93,1717.71,478.0,7187.0,2.84,24.0,60.71,879.0,1282.78,1077.46,2016
2016-04-16,Dow Jones,3161.12,3183.36,3209.48,3134.49,108751466.0,0.92,7.85,8.84,3.71,109.0,4562.0,2115.0,1.0,143.04,52.265,2321.02,428.41,6627.0,4.34,10.0,70.13,4345.0,340.33,265.58,2016
2016-04-17,S&P 500,4149.55,4162.06,4182.52,4143.08,487813508.0,7.05,3.27,14.3,8.35,51.0,27180.0,671.0,1.03,149.73,28.6,2227.89,369.03,6523.0,1.21,4.0,4.14,2699.0,1089.77,917.43,2016
2016-04-18,Dow Jones,3696.08,3708.76,3733.67,3673.63,789396685.0,2.25,1.86,2.9,2.33,94.0,28194.0,4436.0,0.88,89.94,36.29,2429.04,312.51,4325.0,9.83,7.0,75.71,12789.0,1329.56,917.43,2016
2016-04-19,NASDAQ,2928.53,2899.88,2955.36,2898.7,40076502.0,-2.8,6.71,12.99,7.24,52.0,20781.0,2745.0,0.92,146.23,54.745000000000005,2087.12,415.78,805.0,7.82,24.0,62.87,2414.0,791.49,678.4,2016
2016-04-20,S&P 500,3561.9,3524.73,3565.39,3517.15,627503111.0,-4.31,9.85,4.4,7.24,113.0,14017.0,1545.0,0.9,87.88,73.2,2185.65,217.17,8195.0,0.86,28.0,52.48,1367.0,166.9,112.95,2016
2016-04-21,S&P 500,2516.38,3198.0550000000003,3240.435,2473.99,325891445.0,4.84,8.39,13.01,6.81,68.0,12273.0,365.0,1.19,149.43,121.87,1627.52,265.92,7255.0,6.08,33.0,13.81,9984.0,1329.33,1115.86,2016
2016-04-22,NASDAQ,2843.59,2871.38,2915.48,2813.14,560624421.0,-4.36,2.08,5.28,9.25,119.0,12179.0,2948.0,1.19,86.03,83.54,1412.54,246.88,9837.0,1.73,24.0,50.34,8732.0,2162.77,1844.62,2016
2016-04-23,S&P 500,2538.05,3128.33,2543.45,3058.935,49638538.0,0.24,7.34,11.1,0.58,86.0,12179.0,1186.0,1.1,114.65,23.44,976.07,413.57,9837.0,7.53,24.0,28.75,1091.0,1833.85,1522.56,2016
2016-04-24,S&P 500,8366.25,3385.28,3435.18,3304.73,185736837.0,8.23,2.23,11.25,7.73,111.0,12179.0,4865.0,0.89,108.32,36.12,1919.46,134.83,1438.0,4.75,24.0,62.74,11164.0,1121.62,914.16,2016
2016-04-25,Dow Jones,3380.53,3346.21,3413.44,3317.67,666278388.0,8.23,1.61,2.46,8.77,51.0,6835.0,2931.0,1.21,145.39,38.32,1898.24,410.15,8596.0,3.04,11.0,95.79,3157.0,489.94,406.75,2016
2016-04-26,S&P 500,1198.42,1242.46,1279.97,1170.52,901608343.0,6.7,7.26,6.74,7.32,71.0,18669.0,3283.0,1.15,124.89,52.23,1832.36,108.13,9915.0,9.77,5.0,50.34,7312.0,489.94,1095.34,2016
2016-04-27,NASDAQ,3874.87,3885.25,1896.48,3861.26,299533726.0,-2.83,7.37,11.32,6.89,107.0,14002.0,1519.0,0.81,149.25,92.62,923.35,329.93,410.0,1.67,21.0,21.02,246.0,557.61,444.81,2016
2016-04-28,NASDAQ,2474.83,2492.35,2512.99,2445.81,739328739.0,3.7,7.52,12.57,2.12,87.0,20834.0,4534.0,0.92,131.935,133.01,2084.82,329.93,4761.0,9.39,9.0,50.92,11284.0,1275.8,1067.3,2016
2016-04-29,NASDAQ,1571.4,1609.11,1653.49,1546.08,163740986.0,-0.54,2.69,4.15,9.51,117.0,14320.0,1835.0,0.99,114.62,99.72,1767.88,171.91,3576.0,2.99,2.0,17.58,7357.0,1989.27,1673.9,2016
2016-04-30,S&P 500,1477.52,1448.47,1523.86,1402.69,442387176.0,2.76,0.88,8.91,4.8,85.0,15186.0,1290.0,1.02,107.80000000000001,97.19,1943.61,105.81,3894.0,5.78,4.0,14.29,12039.0,430.56,322.0,2016
2016-05-01,Unknown,1969.41,1940.51,1999.02,1898.37,154879409.0,-4.83,9.81,11.7,8.5,97.0,27832.0,4552.0,1.19,100.98,94.66,1164.24,437.35,8846.0,3.29,24.0,79.72,5270.0,561.58,465.9,2016
2016-05-02,Dow Jones,2440.94,2478.65,2526.57,2424.87,319900887.0,5.79,3.32,4.38,1.66,110.0,2667.0,715.0,1.19,109.94,76.645,2107.32,278.45,1431.0,2.81,6.0,29.25,12093.0,456.45,398.38,2016
2016-05-03,Dow Jones,4924.71,4971.15,4977.48,4918.08,84232828.0,3.46,5.35,4.38,6.23,90.0,2667.0,2846.0,1.25,134.02,58.63,807.51,195.94,6233.0,5.97,18.0,35.86,3651.0,1803.83,1546.01,2016
2016-05-04,Dow Jones,4665.68,4636.37,4710.240000000001,4619.39,268754638.0,8.81,0.65,11.52,4.4,60.0,24745.0,404.0,1.42,85.11,28.07,1334.22,349.81,8486.0,9.68,47.0,84.44,3651.0,392.79,304.66,2016
2016-05-05,Dow Jones,1192.74,1202.37,1229.18,1179.26,902212087.0,1.59,4.03,13.04,5.51,111.0,8837.0,3269.0,0.88,91.0,111.02,2435.87,477.58,1877.0,8.14,24.0,10.22,2415.0,1172.43,1004.33,2016
2016-05-06,Dow Jones,3076.13,3057.08,3106.42,3040.34,809547236.0,2.76,5.45,10.16,1.79,99.0,27854.0,4267.0,0.98,89.31,124.1,1363.74,311.41,4496.0,8.87,24.0,62.72,3256.0,566.16,501.87,2016
2016-05-07,NASDAQ,2075.19,2033.65,2112.61,1987.89,747210083.0,2.76,3.94,11.27,9.59,85.0,20170.0,2937.0,1.09,144.88,137.18,1121.83,151.86,1156.0,8.61,30.0,7.31,7845.0,1425.15,1216.1,2016
2016-05-08,NASDAQ,3951.48,3917.82,3978.55,3898.17,303075479.0,9.64,5.23,10.19,5.58,98.0,27724.0,2322.0,0.96,129.49,56.23,2047.07,490.38,3620.0,0.03,6.0,89.28,7845.0,618.13,531.29,2016
2016-05-09,S&P 500,1015.28,2622.885,1077.91,1003.33,589120189.0,8.55,4.95,6.74,7.86,77.0,17744.0,3456.0,1.5,132.33,33.76,1613.58,203.03,7357.0,0.01,21.0,93.74,7845.0,1267.49,1095.74,2016
2016-05-10,Dow Jones,1317.63,1327.95,1347.76,2148.785,419318465.0,-0.3,2.95,11.76,4.12,110.0,5263.0,4756.0,1.23,97.39,118.62,1180.09,146.2,4450.0,4.73,20.0,97.03,7845.0,1323.68,1095.74,2016
2016-05-11,S&P 500,3372.63,2565.755,3388.79,3294.24,684046401.0,7.19,9.2,2.89,8.65,65.0,13756.0,2844.0,0.9,142.61,55.58,831.13,361.11,2176.0,9.85,24.0,54.82,11131.0,981.84,839.32,2016
2016-05-12,S&P 500,9425.325,3803.56,3826.18,3735.84,876685750.0,1.47,2.76,4.73,4.91,109.0,5056.0,181.0,1.26,101.95,48.34,2303.34,361.11,5455.0,1.77,24.0,69.94,13961.0,981.84,854.59,2016
2016-05-13,NASDAQ,3281.15,3280.78,3569.7349999999997,3276.09,79934488.0,-4.76,6.38,5.12,4.91,76.0,5056.0,3676.0,1.48,85.34,106.87,2184.51,361.11,2695.0,8.87,10.0,59.98,1319.0,981.84,576.32,2016
2016-05-14,Dow Jones,3264.07,3270.19,3313.29,3242.5,422026654.0,7.32,4.29,10.26,4.91,84.0,13854.0,1913.0,1.14,117.7,141.48,2065.68,172.06,2217.0,6.87,8.0,78.9,3537.0,1780.67,1491.06,2016
2016-05-15,S&P 500,1157.57,1203.17,1214.87,2727.84,112074034.0,6.81,6.09,13.89,2.2,72.0,15228.0,4847.0,1.35,135.86,133.77,1824.52,440.65,8343.0,0.57,24.0,5.11,213.0,1184.52,1013.02,2016
2016-05-16,Dow Jones,2286.68,2254.08,2330.61,2213.18,231900419.0,0.92,5.14,9.84,4.98,90.0,22402.0,4386.0,1.18,122.97,38.53,1586.05,258.56,6537.0,0.25,30.0,71.72,213.0,2065.77,1013.02,2016
2016-05-17,NASDAQ,1669.29,1692.55,1724.73,1660.01,104558274.0,0.75,0.11,7.61,5.195,107.0,24962.0,2916.0,1.1400000000000001,111.52,33.57,963.7,274.17,6302.0,6.37,33.0,98.19,4935.0,86.81,87.12,2016
2016-05-18,S&P 500,8033.7,3233.81,3281.09,3197.71,362908423.0,-0.02,7.75,8.12,7.24,113.0,20204.0,4380.0,1.1,82.23,30.13,981.44,269.06,9732.0,9.01,24.0,4.81,8435.0,999.72,843.58,2016
2016-05-19,NASDAQ,3525.5,3480.84,3539.76,3465.08,483347315.0,4.89,2.76,11.46,7.15,74.0,20204.0,158.0,1.02,112.12,26.19,1906.59,454.92,8168.0,4.44,0.0,45.06,11322.0,1718.31,1470.51,2016
2016-05-20,Dow Jones,1286.85,1333.52,3413.655,1264.22,530867691.0,6.88,2.3,7.7,5.52,64.0,18069.0,2618.0,1.06,95.1,116.32,1631.19,296.61,5907.0,3.1,43.0,24.45,6339.0,1718.31,344.97,2016
2016-05-21,NASDAQ,7981.45,3238.48,3287.55,3182.54,464915110.0,-1.36,8.05,7.7,4.5,117.0,8730.0,2717.0,1.47,117.86,25.86,1664.865,251.85,1133.0,7.91,24.0,78.07,8239.0,313.52,294.1,2016
2016-05-22,S&P 500,1949.91,1934.47,3685.195,1930.88,295638991.0,4.36,8.94,3.6,5.195,61.0,13618.0,3789.0,0.89,102.11,96.9,1698.54,201.25,8138.0,9.46,47.0,76.55,4322.0,661.93,569.26,2016
2016-05-23,NASDAQ,4074.33,4080.0,4082.84,4032.36,733635740.0,-4.05,6.92,3.6,2.12,102.0,19084.0,3942.0,0.88,125.71,37.86,1799.26,415.03,8138.0,4.4,25.0,36.31,10983.0,2031.96,1690.21,2016
2016-05-24,NASDAQ,3925.99,3925.16,3962.47,3906.41,581252400.0,-2.9,6.92,2.58,0.76,77.0,20782.0,3383.0,1.3,131.33,57.225,1634.65,428.9,4809.0,0.4,24.0,85.25,10983.0,2271.78,1894.72,2016
2016-05-25,Dow Jones,1646.78,1695.99,1716.58,1627.93,769087480.0,-0.02,9.77,6.61,8.94,77.0,26311.0,4930.0,1.05,133.18,76.59,1090.58,204.9,5519.0,5.64,44.0,6.56,14464.0,1463.69,1253.46,2016
2016-05-26,S&P 500,2074.14,2077.71,2079.75,2041.62,487813508.0,5.78,1.7,4.23,4.94,81.0,2344.0,4642.0,1.0,103.41,93.4,1135.5949999999998,114.73,1243.0,1.15,16.0,99.11,11401.0,583.78,1253.46,2016
2016-05-27,S&P 500,1103.08,1057.04,1107.67,1039.12,786728585.0,6.69,0.63,10.74,7.47,112.0,20861.0,358.0,1.11,149.11,31.05,1180.61,106.48,2062.0,0.35,24.0,38.61,1742.0,2028.89,1702.63,2016
2016-05-28,S&P 500,2521.68,2483.6,2565.89,2451.27,824342099.0,1.49,3.86,11.78,4.51,114.0,10660.0,2648.0,1.4,132.83,74.71,1840.24,350.96,1656.0,9.83,35.0,77.81,10542.0,506.27,425.62,2016
2016-05-29,Dow Jones,2566.97,2577.57,2599.09,2524.27,205905787.0,5.2,2.44,7.04,1.24,88.0,6008.0,593.0,1.44,82.89,102.05,1422.95,333.98,9453.0,0.88,18.0,52.48,1285.0,1409.14,425.62,2016
2016-05-30,NASDAQ,4374.6,4365.12,4417.49,4337.04,193423023.0,9.61,7.69,2.12,4.48,72.0,27617.0,2076.0,1.18,96.24,96.21,2101.57,323.7,3540.0,8.99,35.0,33.79,9763.0,1585.86,1344.41,2016
2016-05-31,Dow Jones,1313.82,1288.65,1322.39,1284.78,65244116.0,2.37,8.86,2.12,7.71,91.0,16360.0,2982.0,0.99,113.35,93.51,1041.99,486.76,6279.0,1.83,41.0,8.25,14338.0,1758.75,1485.77,2016
2016-06-01,NASDAQ,3162.79,3160.22,3172.42,3140.15,934278346.0,2.43,3.98,7.28,7.78,82.0,2147.0,1947.0,1.045,140.02,141.68,1630.99,486.76,4209.0,7.35,31.0,3.82,1439.0,1327.51,1133.82,2016
2016-06-02,NASDAQ,4133.19,4104.22,4163.44,4082.9,178252194.0,9.23,0.18,2.06,2.68,72.0,22845.0,1246.0,1.1,87.42,51.88,935.83,171.96,8732.0,3.97,39.0,50.34,5306.0,2299.35,1917.25,2016
2016-06-03,Dow Jones,4415.77,4371.42,4453.650000000001,4370.96,452483223.0,0.61,2.11,13.26,6.53,108.0,15673.0,4083.0,1.29,90.66,135.5,1168.11,171.96,5992.0,4.35,9.0,70.65,2065.0,752.6,640.34,2016
2016-06-04,S&P 500,2832.11,2818.79,2846.47,2811.22,772179049.0,-2.42,9.03,2.78,8.25,108.0,23566.0,1044.0,1.375,109.64,148.65,1040.62,286.75,9182.0,6.58,38.0,50.79,12752.0,1599.37,1326.52,2016
2016-06-05,Dow Jones,3461.19,3459.39,3473.3,3432.95,62531772.0,0.64,9.28,14.6,1.69,68.0,21532.0,655.0,1.46,127.6,39.45,1008.5,451.02,5104.0,2.5,35.0,24.31,2447.0,1455.79,1243.75,2016
2016-06-06,S&P 500,1871.57,1867.66,1883.19,1858.54,855387802.0,-1.04,1.86,13.55,9.84,53.0,9115.0,2614.0,1.32,141.48,82.11,1172.16,237.94,8854.0,4.76,14.0,50.34,12459.0,867.85,729.51,2016
2016-06-07,NASDAQ,1623.09,1660.75,1673.52,1573.44,264485748.0,1.75,3.77,5.87,2.37,57.0,8587.0,268.0,0.83,131.99,124.77,2179.3,260.68,310.0,4.76,27.0,8.98,11742.0,604.64,490.52,2016
2016-06-08,Unknown,1568.55,1568.38,1576.48,1538.89,731413626.0,7.83,8.81,13.53,1.69,115.0,19334.0,3538.0,1.03,146.32,54.0,985.24,253.8,7125.0,5.55,2.0,14.56,2448.0,623.57,511.12,2016
2016-06-09,S&P 500,4521.26,4495.43,4566.33,4491.37,420099334.0,-3.85,1.08,7.8,4.0,102.0,12353.0,4544.0,1.35,124.66,126.94,2255.6,253.8,639.0,5.92,30.0,8.25,7515.0,194.63,174.58,2016
2016-06-10,S&P 500,1273.8,1230.97,1298.99,1205.14,211344475.0,-3.85,1.19,2.85,2.61,107.0,16649.0,1168.0,1.29,117.59,39.83,880.8,212.77,5584.0,3.18,25.0,88.78,13615.0,932.57,799.53,2016
2016-06-11,S&P 500,3347.75,3356.83,1526.94,3315.45,897483468.0,3.6,8.58,6.2,6.51,77.0,24165.0,1168.0,1.19,146.92,100.12,2102.32,212.77,5584.0,3.25,32.0,37.38,2122.0,181.73,179.94,2016
2016-06-12,Unknown,1716.38,1748.45,1754.89,1695.07,118837074.0,-3.08,7.2,11.26,3.52,54.0,8430.0,2102.0,1.33,131.79,137.86,1210.94,347.81,767.0,7.91,33.0,50.34,1410.0,1316.48,1095.01,2016
2016-06-13,NASDAQ,3478.1,3443.79,3516.96,2209.77,757891108.0,2.85,7.52,4.63,1.78,118.0,25954.0,2724.0,1.08,136.59,45.83,917.69,347.81,7990.0,2.19,9.0,28.63,5185.0,671.08,572.0,2016
2016-06-14,S&P 500,2747.98,2748.27,2770.13,2724.47,428184301.0,-0.16,5.68,12.29,0.82,114.0,1246.0,2031.0,0.83,135.0,128.96,1470.16,151.88,7291.0,8.44,38.0,10.08,1788.0,1388.67,1163.31,2016
2016-06-15,NASDAQ,3768.29,3586.4049999999997,3792.36,3752.56,798036857.0,-4.76,3.56,10.79,9.79,98.0,16232.0,4832.0,1.29,84.16,114.93333333333334,2195.12,269.93,9648.0,6.85,28.0,71.5,14941.0,1388.67,203.86,2016
2016-06-16,NASDAQ,4426.15,4424.54,4453.99,4397.13,809902143.0,5.48,7.19,9.7,1.46,98.0,10368.0,2281.0,0.91,100.37,100.90666666666667,2208.28,281.86,8380.0,5.86,3.0,23.21,4259.0,94.81,92.65,2016
2016-06-17,Dow Jones,2428.48,2402.13,3434.31,2398.98,959701253.0,7.57,7.73,9.7,2.19,84.0,18249.0,3231.0,1.19,147.88,86.88,1518.38,377.4,6201.0,0.93,45.0,10.28,9895.0,1403.62,1180.12,2016
2016-06-18,Unknown,2143.0550000000003,2412.02,2414.63,2369.45,368064865.0,-0.93,6.53,9.7,7.19,112.0,23892.0,1587.0,0.92,146.9,109.42,971.97,425.97,9223.0,7.4,19.0,71.68,1581.0,1403.62,289.29,2016
2016-06-19,NASDAQ,1857.63,1874.84,1917.95,1819.63,74650760.0,8.75,5.0,2.36,3.43,99.0,12498.0,749.0,1.02,115.4,70.505,854.83,257.88,8027.0,4.33,34.0,88.05,7898.0,379.96,340.61,2016
2016-06-20,S&P 500,1250.26,1260.96,1290.62,1245.8,567299987.0,0.01,1.9,13.07,2.33,100.0,5714.0,1551.0,1.01,141.12,31.59,2041.47,148.82,8274.0,8.28,3.0,7.53,10782.0,2173.84,1840.06,2016
2016-06-21,NASDAQ,3428.36,3475.54,3516.38,3392.02,997020931.0,-4.5,0.05,8.92,7.27,115.0,5931.0,3863.0,1.12,137.34,64.425,1025.75,314.95,4068.0,5.36,32.0,66.16,10051.0,1560.31,1301.22,2016
2016-06-22,Dow Jones,2409.31,2366.03,2452.74,2352.08,902200446.0,2.76,6.63,2.13,3.94,118.0,12774.0,3073.0,1.0,113.68,97.26,2279.45,361.12,8946.0,5.65,16.0,62.65,8344.0,1803.54,1518.42,2016
2016-06-23,NASDAQ,10136.925,4058.83,4106.71,4036.96,685502373.0,1.58,2.86,9.87,3.79,95.0,12774.0,4689.0,0.86,125.0,131.1,1188.51,204.94,1334.0,0.67,45.0,39.81,12223.0,1332.76,1134.78,2016
2016-06-24,S&P 500,4981.75,5022.74,5043.33,2822.935,26841045.0,2.42,4.29,3.46,6.53,114.0,1285.0,1512.0,1.04,112.54,121.75,1706.41,298.39,2110.0,9.83,24.0,15.92,6965.0,1854.08,1548.18,2016
2016-06-25,Dow Jones,1657.15,1700.84,1721.26,1608.91,811032173.0,9.25,7.33,12.48,6.29,114.0,13777.0,4863.0,1.22,112.6,125.92,979.48,212.87,8831.0,8.81,24.0,20.69,13473.0,667.1,555.91,2016
2016-06-26,NASDAQ,1962.68,2813.6449999999995,1979.9,2745.0249999999996,161612157.0,5.01,5.51,14.32,1.1,65.0,28157.0,4589.0,1.2,127.76,93.745,1401.58,228.68,8901.0,8.81,5.0,91.04,6877.0,1586.64,1331.68,2016
2016-06-27,NASDAQ,3961.9,3926.45,3968.71,3881.14,814204055.0,3.49,1.1,14.49,8.52,62.0,5250.0,4838.0,1.19,135.39,61.57,875.45,228.68,9931.0,2.43,24.0,54.76,10414.0,768.82,666.52,2016
2016-06-28,S&P 500,1228.11,1257.58,1289.05,1185.34,47610556.0,5.71,3.03,12.76,1.12,93.0,20727.0,1298.0,1.28,131.09,103.92,1720.51,228.68,436.0,2.86,12.0,26.3,8631.0,732.89,625.5,2016
2016-06-29,Dow Jones,4410.19,4411.04,4442.23,4370.55,422007477.0,6.55,3.1,12.91,1.12,50.0,3551.0,1621.0,0.91,108.21,25.11,1970.2166666666667,368.0,968.0,5.84,8.0,7.02,11128.0,730.49,619.84,2016
2016-06-30,Dow Jones,2591.46,2627.96,2636.05,2582.47,368325017.0,3.27,3.54,4.55,5.62,52.0,4680.0,3530.0,1.03,130.0,85.93,2219.923333333333,494.75,4923.0,8.96,20.0,82.39,12988.0,1671.34,1398.63,2016
2016-07-01,Dow Jones,11297.525,4480.35,4523.56,2046.355,936405219.0,4.9,4.12,13.22,1.27,82.0,7873.0,2974.0,1.21,100.88,146.75,2469.63,126.99,6594.0,5.42,14.0,98.17,13667.0,1671.34,1043.47,2016
2016-07-02,S&P 500,1586.78,1552.5,1617.52,1510.24,245019072.0,-2.78,3.05,14.37,5.21,103.0,24812.0,2365.0,0.92,136.53,132.09,2399.72,212.72,1123.0,4.04,41.0,97.79,5009.0,689.47,566.2,2016
2016-07-03,Dow Jones,3295.46,3344.17,3356.88,3258.8,496214753.0,5.38,4.54,5.01,2.89,88.0,28626.0,998.0,1.48,123.41,100.58,2426.02,335.83,4189.0,4.26,38.0,38.41,12669.0,1732.56,1503.05,2016
2016-07-04,NASDAQ,1847.98,3583.49,1902.04,1829.39,487813508.0,5.38,3.97,14.11,2.89,76.0,3440.0,1775.0,1.38,106.69,132.51,1413.02,399.16,438.0,2.57,39.0,50.34,9632.0,2168.23,1826.13,2016
2016-07-05,NASDAQ,3827.91,3822.81,3859.92,3821.14,354778851.0,-4.31,2.96,6.56,6.14,67.0,23884.0,2651.0,0.8,115.76,24.06,1653.05,121.04,8130.0,2.38,23.0,67.94,3103.0,1489.38,1262.73,2016
2016-07-06,Dow Jones,2900.36,2869.7,2932.45,2855.15,366858769.0,-4.54,9.57,7.71,7.85,87.0,2640.0,1852.0,1.17,106.79,23.6,1249.45,133.11,9467.0,4.5,34.0,82.49,5778.0,242.65,234.37,2016
2016-07-07,Dow Jones,2900.36,2869.7,2932.45,2855.15,366858769.0,-4.54,9.57,7.71,7.85,87.0,2640.0,1852.0,1.17,106.79,23.6,1249.45,133.11,9467.0,4.5,34.0,82.49,5778.0,148.76,234.37,2016
2016-07-08,Dow Jones,2644.76,2688.0200000000004,2726.22,2623.46,458870468.0,2.36,7.34,7.23,9.89,76.0,18705.0,2111.0,0.89,143.83,58.01500000000001,1556.09,194.05,1560.0,4.5,1.0,51.08,14186.0,1190.2,1012.67,2016
2016-07-09,NASDAQ,4567.49,4608.6,4617.6,2984.185,487813508.0,8.98,1.39,13.86,6.43,86.0,18705.0,1672.0,1.11,89.96,92.43,1339.97,209.73,7703.0,4.58,44.0,49.19,5946.0,734.22,603.13,2016
2016-07-10,Dow Jones,3387.78,3410.64,3432.25,3344.91,638277257.0,8.98,0.21,10.0,4.08,58.0,752.0,2964.0,0.85,94.12,126.67,1479.9099999999999,450.72,9137.0,8.79,21.0,3.9,14356.0,934.3,789.94,2016
2016-07-11,NASDAQ,4856.07,4844.7,4858.469999999999,4829.43,380207802.0,-1.85,5.55,9.69,7.13,98.0,8716.0,4611.0,0.93,124.88,91.36,1619.85,487.46,797.0,8.82,48.0,70.05,7633.0,1461.25,1233.33,2016
2016-07-12,S&P 500,2306.56,2343.9,2358.95,2293.12,527615271.0,6.01,2.42,10.46,1.99,101.0,28422.0,2311.0,0.96,120.38,107.5,1809.72,124.45,948.0,5.72,16.0,44.61,10554.0,1461.25,675.61,2016
2016-07-13,NASDAQ,2434.31,2434.91,2437.15,2385.63,526559262.0,-3.97,2.82,2.29,8.46,66.0,28778.0,2311.0,1.11,143.0,121.415,1400.51,457.79,8855.0,5.02,3.0,68.13,8001.0,1005.02,840.32,2016
2016-07-14,Dow Jones,3912.47,3940.87,3942.76,3911.99,799316126.0,-3.46,7.28,8.73,8.46,61.0,28038.0,1459.0,1.19,118.67,135.33,1490.99,291.13,8855.0,6.72,15.0,50.34,8769.0,1053.11,912.87,2016
2016-07-15,NASDAQ,1400.98,1407.61,1422.0800000000002,1387.71,609538940.0,4.61,1.4,14.84,2.33,95.0,26605.0,1765.0,0.89,144.28,63.82,1557.04,436.81,4397.0,6.41,9.0,91.03,10652.0,2056.76,1765.29,2016
2016-07-16,S&P 500,4458.325,1816.57,1838.16,1767.96,115629922.0,0.24,3.23,14.84,3.61,95.0,15156.0,4388.0,1.02,142.87,133.14,1202.83,137.98,9512.0,0.34,24.0,65.94,8461.0,472.48,397.9,2016
2016-07-17,Dow Jones,3242.71,3202.45,3256.72,1970.905,785916329.0,3.86,1.73,13.28,1.15,110.0,20253.0,2437.0,1.31,106.4,109.64,1323.71,338.75,8341.0,2.85,23.0,13.26,9223.0,843.12,738.94,2016
2016-07-18,Dow Jones,2221.24,2210.04,2221.58,2173.85,942336242.0,0.49,6.92,2.41,8.95,61.0,13009.0,4551.0,1.39,92.98,52.17,1444.59,267.84,8215.0,2.86,32.0,91.34,14492.0,1301.89,1084.29,2016
2016-07-19,NASDAQ,2205.095,2187.14,2208.73,2096.0,551857874.0,0.49,2.34,10.3,2.01,111.0,6311.0,1371.0,0.88,92.27,23.1,1301.34,267.84,374.0,2.19,18.0,99.49,958.0,1632.2,1084.29,2016
2016-07-20,Dow Jones,2188.95,2154.12,2218.42,2140.77,871961954.0,2.76,6.47,12.07,0.51,111.0,22513.0,1908.0,1.1,102.405,72.42500000000001,1956.95,348.48,8938.0,4.57,6.0,12.56,12122.0,177.61,170.07,2016
2016-07-21,S&P 500,4981.75,5022.74,5043.33,3499.29,26841045.0,2.42,4.29,3.46,6.53,114.0,1285.0,1512.0,1.04,112.54,121.75,1706.41,298.39,2110.0,9.83,24.0,15.92,6965.0,851.04,712.05,2016
2016-07-22,Dow Jones,4906.24,4947.9,4954.27,4857.81,932047804.0,3.62,8.09,14.51,6.0,53.0,16620.0,4390.0,1.41,134.09,65.05,1982.36,103.85,1941.0,4.35,29.0,28.54,3043.0,895.23,771.76,2016
2016-07-23,Unknown,1716.38,1748.45,1754.89,1695.07,118837074.0,-3.08,7.2,11.26,3.52,54.0,8430.0,2102.0,1.33,131.79,137.86,1210.94,347.81,767.0,7.91,33.0,50.34,1410.0,1488.24,771.76,2016
2016-07-24,NASDAQ,2897.02,2945.16,2959.98,2895.05,96564537.0,6.16,7.31,8.69,6.79,71.0,22083.0,123.0,1.39,111.55,141.1,1453.05,458.56,9069.0,6.56,42.0,55.2,3313.0,1223.76,1042.27,2016
2016-07-25,NASDAQ,2556.92,2563.13,2577.95,2509.1800000000003,965514867.0,6.16,7.66,5.14,4.6,92.0,4741.0,3707.0,0.91,122.18,93.3,1625.095,398.09,7048.0,3.82,38.0,40.38,9922.0,381.16,331.44,2016
2016-07-26,Dow Jones,2061.99,2041.46,2102.44,2034.61,493685677.0,5.88,0.04,14.08,9.98,80.0,27489.0,859.0,1.14,134.51,91.95,1797.14,268.0,8924.0,8.11,43.0,50.41,8630.0,1314.18,331.44,2016
2016-07-27,Dow Jones,2591.46,2627.96,2636.05,2582.47,368325017.0,3.27,3.54,4.55,5.62,52.0,4680.0,3530.0,1.03,130.0,81.37666666666667,1518.1,494.75,4923.0,8.96,20.0,82.39,12988.0,531.86,331.44,2016
2016-07-28,Dow Jones,2339.63,2761.35,2832.03,2744.01,487813508.0,-0.81,5.96,7.76,8.35,86.0,9934.0,2473.0,1.48,135.05,70.80333333333333,1239.06,302.84,4469.0,5.82,31.0,56.34,4984.0,531.86,1631.76,2016
2016-07-29,S&P 500,2087.8,2124.76,2153.18,2085.18,82664194.0,1.42,6.08,3.24,1.09,88.0,15880.0,2525.0,1.39,140.0,60.23,2338.39,441.06,4469.0,0.82,45.0,96.8,8613.0,686.42,580.87,2016
2016-07-30,Dow Jones,3165.63,3118.67,3197.67,3074.17,622542337.0,7.62,4.84,9.62,9.55,110.0,15550.0,671.0,1.13,92.97,105.2,2421.78,273.63,6118.0,9.14,24.0,86.63,5334.0,1377.48,1138.91,2016
2016-07-31,S&P 500,1055.45,1083.4,1131.05,1026.32,803303516.0,7.18,7.43,12.12,3.4,78.0,15420.0,2646.0,0.95,109.55,142.16,1842.4,477.44,5900.0,4.6,44.0,98.56,2452.0,1377.48,770.14,2016
2016-08-01,NASDAQ,3802.45,3812.96,3819.77,3754.5,170834799.0,1.88,1.78,11.43,9.6,80.0,15658.0,2255.0,0.99,104.38,100.77,871.71,226.83,7516.0,4.6,17.0,23.31,5019.0,1081.7,951.73,2016
2016-08-02,S&P 500,2419.33,2465.47,2512.33,2385.19,330010027.0,-4.37,5.84,9.9,8.93,89.0,3589.0,2905.0,1.36,93.31,31.95,894.14,206.37,3651.0,0.07,36.0,71.64,12311.0,627.34,539.87,2016
2016-08-03,Dow Jones,2695.08,2727.26,2770.44,2677.18,214085083.0,1.95,7.08,9.9,3.79,61.0,6465.0,4221.0,1.05,143.04,70.18,2050.98,206.37,8023.0,1.41,7.0,54.15,12617.0,1195.23,994.59,2016
2016-08-04,NASDAQ,4500.53,4486.79,4503.21,4454.97,914136142.0,7.81,2.84,12.62,7.21,73.0,12880.0,3043.0,1.43,95.29,40.06,1508.26,131.28,9495.0,1.41,24.0,68.19,11239.0,1195.23,201.88,2016
2016-08-05,Dow Jones,4001.06,3992.26,4008.97,3967.75,857161063.0,-4.85,5.26,4.32,8.27,59.0,12617.0,2828.0,1.29,113.84,94.08,1739.71,329.51,6363.0,0.13,24.0,70.09,2939.0,1858.98,201.88,2016
2016-08-06,Unknown,2833.2,2802.96,2839.57,2801.81,676997974.0,3.16,6.11,14.25,5.25,59.0,4461.0,1662.0,1.43,99.23,37.49,1832.18,395.24,5541.0,0.13,26.0,45.28,4346.0,782.81,640.38,2016
2016-08-07,S&P 500,3993.54,4015.81,4055.41,3980.44,297948169.0,-1.51,8.24,5.32,4.45,84.0,18117.0,2752.0,1.43,99.59,128.97,1681.41,206.08,2369.0,7.66,27.0,6.99,12660.0,551.76,451.71,2016
2016-08-08,NASDAQ,4925.03,4905.35,4950.08,4898.36,167534063.0,3.53,0.18,9.59,1.56,89.0,6766.0,4473.0,1.02,144.97,121.19,1296.75,298.57,8151.0,4.12,36.0,19.33,10570.0,1991.28,1648.21,2016
2016-08-09,NASDAQ,2735.38,2708.61,2773.42,2661.85,868985081.0,2.51,3.61,13.92,3.61,54.0,16541.0,4782.0,1.01,128.23,52.52,1062.44,345.72,2204.0,2.51,22.0,40.09,308.0,1719.02,1440.77,2016
2016-08-10,Dow Jones,2842.93,2882.11,2899.06,2833.73,957273208.0,-1.89,5.56,14.09,0.82,103.0,12270.0,842.0,1.46,102.88,120.83,2116.22,492.91,2204.0,2.51,29.0,45.19,8973.0,1573.37,1303.28,2016
2016-08-11,NASDAQ,2402.08,2396.39,2409.03,2382.69,52578953.0,-2.56,3.55,13.69,9.14,114.0,6671.0,1231.0,1.0,91.745,31.05,1396.52,492.91,5271.0,4.11,20.0,52.74,14298.0,960.06,824.96,2016
2016-08-12,S&P 500,4006.99,3976.32,4054.11,3936.82,226878652.0,-4.46,3.55,9.61,4.63,78.0,6671.0,791.0,1.11,80.61,146.61,1718.6,136.59,9472.0,4.11,9.0,2.09,13705.0,775.3,640.72,2016
2016-08-13,Unknown,2450.01,2464.73,2469.74,2416.4,96970753.0,2.75,7.38,4.44,1.72,72.0,22583.0,2632.0,0.83,102.12,144.565,1578.82,345.91,9954.0,3.33,19.0,89.7,4173.0,475.04,417.71,2016
2016-08-14,NASDAQ,2990.16,3026.86,3031.5999999999995,2950.0,598413816.0,0.93,8.15,13.31,8.86,75.0,790.0,255.0,1.34,123.63,142.52,1575.02,331.4,9039.0,3.33,21.0,99.01,9597.0,1252.9,1057.47,2016
2016-08-15,Dow Jones,3076.13,3057.08,3106.42,3040.34,809547236.0,2.76,5.45,10.16,1.79,99.0,27854.0,4267.0,0.98,89.31,133.83,1363.74,311.41,4496.0,8.87,24.0,62.72,3256.0,2274.87,1896.01,2016
2016-08-16,S&P 500,2752.71,2778.39,2815.62,2735.38,996388331.0,0.41,9.05,6.32,4.23,103.0,24839.0,3617.0,0.98,136.02,125.14,2205.96,227.8,1077.0,5.47,13.0,93.0,4176.0,172.27,139.13,2016
2016-08-17,NASDAQ,1925.9,1957.84,1966.15,1904.86,452378579.0,8.91,7.12,5.46,0.8,102.0,1234.0,1655.0,1.07,146.74,60.18,1529.43,222.52,4514.0,9.53,30.0,85.13,9921.0,333.57,285.01,2016
2016-08-18,S&P 500,3306.81,3342.51,3343.64,3295.29,402519335.0,9.53,9.0,5.28,2.68,79.0,13906.0,1673.0,1.04,99.28,76.25,1245.53,222.52,8950.0,9.59,26.0,81.12,12069.0,1009.06,873.26,2016
2016-08-19,Dow Jones,4554.64,4540.87,4593.06,4528.33,767516894.0,-4.16,3.26,7.04,3.8,111.0,4196.0,1310.0,1.01,97.96,79.995,2388.71,342.01,9841.0,6.97,7.0,10.48,7118.0,1009.06,921.22,2016
2016-08-20,Dow Jones,3915.76,3910.06,3958.66,3874.27,907106201.0,-2.44,3.6,5.11,3.77,115.0,18226.0,2948.0,0.91,133.98,83.74,1742.87,494.2,5350.0,6.43,33.0,50.28,2048.0,694.18,622.3,2016
2016-08-21,Dow Jones,3969.09,3986.96,4029.4,3919.51,944382510.0,3.7,0.58,5.11,5.195,63.0,28758.0,2514.0,0.97,126.41499999999999,148.23,2166.11,320.77,5918.0,9.14,24.0,76.15,5251.0,2094.29,1755.7,2016
2016-08-22,NASDAQ,4660.01,4619.62,4678.63,4570.1,949931289.0,7.15,5.52,12.01,5.13,110.0,29425.0,1029.0,1.1,118.85,138.71,1441.2,153.56,788.0,1.9,10.0,10.98,6731.0,1652.14,1403.57,2016
2016-08-23,Dow Jones,1617.84,2842.745,1647.33,1538.9,890591633.0,0.87,3.78,9.45,6.87,78.0,6535.0,4278.0,1.12,84.66,82.685,1522.555,287.13,4695.0,1.21,14.0,89.71,14519.0,1652.14,1651.42,2016
2016-08-24,S&P 500,2237.11,1065.87,1138.63,1016.07,714889304.0,-4.03,0.03,8.59,8.08,51.0,11517.0,1647.0,1.47,121.54,26.66,1603.91,440.77,8134.0,6.27,32.0,60.81,8014.0,2266.79,1919.25,2016
2016-08-25,S&P 500,2856.38,2865.75,2866.35,2809.98,864195807.0,2.76,5.95,10.43,7.38,115.0,17527.0,3020.0,1.31,85.7,81.97,2134.8,272.19,1411.0,4.5,24.0,13.33,8014.0,357.36,294.44,2016
2016-08-26,Dow Jones,3752.18,3771.99,3813.75,3720.58,247163066.0,2.76,5.9,13.62,5.39,106.0,7284.0,815.0,1.32,130.21,118.86,2492.35,396.49,7917.0,4.5,24.0,92.73,2492.0,974.76,837.13,2016
2016-08-27,S&P 500,4303.91,4329.95,4377.1,4283.13,553485440.0,-1.24,5.9,8.43,5.39,96.0,11869.0,898.0,1.21,112.01,20.63,2064.26,226.32,9635.0,3.36,3.0,70.14,13810.0,2107.28,1786.44,2016
2016-08-28,NASDAQ,3100.54,1083.05,3140.0950000000003,1072.82,425629312.0,4.41,8.32,14.43,0.62,89.0,10449.0,317.0,1.005,125.66,65.05,1148.32,126.7,8744.0,7.33,14.0,12.75,10118.0,1867.32,1572.28,2016
2016-08-29,S&P 500,1897.17,1898.9,1903.09,1851.42,453954299.0,6.25,7.9,4.32,2.53,51.0,26790.0,4464.0,0.8,128.22,104.01,1220.85,304.06,8744.0,8.61,36.0,50.34,8488.0,309.57,251.8,2016
2016-08-30,Dow Jones,1838.76,1860.2,1905.29,1814.66,995012762.0,-1.4,5.62,3.19,2.41,113.0,22291.0,3361.0,1.29,86.05,91.32,1555.62,381.97,6888.0,8.61,24.0,0.5,1457.0,1344.43,1146.19,2016
2016-08-31,NASDAQ,4636.81,4612.16,2091.1099999999997,4599.21,965050184.0,-4.98,4.83,4.06,1.8,59.0,22291.0,1081.0,0.81,132.85,106.16999999999999,1504.31,192.72,161.0,9.68,38.0,28.31,11406.0,732.74,636.31,2016
2016-09-01,S&P 500,2247.46,2238.01,2276.93,2191.65,54299306.0,-1.35,3.38,8.68,9.24,101.0,28398.0,985.0,0.9,147.12,121.02,914.96,379.03,6731.0,2.39,37.0,96.81,5425.0,732.74,170.08,2016
2016-09-02,S&P 500,3538.69,3543.33,3549.68,3496.91,781941002.0,8.77,6.63,7.15,1.72,110.0,23198.0,3606.0,1.45,146.08,100.255,1555.51,207.56,7595.0,8.74,5.0,50.34,10250.0,1362.54,1144.07,2016
2016-09-03,Dow Jones,2480.93,2521.33,2566.89,2456.35,528547574.0,5.53,8.72,14.1,9.67,90.0,29947.0,3556.0,1.36,81.37,79.49,1203.02,249.9,2612.0,0.04,18.0,69.04,4885.0,1991.55,1666.9,2016
2016-09-04,Dow Jones,2729.38,2732.39,2747.42,2700.67,777420177.0,4.92,3.04,13.23,7.14,73.0,11252.0,199.0,1.16,120.57,91.43,850.53,421.53,650.0,4.66,7.0,50.34,3963.0,925.59,775.8,2016
2016-09-05,NASDAQ,1348.07,1370.92,1413.93,1315.61,756016433.0,4.18,3.27,4.43,5.88,112.0,18987.0,498.0,1.09,131.24,115.05,2375.18,385.46,4579.0,2.9,24.0,60.1,9991.0,1655.6,1370.62,2016
2016-09-06,S&P 500,4639.77,4665.77,4708.19,4637.27,569154196.0,6.02,9.29,4.29,4.21,98.0,26826.0,2637.0,1.04,148.9,20.18,1833.97,478.78,6465.0,2.9,3.0,12.7,6915.0,1655.6,1611.05,2016
2016-09-07,S&P 500,4642.42,4622.04,4683.28,4582.35,133875295.0,1.13,2.74,2.95,4.3,69.0,1754.0,3127.0,1.0350000000000001,127.58,144.01,1397.15,159.24,278.0,0.26,21.0,73.26,6915.0,1194.46,1009.37,2016
2016-09-08,Dow Jones,1983.39,1990.63,1998.57,1965.12,849835075.0,-0.05,1.24,5.32,1.95,91.0,4903.0,3721.0,1.03,141.02,145.065,2485.97,109.35,8521.0,3.73,29.0,58.61,2792.0,993.7,1009.37,2016
2016-09-09,S&P 500,1912.94,1872.7,1923.68,1835.44,624125424.0,6.2,7.86,10.53,8.46,77.0,4936.0,3449.0,1.49,87.0,146.12,1692.55,425.07,3670.0,3.89,20.0,57.41,9651.0,2183.72,1847.2,2016
2016-09-10,S&P 500,2380.33,2386.52,2407.87,2344.22,29148419.0,3.76,3.24,2.72,1.62,78.0,23197.0,333.0,1.47,103.56,74.39,1144.22,213.15,1347.0,2.83,22.0,41.44,5371.0,1061.81,909.24,2016
2016-09-11,Unknown,1995.17,1998.16,2045.88,1952.69,487813508.0,9.36,4.14,2.72,7.15,101.0,936.0,4781.0,0.98,145.68,57.055,1523.21,294.41,3365.0,7.68,24.0,43.05,13329.0,1325.41,1121.35,2016
2016-09-12,S&P 500,12285.25,4941.28,4941.86,4904.29,886876484.0,9.36,2.26,8.73,9.98,76.0,7893.0,3387.0,0.86,114.535,39.72,1954.115,113.01,1595.0,1.85,22.0,98.91,11332.0,618.08,544.45,2016
2016-09-13,S&P 500,4790.75,4801.79,4822.45,4756.79,314099999.0,4.74,7.92,8.97,0.74,109.0,14125.0,4866.0,1.0,83.39,128.61,2385.02,404.81,8991.0,7.75,16.0,74.29,4411.0,1376.51,544.45,2016
2016-09-14,Dow Jones,1150.28,1153.59,1200.76,1144.2,59430449.0,3.2,6.82,13.43,2.26,62.0,2237.0,572.0,1.37,84.83,130.53,2377.78,132.49,5363.0,4.59,43.0,31.37,8022.0,1376.51,461.1,2016
2016-09-15,S&P 500,9436.175,3783.09,2870.995,3771.69,487813508.0,0.26,8.89,12.16,0.95,90.0,2237.0,173.0,1.41,132.7,124.59,1854.52,122.11,6203.0,4.19,35.0,78.74,10536.0,1926.42,1628.35,2016
2016-09-16,S&P 500,4520.63,4481.2,4541.23,4431.27,396437855.0,2.98,5.6,14.96,7.53,101.0,7898.0,4183.0,1.17,109.02,24.7,888.27,195.92,6203.0,5.26,15.0,98.49,6545.0,1039.28,835.48,2016
2016-09-17,NASDAQ,3281.15,3280.78,3998.2799999999997,3276.09,79934488.0,-4.76,6.38,5.12,4.91,76.0,7898.0,3676.0,1.48,85.34,106.87,889.135,195.92,2695.0,8.87,10.0,59.98,1319.0,115.77,101.81,2016
2016-09-18,Dow Jones,3415.18,3373.88,3455.33,3329.55,605731023.0,2.37,5.81,10.06,4.91,83.0,16938.0,4787.0,1.24,108.43,147.63,890.0,266.16,4529.0,8.71,30.0,69.89,1319.0,845.73,705.34,2016
2016-09-19,NASDAQ,1825.01,1841.36,1849.81,1796.95,236977902.0,7.8,4.34,10.06,4.91,113.0,8405.0,1659.0,1.47,95.13,91.63,851.17,266.16,1719.0,4.96,24.0,50.34,5901.0,172.74,143.82,2016
2016-09-20,S&P 500,1707.59,1705.89,1733.53,2155.025,549295154.0,-3.32,5.02,10.64,3.49,92.0,25601.0,2859.0,1.26,112.42,111.92,1681.19,339.56,298.0,4.78,24.0,99.95,9546.0,202.98,165.43,2016
2016-09-21,NASDAQ,2551.3,2588.07,2618.62,2513.1,820446546.0,1.74,1.3,14.03,8.55,119.0,21614.0,2414.0,0.8,128.77,53.8,1755.26,421.93,298.0,9.31,1.0,15.97,1445.0,1476.52,1289.27,2016
2016-09-22,S&P 500,1526.75,1503.02,1574.01,1475.15,487813508.0,-0.41,9.79,3.39,3.79,54.0,14172.0,2200.0,1.17,124.94,137.51,1179.5,414.37,248.0,6.11,41.0,24.96,7199.0,194.06,159.23,2016
2016-09-23,Dow Jones,4348.16,4379.83,4394.24,4320.43,731722353.0,1.88,7.77,3.39,2.54,92.0,4314.0,2200.0,1.34,87.41,113.14,1231.2,276.88,1338.0,3.34,12.0,97.83,8604.0,232.75,165.68,2016
2016-09-24,NASDAQ,1423.62,1428.03,1466.19,1396.23,561864154.0,-2.37,7.77,13.4,5.28,80.0,10878.0,4331.0,1.45,127.5,88.77000000000001,1780.62,440.93,1338.0,2.76,19.0,73.9,7061.0,1627.76,1378.64,2016
2016-09-25,NASDAQ,1682.83,1650.66,1651.0700000000002,1583.365,510725510.0,1.36,3.28,13.35,8.2,100.0,19654.0,1888.0,0.82,121.08,64.4,1456.27,219.94,4073.0,4.5,6.0,33.26,8423.0,896.83,763.52,2016
2016-09-26,Dow Jones,1782.85,1809.05,1835.95,1770.5,500999176.0,-1.41,9.65,7.34,3.72,91.0,16537.0,2106.0,1.27,139.05,110.08,1598.1,246.98,7501.0,7.91,24.0,73.23,14481.0,1032.58,866.74,2016
2016-09-27,Dow Jones,1025.52,995.58,1030.37,945.77,92976745.0,8.26,9.37,6.24,1.94,62.0,1126.0,1239.0,1.37,120.58500000000001,25.64,1129.17,155.7,2236.0,0.9,0.0,95.5,2802.0,1032.58,866.74,2016
2016-09-28,NASDAQ,2614.4,2580.49,2627.24,2557.83,424603191.0,-4.63,4.71,7.94,2.08,76.0,12951.0,955.0,0.81,102.12,87.695,2217.49,290.1,1585.0,8.68,3.0,40.55,2802.0,2237.78,1877.24,2016
2016-09-29,Unknown,4387.88,4363.69,4433.68,4346.71,234832863.0,2.6,8.29,11.98,5.195,76.0,27381.0,3067.0,1.2,96.68,149.75,1838.52,461.02,9669.0,6.31,36.0,96.99,6877.0,947.84,835.6,2016
2016-09-30,S&P 500,2676.73,2670.2,2681.18,2648.45,281905426.0,-4.88,0.84,12.66,4.13,59.0,7693.0,1926.0,1.22,80.37,75.9,1459.55,100.29,9948.0,2.46,15.0,52.18,6877.0,1933.47,1625.45,2016
2016-10-01,NASDAQ,4374.6,4365.12,4417.49,4337.04,193423023.0,9.61,7.69,2.12,4.48,72.0,27617.0,2076.0,1.18,96.24,96.21,2101.57,323.7,3540.0,8.99,35.0,33.79,9763.0,227.74,178.36,2016
2016-10-02,NASDAQ,4636.81,4612.16,2839.83,4599.21,965050184.0,-4.98,4.83,4.06,1.8,59.0,27617.0,1081.0,0.81,132.85,111.28666666666666,1504.31,192.72,161.0,9.68,38.0,28.31,11406.0,445.97,178.36,2016
2016-10-03,NASDAQ,1174.96,1223.99,1262.17,1138.51,425140770.0,8.05,8.22,7.47,3.23,91.0,12131.0,1985.0,1.41,131.06,126.36333333333333,1889.44,350.1,8630.0,2.8,25.0,23.75,13657.0,958.52,794.83,2016
2016-10-04,Dow Jones,3129.17,3175.33,3221.62,3087.98,446739995.0,-2.56,6.08,13.82,10.0,60.0,19249.0,3678.0,1.5,86.3,141.44,1716.1,112.28,4253.0,1.9,6.0,72.69,6093.0,1308.57,1078.88,2016
2016-10-05,Dow Jones,4660.36,4655.27,4701.17,4641.64,210065568.0,-4.7,5.35,5.72,4.14,94.0,29640.0,2943.0,1.5,90.5,125.43,2258.67,235.77,8100.0,3.73,31.0,31.52,13282.0,1690.07,1439.23,2016
2016-10-06,S&P 500,1222.42,1258.6,1292.8,1213.09,653638914.0,4.57,2.52,14.96,3.71,114.0,20484.0,2943.0,0.89,81.13,134.2,1202.2,114.79,5356.0,6.77,45.0,61.96,9073.0,2210.63,1851.09,2016
2016-10-07,Dow Jones,3814.74,3794.73,3858.3,3791.45,272954108.0,8.52,2.52,11.01,6.75,75.0,28231.0,3588.0,1.49,89.67,142.97,2372.94,291.59,5123.0,5.03,37.0,32.2,4239.0,1792.15,1526.4,2016
2016-10-08,Dow Jones,1459.73,1457.24,1499.62,1414.63,933755783.0,-3.85,1.87,14.88,3.29,119.0,14394.0,2139.0,1.33,81.48,75.69,988.98,386.63,7595.0,8.3,32.0,40.97,12867.0,1936.15,1601.41,2016
2016-10-09,NASDAQ,2486.96,2531.53,2552.86,2466.52,798382704.0,9.06,2.86,13.7,4.52,87.0,10164.0,2139.0,1.24,140.69,141.25,1279.18,210.51,1734.0,6.1,43.0,10.05,7521.0,832.51,693.04,2016
2016-10-10,NASDAQ,2613.025,1025.03,1069.8,1021.99,953482659.0,9.06,8.24,3.25,7.5,118.0,10522.0,4482.0,1.4,127.03,121.02,1993.79,261.29,9255.0,9.4,43.0,15.58,6442.0,456.53,394.62,2016
2016-10-11,S&P 500,1217.33,1198.9,1253.04,1157.08,550264652.0,5.75,3.58,11.62,7.68,89.0,28507.0,3134.0,0.89,113.37,78.8,992.08,127.71,8111.0,5.69,24.0,29.0,11469.0,1807.69,1521.49,2016
2016-10-12,Dow Jones,3638.04,3655.4,3689.74,3614.85,150799874.0,4.74,8.69,14.71,9.98,110.0,16520.0,1000.0,0.81,116.64,124.58,805.66,455.74,7894.0,8.65,7.0,63.3,7514.0,524.7,428.86,2016
2016-10-13,S&P 500,3691.06,3652.38,3713.17,3615.61,730747387.0,-1.76,1.18,7.96,0.6,60.0,16520.0,3243.0,0.925,135.65,48.37,1065.5,276.46,4803.0,0.83,7.0,94.86,11028.0,126.1,78.64,2016
2016-10-14,Dow Jones,4396.39,4427.62,4456.08,4368.39,297063703.0,4.64,5.37,4.47,0.75,107.0,19768.0,591.0,1.04,109.95,26.87,1110.92,265.58,7705.0,7.14,24.0,24.46,11982.0,690.8,562.85,2016
2016-10-15,Dow Jones,1407.57,1441.45,1488.97,1368.28,523207223.0,-4.43,1.86,4.47,2.98,94.0,12153.0,4723.0,1.44,104.95,86.49,2380.93,402.98,4584.0,7.14,46.0,50.34,1011.0,2165.77,1858.14,2016
2016-10-16,NASDAQ,1268.94,1249.29,2079.345,1240.57,157556939.0,2.35,5.76,12.37,2.98,110.0,4140.0,668.0,0.96,85.36,86.5,2160.78,215.56,2666.0,5.98,38.0,53.02,11479.0,2165.77,567.63,2016
2016-10-17,NASDAQ,2613.92,1894.45,2669.72,2573.21,174202562.0,-4.8,0.04,14.2,5.195,119.0,16777.0,1132.0,1.31,101.75,36.4,2125.17,240.34,9105.0,5.37,12.0,23.5,11284.0,836.1,707.94,2016
2016-10-18,NASDAQ,2493.83,2539.61,2586.27,2467.83,5634391.0,5.36,2.01,7.79,5.22,85.0,1416.0,2895.0,1.26,94.83,147.56,1346.21,237.92,6369.0,2.96,41.0,50.34,4557.0,1467.63,1230.26,2016
2016-10-19,NASDAQ,2718.69,2729.96,2768.17,2675.62,487813508.0,-0.36,2.01,13.86,1.65,59.0,18500.0,4356.0,1.06,91.88,129.35,905.11,281.05,8718.0,5.12,28.0,51.11,6137.0,2231.01,1866.06,2016
2016-10-20,NASDAQ,3505.8900000000003,1630.13,1658.41,1595.4,67706568.0,-0.36,7.83,8.71,4.72,98.0,23425.0,3831.0,1.22,88.93,56.53,2381.27,405.0,9260.0,0.5,32.0,33.73,5103.0,276.28,229.15,2016
2016-10-21,S&P 500,4293.09,4336.08,4381.27,4243.150000000001,801605176.0,2.72,6.24,8.71,5.22,111.0,27060.0,3219.0,1.35,98.15,94.21,2408.4,296.41,3594.0,9.28,43.0,25.29,7704.0,444.3,368.12,2016
2016-10-22,S&P 500,2292.11,2250.92,2339.57,2216.78,452976314.0,1.58,9.61,5.86,0.64,97.0,28479.0,517.0,1.39,145.26,139.54,1295.4,498.41,6898.0,5.24,44.0,28.29,549.0,1716.42,1439.22,2016
2016-10-23,NASDAQ,4243.51,4273.59,4289.14,4215.49,238420545.0,-1.41,3.58,6.69,5.99,61.0,3898.0,1523.0,1.145,82.13,41.64,1657.63,119.01,4596.0,1.53,23.0,21.6,4749.0,948.51,811.07,2016
2016-10-24,NASDAQ,3409.8,3382.67,3423.29,3371.87,813927266.0,-3.67,7.94,13.88,8.79,65.0,4652.0,3814.0,0.9,129.35,134.9,1220.54,428.75,6537.0,9.77,44.0,19.33,8584.0,438.74,343.68,2016
2016-10-25,Unknown,3594.56,3579.29,3611.65,3564.85,579582120.0,-1.45,4.93,11.43,4.11,99.0,29490.0,2775.0,1.42,131.125,116.93,1124.6799999999998,479.93,7522.0,6.23,40.0,59.69,8961.0,438.74,343.68,2016
2016-10-26,S&P 500,5939.575,3001.365,2398.22,2366.9,166050973.0,6.69,9.2,8.34,9.66,75.0,13295.0,790.0,1.2,132.9,130.575,1028.82,177.43,4561.0,5.01,18.0,68.57,5034.0,196.59,161.44,2016
2016-10-27,S&P 500,2447.68,2423.44,2449.32,2416.2000000000003,894455497.0,-1.02,9.2,10.2,8.91,103.0,9869.0,557.0,0.97,111.06,144.22,2483.62,277.28,7500.0,7.87,43.0,80.73,2130.0,2019.31,1707.04,2016
2016-10-28,S&P 500,1035.45,1028.95,3617.88,1001.17,859670579.0,2.18,1.26,14.63,8.91,93.0,11224.0,2333.0,0.97,117.6,108.33,1770.1,235.08,3552.0,6.32,40.0,82.92,9883.0,1859.83,1557.13,2016
2016-10-29,Dow Jones,4783.88,4761.7,4786.4400000000005,4758.95,990547967.0,4.96,6.41,7.93,2.25,61.0,22917.0,2079.0,0.99,127.78,145.54,1641.36,439.55,231.0,9.12,8.0,32.12,547.0,208.05,143.51,2016
2016-10-30,S&P 500,1573.13,1592.39,1597.1,1525.19,487813508.0,4.87,3.35,11.87,6.32,109.0,13206.0,4752.0,1.09,126.84,41.91,2066.855,214.67,1640.0,0.81,45.0,51.21,3804.0,1688.15,1424.24,2016
2016-10-31,Dow Jones,3752.18,3771.99,3813.75,3720.58,247163066.0,4.87,5.9,13.62,5.39,106.0,7284.0,815.0,1.32,130.21,118.86,2492.35,396.49,7917.0,0.81,24.0,92.73,2492.0,1688.15,1828.13,2016
2016-11-01,S&P 500,2355.29,2346.39,2369.04,2324.05,552197220.0,2.67,8.67,5.25,1.91,112.0,19931.0,951.0,1.04,146.89,73.61,874.58,407.33,2353.0,4.06,24.0,52.65,6617.0,1658.69,1399.31,2016
2016-11-02,Dow Jones,4878.89,4908.860000000001,4948.34,4837.64,737572576.0,-2.32,8.08,2.94,2.94,103.0,15337.0,951.0,0.92,99.48,41.99,1861.7,352.7,9677.0,3.67,24.0,58.45,3972.0,1359.46,1146.03,2016
2016-11-03,S&P 500,4637.01,4645.03,4678.1,4613.39,930826970.0,-3.51,8.08,13.15,5.4,103.0,29797.0,3924.0,0.97,125.95,31.9,1769.615,212.1,900.0,4.97,34.0,49.04,2041.0,1831.72,1146.03,2016
2016-11-04,S&P 500,2647.83,2677.57,3925.2833333333338,2642.6,899447611.0,1.47,9.95,5.94,1.68,104.0,10403.0,3772.0,1.15,99.98,104.87,1677.53,454.81,900.0,6.98,8.0,44.78,868.0,1872.14,1569.38,2016
2016-11-05,Dow Jones,2531.2,2527.02,3172.466666666667,2488.34,464965206.0,9.06,8.69,9.76,3.34,72.0,24886.0,271.0,1.04,129.95,101.715,1378.64,486.68,2290.0,1.9,10.0,4.32,13029.0,894.7,755.12,2016
2016-11-06,Dow Jones,2395.33,2366.2,2419.65,2324.81,328335289.0,8.9,2.12,4.05,7.48,70.0,26797.0,2667.0,1.05,131.61,98.56,1883.99,256.52,3471.0,5.53,3.0,47.12,8374.0,1996.2,755.12,2016
2016-11-07,NASDAQ,4439.18,4397.84,4445.88,4356.72,642669422.0,6.86,9.53,4.05,2.86,50.0,10037.0,1438.0,1.35,82.27,75.01,2286.97,128.31,8447.0,5.53,20.0,58.73,11966.0,2205.11,755.12,2016
2016-11-08,Dow Jones,2284.65,2312.44,2337.7,2253.37,743735175.0,7.34,9.02,11.41,5.7,114.0,10029.0,2098.0,0.87,89.69666666666666,31.06,2126.6499999999996,241.26,2395.0,2.95,29.0,1.21,8368.0,2205.11,1548.8,2016
2016-11-09,S&P 500,3262.6450000000004,3834.61,3911.21,3822.53,479606411.0,2.71,7.13,9.71,7.9,81.0,5600.0,2098.0,0.84,97.12333333333333,58.58,1966.33,458.94,8671.0,8.14,26.0,99.85,5099.0,623.52,525.72,2016
2016-11-10,Dow Jones,4240.64,4226.12,4261.28,4198.21,56532600.0,0.12,7.13,9.72,5.78,63.0,3364.0,3561.0,1.07,104.55,104.83,2289.12,328.8,3888.0,6.14,16.0,41.43,13543.0,351.73,281.63,2016
2016-11-11,Unknown,1532.73,1567.76,1597.27,1528.01,945163981.0,2.8,0.74,14.55,6.86,63.0,10759.0,316.0,0.89,84.61,133.2,2044.61,465.08,1420.0,3.56,20.0,3.7,644.0,1558.78,1326.29,2016
2016-11-12,Dow Jones,4257.54,4208.39,4275.97,4185.39,418032813.0,1.93,0.74,14.2,5.195,119.0,17426.0,4011.0,1.46,127.59,26.92,1535.65,238.19,536.0,3.56,48.0,75.3,2983.0,2135.41,1798.82,2016
2016-11-13,S&P 500,1883.41,1847.8,1894.12,1821.2,580621779.0,-0.73,1.39,13.26,8.65,78.0,14091.0,3724.0,1.13,86.26,36.31,1026.69,166.87,3208.0,2.84,16.0,49.1,10215.0,253.49,1798.82,2016
2016-11-14,Unknown,2321.14,2344.09,2355.7,2312.29,404161286.0,9.6,2.16,11.79,6.21,88.0,1488.0,2212.0,0.89,112.43,41.07,1734.7,243.47,7601.0,3.56,18.0,71.36,222.0,2077.91,1757.44,2016
2016-11-15,NASDAQ,2320.62,2328.76,2345.98,2285.95,457314686.0,-4.24,9.73,14.29,9.22,111.0,29252.0,4302.0,1.25,120.75,84.67,2155.44,230.86,3518.0,5.35,16.0,70.6,2151.0,278.15,238.9,2016
2016-11-16,Dow Jones,4489.925,1808.28,1825.69,3364.165,433848446.0,9.21,9.73,14.65,9.43,95.0,28272.0,3871.0,1.16,109.57,30.32,1766.89,324.19,3518.0,5.06,21.0,60.92,2151.0,1078.54,889.87,2016
2016-11-17,NASDAQ,4462.31,4501.21,4528.99,4442.38,940800112.0,9.97,3.8,12.43,6.46,92.0,10213.0,1984.0,1.0,98.39,41.28,1033.27,415.46,3518.0,6.68,46.0,78.84,3362.0,1852.85,1548.24,2016
2016-11-18,Dow Jones,4922.96,4929.89,4938.4,4909.42,987497327.0,7.38,3.6,14.05,1.0,108.0,5675.0,2284.0,0.88,93.095,52.24,973.31,331.95,4607.0,6.04,24.0,50.34,8795.0,161.44,124.13,2016
2016-11-19,NASDAQ,1528.72,1564.88,1593.88,1513.16,288457868.0,3.61,1.83,12.19,1.23,55.0,2967.0,1992.0,0.96,87.8,63.2,2195.84,383.18,5945.0,5.6,24.0,31.35,9633.0,1055.67,884.8,2016
2016-11-20,Unknown,4353.97,4332.44,4401.5,4309.26,921068765.0,2.87,1.83,7.45,5.81,94.0,13739.0,1992.0,1.02,114.18,130.9,2108.46,357.29,6605.0,9.01,24.0,82.96,13815.0,1527.23,1268.36,2016
2016-11-21,S&P 500,4990.51,4971.97,5017.25,4961.11,685023747.0,-4.67,6.73,4.88,1.36,102.0,16390.0,1992.0,0.94,94.01,89.31,867.89,310.48,6605.0,9.19,19.0,48.53,14691.0,892.23,728.54,2016
2016-11-22,NASDAQ,2816.73,2819.92,2835.83,2781.63,496321448.0,3.22,6.89,4.78,6.81,93.0,17757.0,429.0,0.86,143.9,47.72,2116.72,444.02,5348.0,2.0,4.0,15.42,5844.0,1923.65,1595.39,2016
2016-11-23,NASDAQ,1492.99,1469.9,1532.48,1438.97,207358516.0,-1.51,1.23,12.92,1.41,64.0,19355.0,429.0,0.84,100.43,133.93,1293.91,208.79,3755.0,7.23,18.0,26.52,6619.0,216.62,1595.39,2016
2016-11-24,S&P 500,2325.41,2318.81,2339.14,1263.855,825528542.0,9.95,3.81,14.32,3.89,103.0,21580.0,4689.0,1.18,132.04,148.15,2139.68,182.27,5829.0,8.42,23.0,63.73,10013.0,1565.36,1356.19,2016
2016-11-25,NASDAQ,1155.72,1106.58,1158.94,1088.74,184752785.0,0.67,3.41,9.84,3.53,101.0,28262.0,3844.0,0.96,135.96499999999997,131.75,1849.71,339.49,3869.0,7.44,21.0,44.42,1570.0,1041.72,863.21,2016
2016-11-26,NASDAQ,4004.71,4035.78,4076.86,3984.78,405682035.0,6.4,3.41,13.88,6.84,101.0,20178.0,3536.0,1.41,139.89,78.43,2473.44,339.49,8731.0,8.54,28.0,34.03,3011.0,1035.38,848.57,2016
2016-11-27,Dow Jones,3925.95,3896.54,3954.24,3856.35,291145824.0,4.07,3.41,8.94,1.71,107.0,9578.0,3536.0,1.22,105.89,25.11,1584.04,167.28,9209.0,0.45,10.0,50.34,10597.0,1437.11,1209.04,2016
2016-11-28,Dow Jones,4288.72,4306.34,4333.2,4241.21,555464590.0,8.92,0.44,10.0,3.92,83.0,12490.0,4717.0,1.37,108.33,38.57,932.49,405.94,5859.0,5.9,1.0,38.54,10152.0,1719.9,1445.9,2016
2016-11-29,S&P 500,3195.64,3212.58,3239.52,3175.93,487813508.0,6.73,5.9,3.93,0.63,119.0,6907.0,1468.0,1.12,138.65,142.62,1600.19,405.94,6995.0,4.41,3.0,11.08,10152.0,262.67,188.49,2016
2016-11-30,Dow Jones,3820.56,3776.1,3868.29,3763.86,829737355.0,4.64,5.07,3.93,0.7,103.0,1460.0,609.0,0.98,88.54,92.5,1556.2,279.12,7915.0,0.68,17.0,79.7,5516.0,262.67,1106.91,2016
2016-12-01,NASDAQ,3387.41,3348.88,4108.29,3332.3,161107108.0,-4.53,4.25,10.95,2.23,112.0,9426.0,609.0,1.21,119.37,47.86,1053.78,254.37,8758.0,4.3,7.0,91.05,4164.0,262.67,675.83,2016
2016-12-02,S&P 500,3801.315,4275.47,4348.29,4230.38,253732253.0,0.13,4.37,4.37,9.87,112.0,6756.0,1824.0,1.15,81.56,81.38499999999999,1486.17,408.62,6850.0,3.99,21.0,27.99,2987.0,1536.14,1267.14,2016
2016-12-03,Dow Jones,4215.22,4198.63,4221.0,4174.31,82998337.0,5.01,4.54,10.1,9.29,51.0,6756.0,2809.0,1.12,105.16,114.91,1772.425,408.62,5975.0,3.66,24.0,45.12,7106.0,682.13,587.95,2016
2016-12-04,Dow Jones,3402.6,3375.35,3439.71,3360.35,487813508.0,2.5,4.54,2.77,6.69,80.0,21986.0,4472.0,0.9,139.61,141.36,2058.68,403.95,6397.0,1.06,32.0,19.37,3586.0,2193.77,1829.08,2016
2016-12-05,Dow Jones,4173.05,4154.6,4213.110000000001,4117.89,88232789.0,1.03,9.26,9.08,4.96,116.0,6507.0,1394.0,0.84,81.86,97.08000000000001,1284.66,328.35,621.0,8.88,24.0,84.06,13012.0,1610.68,1353.32,2016
2016-12-06,NASDAQ,2180.16,2184.54,3947.92,2142.24,907047011.0,-2.34,2.77,14.39,5.27,69.0,15035.0,3338.0,0.93,103.71,52.8,2086.79,170.47,7001.0,0.94,33.0,66.6,5662.0,1292.0,1099.48,2016
2016-12-07,Dow Jones,3671.68,3682.72,3682.73,3635.56,920749207.0,5.69,3.29,5.8,2.79,113.0,4524.0,4176.0,1.35,136.27,143.42,961.06,432.19,8307.0,5.99,24.0,34.22,6505.0,1491.0,1276.76,2016
2016-12-08,S&P 500,1614.76,1624.01,1629.62,1573.25,808384605.0,6.21,4.22,5.8,5.34,100.0,6825.0,3792.0,1.25,143.94,71.97,1964.71,386.29,7675.0,6.09,22.0,14.05,6505.0,1150.18,927.15,2016
2016-12-09,S&P 500,2141.29,4275.47,4348.29,4230.38,253732253.0,0.13,4.37,4.37,9.87,100.0,6756.0,1824.0,1.15,81.56,55.86,1486.17,408.62,6850.0,3.99,21.0,27.99,2987.0,1015.49,859.56,2016
2016-12-10,S&P 500,2667.8199999999997,3575.54,3590.75,3567.85,617902408.0,-2.78,7.79,4.37,8.86,92.0,27446.0,4655.0,1.1,84.18,39.75,940.99,327.94,3290.0,7.24,24.0,36.39,6723.0,762.33,859.56,2016
2016-12-11,NASDAQ,3194.35,3170.06,3220.55,2431.995,993303344.0,7.69,0.2,3.02,4.17,112.0,29147.0,2087.0,1.41,147.12,62.8,2244.59,380.04,2865.0,2.65,5.0,18.93,7154.0,1823.29,1534.67,2016
2016-12-12,Dow Jones,1302.33,1337.01,1348.02,1296.14,760722584.0,4.22,2.03,7.26,8.01,79.0,19949.0,1806.0,1.46,138.57,80.42,2330.51,356.84,8861.0,1.73,40.0,93.64,13655.0,95.82,66.59,2016
2016-12-13,NASDAQ,1345.0949999999998,2830.81,2902.64,2809.63,698918762.0,9.01,9.54,12.77,2.8,95.0,28687.0,3956.0,0.82,120.60499999999999,108.52,2166.2,388.59,8292.0,1.73,45.0,18.19,10729.0,1913.43,1588.88,2016
2016-12-14,Unknown,1387.86,1368.82,1429.79,1330.1,445966876.0,9.01,10.0,8.92,6.87,117.0,4352.0,4581.0,0.94,102.64,146.37,973.76,330.49,656.0,0.98,24.0,38.34,14354.0,813.19,696.29,2016
2016-12-15,NASDAQ,3810.54,3807.48,3828.79,3797.26,161450329.0,-2.29,3.32,10.15,3.7,117.0,4352.0,2988.0,1.34,107.05,53.9,2400.88,445.71,2505.0,1.03,18.0,52.5,11456.0,1627.38,1394.29,2016
2016-12-16,S&P 500,2101.52,2130.92,2150.33,2079.01,955372695.0,0.9,0.15,6.97,2.54,79.0,28370.0,599.0,1.09,142.57,70.105,868.14,152.25,8938.0,2.92,9.0,51.3,10108.0,2176.26,1394.29,2016
2016-12-17,Unknown,3074.8,3111.46,3122.05,3064.46,652614935.0,2.67,6.85,3.03,8.81,79.0,21703.0,1609.0,1.28,115.11,86.31,1893.9,243.75,2397.0,2.92,24.0,86.19,7918.0,1041.0,832.44,2016
2016-12-18,NASDAQ,4503.62,4487.81,4514.62,4452.35,520459500.0,9.79,6.85,5.24,5.88,69.0,11635.0,2783.0,1.47,85.85,117.55,1369.45,350.32,1328.0,7.66,15.0,69.19,11490.0,1850.16,1551.19,2016
2016-12-19,Dow Jones,3917.24,3874.66,3924.22,3862.8,178394228.0,-0.19,0.91,9.95,6.32,109.0,11192.0,3828.0,1.33,122.78,45.65,1650.77,264.31,9572.0,3.15,21.0,95.47,4355.0,2272.11,1895.39,2016
2016-12-20,NASDAQ,2370.58,2347.44,2394.03,2336.55,604453589.0,-0.58,3.01,4.3,5.47,72.0,4737.0,1952.0,1.28,87.77,70.36,1980.2,101.41,8450.0,8.17,30.0,82.13,3647.0,902.85,793.26,2016
2016-12-21,S&P 500,2030.43,2006.31,2067.65,1964.61,930125849.0,-1.44,0.57,14.11,0.86,78.0,4219.0,2610.0,1.01,124.84,35.63,2093.2,101.41,9030.0,8.7,31.0,60.08,1855.0,1647.98,1378.19,2016
2016-12-22,NASDAQ,2960.8450000000003,2436.89,2478.75,2402.14,35092321.0,5.23,1.96,7.84,7.03,73.0,10204.0,475.0,0.85,125.43,77.08,1624.05,420.17,2958.0,9.41,32.0,13.59,14727.0,1315.61,1121.79,2016
2016-12-23,NASDAQ,3891.26,3901.51,3906.55,3855.61,931967282.0,-3.36,9.43,6.44,9.8,101.0,16718.0,3462.0,1.11,139.42,131.59,1429.67,359.42,5288.0,6.87,17.0,63.57,14238.0,914.4,761.13,2016
2016-12-24,S&P 500,2521.68,2483.6,2565.89,2451.27,824342099.0,1.49,3.86,11.78,4.51,114.0,10660.0,2648.0,1.4,132.83,74.71,1840.24,350.96,1656.0,9.83,35.0,77.81,10542.0,988.06,816.78,2016
2016-12-25,Dow Jones,3690.03,3680.99,3713.56,3678.69,237903230.0,4.16,3.68,7.77,1.54,100.0,11414.0,3002.0,0.95,113.43,102.39,1854.12,386.57,8761.0,3.1,4.0,6.22,9185.0,1333.74,1082.85,2016
2016-12-26,NASDAQ,3525.5,3480.84,3539.76,3465.08,483347315.0,4.89,2.76,11.46,7.15,74.0,11414.0,158.0,1.02,112.12,26.19,1906.59,454.92,8168.0,4.44,0.0,45.06,11322.0,527.75,420.68,2016
2016-12-27,S&P 500,1004.45,1048.96,1083.05,2328.985,723652120.0,-4.31,9.83,4.4,7.91,54.0,17623.0,3330.0,1.22,115.0,70.2,2367.04,119.59,1598.0,6.05,27.0,9.87,14922.0,527.75,1875.19,2016
2016-12-28,NASDAQ,1206.67,1213.36,1232.16,1192.89,102766387.0,5.26,5.46,5.61,6.27,107.0,29282.0,457.0,1.48,131.9,20.44,1759.68,163.9,2584.0,3.97,44.0,16.6,13769.0,1629.55,1400.4,2016
2016-12-29,Unknown,1616.58,1650.96,1671.66,1577.29,487813508.0,6.43,9.95,4.73,1.32,100.0,18878.0,2808.0,1.4,138.59,80.11,2447.58,473.05,7936.0,9.09,43.0,50.34,2008.0,1452.51,1208.28,2016
2016-12-30,Dow Jones,1083.74,1067.6,1123.72,1033.83,42171637.0,6.2,2.6,9.7,5.07,74.0,21092.0,2368.0,0.83,133.99,85.67,1772.96,126.13,2131.0,6.27,13.0,36.46,6826.0,1492.66,1271.17,2016
2016-12-31,S&P 500,1307.92,1306.95,1319.34,1285.1,92541351.0,2.76,5.98,9.33,5.195,102.0,22570.0,4717.0,1.48,114.83,63.989999999999995,2272.65,126.13,6426.0,5.29,34.0,8.55,11448.0,1876.86,1562.31,2016
2017-01-01,NASDAQ,4464.41,4492.81,4538.91,2784.115,799331226.0,-4.08,1.39,9.33,7.2,71.0,20336.0,4252.0,1.29,81.19,42.309999999999995,2002.8,318.29,581.0,9.78,17.0,75.35,5925.0,1709.48,1455.69,2017
2017-01-02,S&P 500,4303.91,4329.95,4377.1,4283.13,553485440.0,-1.24,1.39,8.43,7.2,96.0,11869.0,898.0,1.21,112.01,20.63,2064.26,226.32,9635.0,3.36,3.0,70.14,13810.0,1814.03,1535.79,2017
2017-01-03,NASDAQ,1961.6,2007.57,2031.08,1917.13,487813508.0,-2.46,3.99,14.55,5.85,115.0,10202.0,260.0,1.38,131.18,92.7,2285.2,293.82,7776.0,7.71,15.0,32.57,13646.0,616.4,534.53,2017
2017-01-04,NASDAQ,2361.65,2336.77,2408.9,2315.62,845556898.0,2.85,5.93,9.32,3.75,70.0,12032.0,1051.0,1.44,93.77,134.8,1678.92,382.46,299.0,3.08,21.0,40.09,1165.0,1672.74,1435.49,2017
2017-01-05,NASDAQ,2779.41,2763.13,2580.88,2714.11,10704081.0,-4.25,6.75,2.27,7.24,90.0,13868.0,2250.0,1.15,136.64,59.12,1102.11,337.38,8057.0,8.75,28.0,10.68,12387.0,1478.0,1226.37,2017
2017-01-06,S&P 500,2709.87,2671.63,2752.86,2648.79,155264819.0,-0.76,6.75,2.27,1.17,62.0,25059.0,3160.0,1.24,93.93,69.07,1244.53,454.45,9194.0,8.75,24.0,90.11,8227.0,726.08,622.23,2017
2017-01-07,S&P 500,2475.55,4734.81,4760.85,4717.13,897378103.0,6.92,9.71,7.18,9.74,85.0,2654.0,2305.0,1.45,102.97,122.79,2225.33,197.17,8548.0,6.02,18.0,23.08,7876.0,1870.07,1555.72,2017
2017-01-08,Dow Jones,2241.23,4782.120000000001,2289.89,2239.49,487813508.0,5.77,4.96,4.38,9.74,105.0,21888.0,4957.0,0.94,125.335,27.18,1754.03,135.36,1510.0,0.99,46.0,86.42,6407.0,2213.86,1878.85,2017
2017-01-09,NASDAQ,4822.6,4829.43,4872.16,4816.1900000000005,205292507.0,-1.62,1.34,10.16,5.29,53.0,11145.0,3718.0,0.82,147.7,90.18,982.6,403.53,8842.0,0.03,36.0,4.03,12144.0,1744.33,1473.31,2017
2017-01-10,S&P 500,4303.1,2481.09,2504.7,2451.02,944366139.0,-1.62,2.12,11.76,8.89,65.0,4290.0,1933.0,1.11,108.76,94.325,1157.24,475.61,9094.0,7.74,24.0,52.0,10888.0,1360.17,1473.31,2017
2017-01-11,Dow Jones,3783.6,3766.84,2451.6099999999997,3748.73,960919870.0,6.07,9.22,8.77,0.59,111.0,7885.0,4887.0,1.1,124.99,98.47,1891.69,354.09,4832.0,7.11,45.0,76.46,8569.0,1360.17,1158.66,2017
2017-01-12,Dow Jones,2367.4,2353.75,2398.52,2346.21,219668120.0,-3.33,1.23,4.5,7.43,82.0,28759.0,4887.0,1.2,107.27,73.095,2342.88,367.19,9755.0,1.6,24.0,63.75,1460.0,1076.12,905.29,2017
2017-01-13,Unknown,4402.46,4428.68,4477.67,4373.74,322996389.0,2.76,8.39,8.36,9.91,52.0,26395.0,614.0,0.92,102.76,47.72,996.15,367.19,9055.0,9.85,2.0,89.79,3953.0,1111.57,938.11,2017
2017-01-14,Dow Jones,1644.88,1685.82,1691.59,1622.39,451019552.0,-2.81,5.24,12.46,5.03,63.0,25621.0,4435.0,1.12,94.41,55.3,1742.4,367.19,1474.0,2.89,24.0,51.49,4061.0,1806.53,1548.16,2017
2017-01-15,NASDAQ,1924.97,1182.66,1236.32,1133.7,487813508.0,-2.81,2.9,8.56,1.89,104.0,9347.0,1725.0,1.33,83.35,116.25,2268.77,392.69,2135.0,1.92,44.0,46.94,4586.0,1806.53,707.91,2017
2017-01-16,Dow Jones,2205.06,2213.39,2231.37,2169.93,541727710.0,-0.15,8.82,8.05,8.76,67.0,9856.0,2868.0,0.88,82.62,134.6,955.25,120.0,2135.0,6.64,31.0,38.21,7030.0,1312.75,1132.58,2017
2017-01-17,S&P 500,2181.16,2133.62,2208.26,2120.45,765444786.0,8.64,2.72,8.22,4.92,59.0,24213.0,683.0,0.85,116.18,112.9,1944.77,371.22,951.0,8.82,32.0,21.64,4207.0,1277.35,1046.66,2017
2017-01-18,Dow Jones,4430.12,4408.37,4459.5,4404.04,332879543.0,8.64,0.84,8.06,4.92,117.0,22831.0,4971.0,1.17,147.05,40.94,1905.72,101.1,1366.0,3.76,15.0,11.9,11843.0,937.57,766.81,2017
2017-01-19,S&P 500,2040.63,2043.39,2063.69,2012.31,97750245.0,1.44,8.03,9.76,2.03,88.0,9345.0,4254.0,0.86,144.55,144.29,931.07,227.28,3087.0,7.32,2.0,19.54,12464.0,937.57,312.98,2017
2017-01-20,Dow Jones,4384.5,4353.29,4416.94,4334.38,487813508.0,2.76,8.51,5.93,6.43,88.0,24787.0,4759.0,0.87,142.05,61.95,1278.02,168.68,7584.0,5.86,42.0,15.66,7313.0,622.79,507.41,2017
2017-01-21,S&P 500,3060.02,3012.22,3095.12,3008.59,489322582.0,3.11,9.47,2.13,8.15,69.0,18639.0,2399.0,0.93,118.36,49.35,1624.97,163.73,3541.0,0.19,0.0,65.84,4165.0,1632.23,1394.65,2017
2017-01-22,Unknown,4057.41,4106.25,4152.47,4008.52,487813508.0,-3.42,5.8,12.24,2.34,69.0,21688.0,758.0,1.29,110.83500000000001,36.75,1433.76,169.77,5628.0,9.83,27.0,50.34,3137.0,1503.9,1255.68,2017
2017-01-23,Dow Jones,3241.76,3284.7,3295.06,3210.68,174563587.0,-1.48,8.16,4.86,8.99,52.0,21688.0,4941.0,0.83,103.31,30.09,1397.27,405.14,5904.0,7.55,41.0,49.57,5668.0,1121.58,965.62,2017
2017-01-24,S&P 500,3571.53,3530.2,3608.06,3481.35,941175727.0,7.17,9.68,4.86,4.97,55.0,21688.0,3543.0,1.3,135.12,68.97,2054.58,296.93,4303.0,2.95,36.0,75.76,5668.0,1077.1,929.1,2017
2017-01-25,NASDAQ,4633.74,4663.15,4688.2,4599.82,487813508.0,9.54,9.48,2.29,4.97,118.0,5324.0,3907.0,1.35,90.79,80.735,1283.78,241.62,5289.0,4.47,37.0,80.27,5237.0,611.31,502.68,2017
2017-01-26,Dow Jones,3820.56,3776.1,3868.29,3763.86,829737355.0,4.64,5.07,2.29,0.7,103.0,1460.0,609.0,0.98,88.54,92.5,1556.2,279.12,7915.0,0.68,17.0,79.7,5516.0,1812.4,1566.68,2017
2017-01-27,S&P 500,3263.13,2582.575,3285.66,3168.67,817410624.0,3.21,2.93,5.64,8.67,59.0,3283.0,609.0,0.87,139.3,38.3,2382.34,410.73,9698.0,1.69,1.0,50.34,4369.0,837.66,695.35,2017
2017-01-28,S&P 500,1375.11,1389.05,1403.36,1339.17,702036051.0,-2.29,2.93,14.58,0.9,106.0,5667.0,4729.0,1.07,106.4,29.54,1860.51,270.77,1490.0,5.63,35.0,22.54,1619.0,2176.9,1854.8,2017
2017-01-29,NASDAQ,2038.68,2032.01,2066.67,1331.87,487813508.0,8.83,4.06,14.58,3.09,99.0,29785.0,4932.0,0.93,135.94,95.33,2070.95,462.71,6433.0,0.1,19.0,22.45,1619.0,2083.74,1728.96,2017
2017-01-30,NASDAQ,1365.57,1370.05,1393.1,1324.57,440876455.0,3.0,6.66,3.79,8.07,99.0,3214.0,4550.0,0.97,101.37,22.73,1969.94,358.15,2948.0,0.1,31.0,73.06,13479.0,795.78,701.43,2017
2017-01-31,S&P 500,4896.78,2762.9300000000003,4931.36,4842.38,207772486.0,8.91,9.02,12.02,9.42,112.0,17059.0,842.0,0.9,92.48,114.62,1868.93,179.69,4162.0,8.26,4.0,77.22,9790.0,990.91,818.75,2017
2017-02-01,Unknown,4185.76,4155.81,4197.21,4135.88,286057768.0,-0.06,9.05,7.71,9.07,90.0,20428.0,947.0,1.32,103.06,63.53,2363.45,159.09,4953.0,0.57,15.0,92.72,7837.0,990.91,968.89,2017
2017-02-02,S&P 500,1442.41,1408.8,1481.27,1404.76,115055241.0,2.56,4.07,5.26,0.61,73.0,8956.0,947.0,1.13,108.22,102.55,1914.12,407.28,2605.0,5.3,42.0,48.93,9277.0,990.91,162.25,2017
2017-02-03,S&P 500,1929.54,1949.21,1995.16,1929.34,644346293.0,1.74,9.03,6.43,7.96,85.0,2344.0,1566.0,1.11,113.38,32.02,934.63,202.74,5700.0,8.27,25.0,92.18,10513.0,684.79,545.47,2017
2017-02-04,NASDAQ,2573.28,2596.04,2602.47,2553.42,166640905.0,6.67,1.9,7.23,8.77,74.0,2344.0,805.0,1.44,115.3,66.13,1650.23,275.72,7654.0,7.5,3.0,50.34,7273.0,90.32,99.1,2017
2017-02-05,NASDAQ,2045.33,2016.62,2060.23,1998.08,360958263.0,6.67,1.9,5.88,9.36,53.0,2326.0,1124.0,1.49,113.14,64.04,1171.9,388.05,4120.0,5.93,24.0,53.18,12134.0,1644.78,1398.38,2017
2017-02-06,NASDAQ,2057.11,2100.73,2126.57,2049.11,418802559.0,6.67,6.29,4.8,7.17,50.0,13708.0,3787.0,1.05,85.66,88.76,1280.8,359.57,2149.0,1.66,37.0,86.44,12659.0,700.27,612.21,2017
2017-02-07,S&P 500,2738.38,2776.15,2815.83,2724.65,803391029.0,8.61,9.09,3.06,4.03,119.0,8982.0,3161.0,0.8,124.65,113.48,1570.51,351.45,7617.0,7.51,18.0,52.1,2218.0,457.92,612.21,2017
2017-02-08,Dow Jones,4517.32,4486.43,4535.929999999999,4453.11,18032888.0,-4.18,9.09,7.6,6.17,65.0,23600.0,1192.0,1.39,136.56,127.39000000000001,1489.32,146.94,9565.0,7.17,24.0,13.73,8439.0,1555.87,1311.89,2017
2017-02-09,Dow Jones,4666.65,2705.08,2721.82,2657.96,723854755.0,5.31,0.08,10.47,5.58,60.0,28770.0,1618.0,1.32,105.68,141.3,2143.7,107.32,619.0,7.37,20.0,87.44,4889.0,914.14,757.35,2017
2017-02-10,Dow Jones,4815.9800000000005,1921.08,1971.11,1874.4,363784776.0,-2.54,3.01,12.94,4.79,108.0,7105.0,1118.0,1.17,111.26,93.43,1712.27,189.51,9756.0,9.2,25.0,7.8,14726.0,2275.73,1958.5,2017
2017-02-11,S&P 500,4965.31,4978.18,4997.73,4934.14,376520582.0,-4.86,0.77,13.64,6.91,96.0,9660.0,4869.0,1.16,134.91,58.795,1052.68,219.71,9568.0,0.58,42.0,57.77,11902.0,435.15,367.36,2017
2017-02-12,S&P 500,2383.22,2424.3,2434.9,2352.57,715532676.0,8.59,2.06,13.92,8.0,119.0,22497.0,1101.0,0.88,118.83,24.16,930.25,219.71,3919.0,7.27,44.0,37.49,9961.0,2050.36,1711.38,2017
2017-02-13,S&P 500,4356.59,4346.87,4382.24,4298.37,456864246.0,3.18,0.33,14.51,7.46,74.0,22497.0,1158.0,1.3,101.78,32.9,1454.43,365.27,8456.0,8.11,32.0,35.95,7444.0,2050.36,1636.15,2017
2017-02-14,Dow Jones,3743.135,4575.98,4576.27,4495.47,791402242.0,-1.57,6.02,14.51,6.13,54.0,21404.0,3808.0,1.34,108.81,41.64,906.25,498.71,9465.0,7.83,16.0,97.05,14770.0,202.77,160.11,2017
2017-02-15,S&P 500,3129.68,3099.33,3163.53,3055.58,487813508.0,1.43,9.15,12.98,4.42,64.0,21404.0,2151.0,0.98,120.13,50.379999999999995,1317.51,267.95,7930.0,3.2,15.0,39.56,10713.0,1902.69,1624.6,2017
2017-02-16,NASDAQ,2779.41,2763.13,2658.625,2714.11,10704081.0,-4.25,6.75,2.27,7.24,90.0,13868.0,2250.0,1.15,136.64,59.12,1102.11,337.38,8057.0,8.75,28.0,10.68,12387.0,1852.02,1584.23,2017
2017-02-17,S&P 500,2096.29,2123.26,2153.72,2070.74,731603505.0,-3.42,7.75,5.62,0.7,59.0,8405.0,920.0,1.13,81.11,124.11,1479.64,298.04,1533.0,0.68,39.0,90.14,6877.0,2168.36,1848.58,2017
2017-02-18,S&P 500,3513.71,3494.02,3521.01,3463.49,931777856.0,3.09,6.04,5.62,0.7,79.0,27154.0,3043.0,1.02,146.31,64.77,1961.26,179.59,475.0,3.91,8.0,91.51,4891.0,1904.19,1628.94,2017
2017-02-19,S&P 500,1421.38,1449.45,1468.65,1393.87,487813508.0,4.5,7.01,13.54,5.39,95.0,13111.0,1637.0,0.84,113.89,23.84,1545.44,365.14,963.0,1.85,29.0,61.75,12966.0,463.47,376.66,2017
2017-02-20,Dow Jones,3307.93,3286.28,3312.86,3266.05,613703698.0,-4.69,7.11,2.8,4.59,114.0,14918.0,4479.0,0.95,97.02,106.66,1166.23,298.36,2848.0,1.93,42.0,87.3,8707.0,2141.64,1804.17,2017
2017-02-21,Dow Jones,3638.76,3669.35,3710.5,3658.87,184779209.0,-0.63,3.15,10.03,1.74,96.0,23943.0,3793.0,1.06,143.79,119.49,1441.81,473.9,5523.0,6.22,29.0,60.16,6305.0,775.33,639.99,2017
2017-02-22,S&P 500,4100.94,4129.97,4161.26,4051.69,887258963.0,0.59,7.29,10.36,6.93,70.0,23943.0,888.0,0.87,143.74,132.32,2042.48,456.73,7574.0,5.52,14.0,50.34,10728.0,1577.22,1344.43,2017
2017-02-23,NASDAQ,4518.33,4565.58,4607.24,4503.32,856716960.0,-2.34,5.51,14.09,3.08,58.0,10612.0,4407.0,1.39,86.63,22.43,1526.35,472.2,4603.0,6.86,10.0,17.75,1790.0,2004.4,1699.26,2017
2017-02-24,S&P 500,4406.745,1318.54,4452.825,1257.86,4736437.0,9.98,1.67,3.51,6.81,105.0,25904.0,4877.0,1.32,88.9,132.17,1010.22,495.2,4768.0,1.45,24.0,67.65,12303.0,1246.38,1082.88,2017
2017-02-25,NASDAQ,4295.16,4250.66,4298.41,4203.4,487813508.0,1.54,6.79,3.41,1.63,99.0,25104.0,3424.0,1.34,107.6,79.76,2376.49,233.52,753.0,4.81,24.0,68.93,529.0,338.11,290.23,2017
2017-02-26,S&P 500,1835.53,1859.7,1869.55,1817.57,746280289.0,9.34,0.32,10.46,5.89,68.0,25104.0,2853.0,0.86,110.68,83.245,880.77,437.95,704.0,0.19,33.0,5.27,456.0,335.84,267.08,2017
2017-02-27,NASDAQ,4830.32,4857.91,4861.46,4818.09,999789343.0,9.6,4.64,6.77,1.92,108.0,8276.0,2343.0,0.94,108.79,86.73,1037.84,377.49,7277.0,2.87,9.0,63.31,7515.0,1770.21,1509.75,2017
2017-02-28,Unknown,3660.22,3677.13,3705.49,3615.95,810021585.0,-3.23,5.06,2.87,6.88,110.0,18841.0,537.0,1.21,141.13,58.525000000000006,1980.3,129.91,5482.0,2.47,47.0,66.59,6133.0,686.03,555.6,2017
2017-03-01,Dow Jones,1795.97,1808.28,1825.69,1770.85,433848446.0,9.21,1.12,14.65,9.43,95.0,28272.0,3871.0,1.16,137.99,30.32,1766.89,324.19,4596.0,5.06,21.0,60.92,11154.0,1499.81,1287.1,2017
2017-03-02,NASDAQ,4607.76,4629.52,4659.24,4564.22,595758115.0,1.76,5.72,4.84,7.06,65.0,25580.0,2035.0,1.165,117.02,62.73,1137.86,422.76,4153.0,7.98,24.0,65.05,8385.0,212.87,183.97,2017
2017-03-03,NASDAQ,3239.02,3198.98,3287.57,3182.78,196740327.0,-3.57,1.69,3.34,6.6,116.0,27196.0,502.0,1.17,114.65,136.59,2038.4,417.16,9336.0,9.16,49.0,34.08,4606.0,632.05,529.51,2017
2017-03-04,NASDAQ,4225.61,4225.85,4273.28,4182.55,305825400.0,8.72,6.84,12.08,7.85,119.0,21766.0,860.0,1.36,105.78,143.94,1087.12,358.04,3724.0,7.91,45.0,0.31,4968.0,632.05,698.84,2017
2017-03-05,Dow Jones,2617.16,2631.75,2641.15,2584.49,109384478.0,3.87,5.51,6.51,2.01,50.0,28548.0,2151.0,0.83,113.44,99.38,2054.08,154.84,2412.0,9.41,24.0,8.44,3102.0,733.58,595.64,2017
2017-03-06,S&P 500,1249.09,1292.38,1323.97,1211.34,594469609.0,-0.42,9.66,3.06,5.1,89.0,8486.0,812.0,1.39,83.66,138.53,2215.28,281.02,2528.0,3.43,39.0,11.27,3475.0,959.08,784.64,2017
2017-03-07,S&P 500,3354.93,3365.9,3377.48,3316.87,353053228.0,6.68,4.6,3.07,6.51,51.0,18761.0,1718.0,1.27,94.24,95.6,1487.09,211.98,6688.0,3.95,24.0,97.56,3475.0,439.92,373.93,2017
2017-03-08,Dow Jones,3031.22,3066.37,3091.72,3010.67,502801344.0,1.49,3.66,11.04,3.8,73.0,13912.0,4723.0,1.14,136.72,92.56333333333333,2156.49,296.61,2297.0,9.89,48.0,7.86,12617.0,139.59,114.26,2017
2017-03-09,S&P 500,3213.89,3207.84,3252.36,3177.0,71208399.0,1.49,4.78,11.04,8.42,84.0,2055.0,3691.0,1.39,96.08,89.52666666666666,2274.42,303.01,4201.0,2.68,24.0,2.14,7579.0,1664.1,1381.95,2017
2017-03-10,Dow Jones,1407.57,1441.45,1488.97,1368.28,523207223.0,-4.43,1.86,11.04,2.98,94.0,12153.0,4723.0,1.44,104.95,86.49,2380.93,402.98,4584.0,2.68,46.0,50.34,1011.0,1317.72,1095.94,2017
2017-03-11,Dow Jones,2012.41,1964.52,2043.02,1937.06,451722320.0,-3.86,4.27,6.97,5.61,94.0,10586.0,3942.0,1.36,123.93,102.44,926.39,221.41,7296.0,9.42,49.0,62.31,6239.0,189.07,149.93,2017
2017-03-12,S&P 500,4737.73,4775.56,4816.06,4691.35,248747814.0,-3.86,8.8,8.72,8.96,109.0,7385.0,1109.0,1.04,142.91,62.11,1013.56,279.99,8490.0,3.42,31.0,44.18,11756.0,740.8,582.57,2017
2017-03-13,Dow Jones,4888.02,4898.08,4903.540000000001,4530.045,83911814.0,-2.85,6.92,11.37,1.57,104.0,11683.0,3916.0,1.43,133.95,118.52,1034.84,375.02,5021.0,5.21,22.0,17.11,11756.0,1194.43,1024.38,2017
2017-03-14,S&P 500,4409.06,4400.13,4438.58,4368.74,747253334.0,1.66,6.86,8.88,3.17,104.0,9194.0,1213.0,0.99,133.94,116.36,1757.13,421.45,2931.0,6.56,17.0,66.23,1917.0,1975.42,1662.76,2017
2017-03-15,Dow Jones,4517.32,4486.43,4535.929999999999,4453.11,18032888.0,-4.18,6.86,7.6,6.17,65.0,23600.0,1192.0,1.39,136.56,113.195,1489.32,146.94,9565.0,7.17,24.0,13.73,8439.0,723.39,639.97,2017
2017-03-16,Dow Jones,4077.77,4050.76,4113.05,4021.31,619382488.0,9.11,9.2,10.0,3.32,96.0,27787.0,4286.0,1.27,119.46,110.03,2161.36,382.95,2357.0,5.15,24.0,97.75,3566.0,174.32,639.97,2017
2017-03-17,Unknown,2644.77,2599.55,2652.64,2566.8,72530109.0,7.81,1.49,11.28,2.96,98.0,27443.0,2331.0,0.97,104.8,67.73,2180.61,351.22,6211.0,0.6,24.0,11.58,13843.0,174.32,256.42,2017
2017-03-18,S&P 500,4531.98,4578.53,4602.02,4500.7,871539221.0,2.22,6.87,14.09,5.6,51.0,8006.0,100.0,0.84,93.47,25.43,1626.31,217.36,6986.0,5.33,34.0,52.76,10753.0,758.98,646.88,2017
2017-03-19,Dow Jones,1775.45,1817.45,1847.41,1768.93,564712420.0,2.83,3.59,8.6,7.68,76.0,28538.0,1874.0,1.3,130.51,138.16,1948.36,351.22,5372.0,3.35,24.0,4.93,2839.0,1541.55,646.88,2017
2017-03-20,Unknown,4247.46,4202.13,4267.93,4168.2,634755239.0,5.98,0.78,14.72,6.82,60.0,25968.0,1950.0,1.24,110.85,102.62,1166.1,170.26,6638.0,3.35,29.0,30.83,12353.0,1152.72,968.74,2017
2017-03-21,NASDAQ,4775.405000000001,1804.82,1855.37,1778.9,928162010.0,-3.09,8.49,13.14,5.01,100.0,3417.0,4957.0,1.18,108.63499999999999,114.61,1161.3133333333333,238.81,5132.0,7.29,33.0,28.76,6664.0,2267.49,1932.9,2017
2017-03-22,S&P 500,5303.35,2092.86,2156.94,2083.73,845761814.0,1.11,8.49,9.18,6.42,110.0,2869.0,4604.0,1.1099999999999999,106.42,131.88,1156.5266666666666,146.64,8530.0,2.64,24.0,37.3,7795.0,480.14,433.69,2017
2017-03-23,Dow Jones,4017.06,3981.49,4059.74,3951.81,588235359.0,6.3,8.49,14.19,9.02,67.0,17211.0,4604.0,1.04,92.24,149.15,1151.74,344.94,6462.0,2.38,4.0,62.34,14294.0,307.92,249.59,2017
2017-03-24,S&P 500,3890.83,3905.22,3947.53,3848.1,826405683.0,6.3,6.18,6.0,1.86,89.0,10031.0,2640.0,1.01,84.06,23.42,1087.12,148.06,1700.0,6.79,16.0,94.68,10944.0,431.66,374.42,2017
2017-03-25,Dow Jones,3616.59,4093.99,3653.2200000000003,4090.45,20453370.0,2.72,5.89,7.19,9.83,61.0,24490.0,1420.0,1.1,91.6,81.42,2225.44,245.28,8703.0,6.42,41.0,50.34,10818.0,798.95,653.19,2017
2017-03-26,S&P 500,3342.35,3309.43,3358.91,3300.92,920622246.0,-2.35,2.82,10.7,1.63,110.0,2481.0,4396.0,1.02,116.47,21.85,903.63,392.34,9350.0,6.09,17.0,20.29,11708.0,1609.93,1355.84,2017
2017-03-27,NASDAQ,1999.83,2046.84,2080.65,1979.16,100658278.0,8.53,3.43,5.71,8.17,89.0,23909.0,2455.0,1.02,128.6,25.05,2348.34,316.69,9721.0,9.62,24.0,44.43,9943.0,1353.53,1158.56,2017
2017-03-28,NASDAQ,2098.93,2076.8,2077.5699999999997,2046.69,426556260.0,8.33,5.0,2.0,3.03,77.0,9013.0,4970.0,1.16,119.77,87.44,2252.07,497.14,5595.0,3.02,40.0,50.34,5314.0,1276.66,1061.59,2017
2017-03-29,Dow Jones,2025.85,2042.78,2074.49,1992.76,317686896.0,9.96,2.33,8.92,2.59,105.0,3602.0,4035.0,1.46,106.66999999999999,100.74666666666667,2054.14,101.36,9677.0,6.97,15.0,38.22,10932.0,940.87,1061.59,2017
2017-03-30,S&P 500,2868.015,3987.14,4025.31,3986.22,503095170.0,0.52,3.02,12.07,2.56,67.0,26378.0,3764.0,0.83,93.57,114.05333333333333,1948.81,379.93,1092.0,6.67,24.0,75.62,5752.0,669.35,550.23,2017
2017-03-31,NASDAQ,3710.18,3688.8,3717.82,3683.4,792729337.0,7.74,3.86,4.53,0.85,107.0,28000.0,307.0,1.37,126.92,127.36,1736.0,215.42,8583.0,0.81,24.0,46.56,2201.0,330.53,272.73,2017
2017-04-01,NASDAQ,3409.8,3382.67,3423.29,3371.87,813927266.0,-3.67,7.94,13.88,8.79,65.0,4652.0,3814.0,0.9,129.35,134.9,1220.54,428.75,6537.0,9.77,44.0,19.33,8584.0,2273.33,1929.1,2017
2017-04-02,Dow Jones,1634.95,1650.03,1668.06,1592.78,487813508.0,2.76,9.25,7.14,5.32,83.0,24457.0,3814.0,1.27,83.35,48.4,1112.09,178.9,1690.0,2.59,5.0,85.89,12381.0,200.06,169.11,2017
2017-04-03,Dow Jones,4856.12,4837.4,4870.22,4826.63,604662562.0,2.76,8.95,13.84,5.12,79.0,4047.0,599.0,0.9,130.63,54.28,1847.26,161.98,6673.0,5.39,41.0,28.14,7258.0,1053.22,897.4,2017
2017-04-04,Dow Jones,1040.52,1059.81,1092.14,997.39,11142310.0,0.42,1.7,14.56,6.95,101.0,8549.0,266.0,1.16,122.89,79.66,1527.91,370.22,223.0,1.58,38.0,42.5,1078.0,260.13,200.82,2017
2017-04-05,Dow Jones,3326.49,3318.76,3357.27,3271.84,440474717.0,0.42,8.67,4.43,0.51,101.0,20701.0,3395.0,1.12,115.15,83.75,919.63,130.72,3792.0,8.94,0.0,70.37,12526.0,629.13,557.95,2017
2017-04-06,S&P 500,4028.19,4035.21,4077.8,4003.79,308737036.0,2.76,4.23,12.75,3.96,55.0,7906.0,982.0,1.1400000000000001,134.45,60.495000000000005,832.34,130.72,1553.0,6.21,10.0,99.27,4220.0,1957.7,1643.37,2017
2017-04-07,Dow Jones,3925.99,3883.96,3974.18,3838.96,461955598.0,0.76,1.34,4.54,2.17,119.0,28271.0,2295.0,1.16,83.83,37.24,2442.04,242.99,8563.0,4.13,45.0,50.34,5763.0,1176.42,986.15,2017
2017-04-08,Unknown,1969.41,1940.51,1999.02,1898.37,154879409.0,-4.83,9.81,11.7,8.5,97.0,27832.0,4552.0,1.19,100.98,94.66,1164.24,437.35,8846.0,3.29,24.0,79.72,5270.0,1405.36,1216.84,2017
2017-04-09,Dow Jones,4909.23,4868.07,4951.3,4862.33,380151948.0,-1.13,5.39,14.22,9.47,91.0,27832.0,3942.0,1.17,92.41,97.76,1258.54,437.35,8456.0,5.52,40.0,85.16,5270.0,2203.27,1832.85,2017
2017-04-10,Dow Jones,3210.075,1328.87,1356.59,1275.54,440142915.0,2.27,8.14,10.86,9.76,62.0,4355.0,105.0,1.41,92.04,137.35,1055.89,497.2,2146.0,9.37,19.0,77.33,5993.0,2251.76,1832.85,2017
2017-04-11,Dow Jones,2671.04,2669.6,2703.79,2637.89,560596730.0,1.42,3.88,10.86,6.72,95.0,26397.0,2686.0,1.5,111.07,58.5,1511.19,214.52,6858.0,2.66,25.0,25.87,5993.0,1041.77,885.84,2017
2017-04-12,Dow Jones,2710.41,2666.7,2735.21,2633.03,377051874.0,3.47,3.65,7.66,3.81,96.0,15203.0,407.0,1.18,130.1,49.11,2365.68,214.52,2912.0,1.94,24.0,50.34,5993.0,1201.47,996.49,2017
2017-04-13,Dow Jones,1906.09,1857.37,1918.68,1842.48,896476956.0,9.85,0.69,3.4,1.61,69.0,3301.0,3523.0,1.07,136.14,81.15,847.83,121.81,4815.0,2.03,28.0,88.4,11843.0,817.98,709.08,2017
2017-04-14,NASDAQ,1976.455,3351.3,3355.76,1926.005,265392549.0,-4.01,9.44,8.91,5.23,103.0,12969.0,3592.0,1.03,118.12,87.06,2477.32,268.76,1175.0,2.03,8.0,52.23,7006.0,577.52,468.81,2017
2017-04-15,S&P 500,2046.82,2036.18,2082.83,2009.53,690220415.0,3.19,4.95,6.62,2.19,101.0,16160.0,1008.0,1.0,98.22,52.84,2461.705,346.23,4156.0,2.03,21.0,5.67,10101.0,429.18,343.71,2017
2017-04-16,S&P 500,3929.6,3894.74,3935.97,3265.2650000000003,487813508.0,-3.03,1.6,11.56,1.14,58.0,3131.0,4842.0,0.85,114.91,74.50333333333333,2446.09,165.02,4156.0,0.25,12.0,1.71,3376.0,2202.9,1842.66,2017
2017-04-17,NASDAQ,4560.39,4582.19,4621.6,4521.0,167664189.0,-4.33,7.55,14.75,9.1,113.0,8349.0,1399.0,0.92,121.365,96.16666666666666,1807.76,496.11,4156.0,3.33,24.0,81.84,3475.0,528.81,451.95,2017
2017-04-18,S&P 500,12438.475,5005.4,5053.51,4963.51,411571975.0,-1.03,9.37,7.39,9.86,85.0,20158.0,4529.0,0.95,127.82,117.83,2213.21,496.11,5300.0,1.45,24.0,63.08,3399.0,923.55,779.92,2017
2017-04-19,NASDAQ,4856.07,4844.7,4858.469999999999,4829.43,380207802.0,-1.85,5.55,9.69,7.13,98.0,8716.0,4611.0,0.93,124.88,91.36,1619.85,487.46,797.0,8.82,48.0,70.05,7633.0,713.52,581.94,2017
2017-04-20,Unknown,3069.105,1822.68,1863.64,1807.44,865213213.0,4.41,4.76,11.8,2.15,72.0,19830.0,1216.0,1.15,100.97,34.64,1670.04,409.89,5338.0,8.62,24.0,63.59,5863.0,769.27,658.65,2017
2017-04-21,NASDAQ,1282.14,2721.96,1324.0,1243.87,635415335.0,7.47,9.97,9.33,5.45,96.0,5236.0,1642.0,1.31,84.87,58.28,884.23,299.32,3993.0,9.09,12.0,26.9,5863.0,419.54,329.75,2017
2017-04-22,S&P 500,3665.54,3621.24,3705.99,3602.18,892749593.0,1.18,4.07,2.56,9.65,67.0,12469.0,4828.0,1.0,121.46,24.82,1816.45,286.18,7656.0,7.93,24.0,32.96,2829.0,129.65,124.83,2017
2017-04-23,NASDAQ,3865.59,3822.9,3915.51,3782.3,411322927.0,6.49,1.94,14.5,8.89,57.0,29634.0,1683.0,1.05,108.16,129.82,2411.26,454.2,9463.0,0.33,26.0,20.94,11336.0,1204.18,1039.06,2017
2017-04-24,NASDAQ,2834.07,2847.13,2754.695,2793.92,620122575.0,5.4,9.45,8.79,4.9,66.0,13259.0,2246.0,1.13,94.86,130.58,2377.05,269.91,2913.0,1.5,40.0,13.78,5005.0,1836.37,1563.27,2017
2017-04-25,NASDAQ,1528.72,1564.88,1593.88,1513.16,288457868.0,3.61,1.83,12.19,1.23,55.0,2967.0,1992.0,0.96,87.8,63.2,2195.84,383.18,5945.0,5.6,24.0,31.35,9633.0,335.67,280.26,2017
2017-04-26,S&P 500,4458.325,1816.57,1838.16,1767.96,115629922.0,0.24,3.23,14.84,3.61,55.0,15156.0,4388.0,1.02,142.87,133.14,1202.83,137.98,9512.0,0.34,24.0,65.94,8461.0,630.84,562.26,2017
2017-04-27,Dow Jones,1499.28,1525.9,1558.58,1483.56,289309490.0,8.2,5.77,13.21,4.83,71.0,27754.0,2624.0,0.97,139.04,25.53,2182.33,370.46,658.0,6.41,42.0,72.56,8461.0,612.35,510.91,2017
2017-04-28,NASDAQ,3287.09,3285.15,3330.08,2342.795,281377679.0,8.2,5.77,11.01,8.35,95.0,12068.0,2624.0,1.15,134.37,63.98,2075.2,101.03,9710.0,1.25,24.0,27.22,2983.0,2000.69,1680.57,2017
2017-04-29,NASDAQ,3248.29,3207.03,3285.1,3202.03,154015957.0,7.27,5.15,12.1,6.86,73.0,26920.0,524.0,1.15,149.14,125.15,2412.35,333.9,5993.0,8.82,16.0,86.16,2946.0,555.27,448.93,2017
2017-04-30,Dow Jones,2109.86,2114.37,2136.92,2070.0,611434465.0,-4.55,8.99,10.96,3.19,51.0,26920.0,4171.0,1.31,131.83,30.94,2128.98,482.16,9175.0,9.14,12.0,44.53,2946.0,1098.41,912.02,2017
2017-05-01,S&P 500,3509.32,3529.27,3548.54,3472.41,105005024.0,-4.55,2.43,13.76,4.4,109.0,4624.0,439.0,0.98,140.46,82.21,1842.82,482.16,7833.0,6.31,24.0,26.3,12638.0,360.91,269.95,2017
2017-05-02,NASDAQ,1155.72,1106.58,1158.94,1088.74,184752785.0,0.67,3.41,9.84,3.53,101.0,28262.0,3844.0,0.96,129.705,131.75,1849.71,339.49,3869.0,7.44,21.0,44.42,1570.0,712.67,593.51,2017
2017-05-03,S&P 500,1459.08,1475.75,1511.0,2110.8,433513212.0,0.65,9.61,11.77,1.65,74.0,15254.0,2441.0,1.35,118.95,23.79,1195.22,104.66,4719.0,4.11,26.0,70.52,490.0,453.4,376.18,2017
2017-05-04,NASDAQ,3178.52,3139.22,3182.95,3132.86,252134998.0,-3.72,2.01,12.46,5.64,74.0,14387.0,586.0,0.88,133.46,82.5,2053.48,400.84,3573.0,6.09,40.0,39.8,3155.0,453.4,1776.89,2017
2017-05-05,NASDAQ,3856.13,3834.03,3890.94,3805.08,104815798.0,-2.41,9.04,3.16,8.78,74.0,20849.0,694.0,1.03,129.255,148.53,1658.47,264.78,5974.0,7.15,35.0,7.05,5208.0,1647.85,1776.89,2017
2017-05-06,Dow Jones,3860.5,3813.78,3889.35,3767.24,400313408.0,7.44,5.63,13.66,9.37,71.0,1639.0,2170.0,1.47,125.05,28.34,1263.46,235.57,9239.0,0.88,24.0,51.79,7287.0,2030.19,1715.81,2017
2017-05-07,S&P 500,1904.12,1918.85,1961.9,1865.05,614452879.0,3.39,7.13,5.22,9.14,97.0,6371.0,2094.0,1.5,100.44,110.33,1226.55,298.6,9239.0,5.9,28.0,0.75,4493.0,608.27,521.44,2017
2017-05-08,S&P 500,1005.9,1048.56,1087.41,975.73,337333351.0,5.2,2.91,11.31,9.14,89.0,11362.0,1348.0,0.91,129.55,25.11,2019.85,315.01,267.0,0.25,24.0,87.67,8068.0,608.27,1756.81,2017
2017-05-09,S&P 500,1544.0699999999997,4275.47,4348.29,4230.38,253732253.0,0.13,4.37,4.37,9.87,89.0,6756.0,1824.0,1.15,81.56,59.32,1486.17,408.62,6850.0,3.99,21.0,27.99,2987.0,2281.47,1919.02,2017
2017-05-10,S&P 500,2082.24,3840.84,2149.8,3791.675,842054381.0,-4.11,3.3,9.17,7.2,96.0,9876.0,3353.0,1.44,87.85,93.53,835.89,312.12,3145.0,9.0,24.0,39.14,2987.0,350.95,304.38,2017
2017-05-11,Dow Jones,3387.64,3406.21,3435.7,3352.97,823166670.0,8.48,0.65,11.69,5.72,90.0,13106.0,3976.0,1.2,95.085,137.74,1398.7350000000001,247.36,8580.0,6.85,38.0,90.79,11884.0,1445.08,1205.57,2017
2017-05-12,Dow Jones,2628.43,2604.18,2647.84,2576.77,934066918.0,1.32,8.02,4.62,7.33,87.0,6642.0,4481.0,1.02,102.32,101.0,1961.58,243.75,5634.0,1.85,37.0,78.34,6853.0,694.58,558.25,2017
2017-05-13,NASDAQ,4137.62,4120.55,4166.54,4075.49,380049604.0,7.64,7.16,4.92,9.37,109.0,16956.0,145.0,1.2,142.99,27.88,1219.48,199.71,3267.0,4.55,19.0,50.34,13322.0,1310.32,1117.5,2017
2017-05-14,Dow Jones,2221.24,2210.04,2221.58,2173.85,942336242.0,0.49,6.92,2.41,8.95,61.0,13009.0,4551.0,1.39,92.98,52.17,1444.59,267.84,8215.0,2.86,32.0,91.34,14492.0,2154.79,1822.88,2017
2017-05-15,Dow Jones,3461.19,3459.39,3473.3,3432.95,62531772.0,0.64,9.28,14.6,1.69,68.0,21532.0,655.0,1.46,127.6,39.45,1008.5,451.02,5104.0,2.5,35.0,24.31,2447.0,1693.32,1432.11,2017
2017-05-16,S&P 500,3389.72,3109.29,3405.96,3345.25,686980684.0,-0.61,4.64,4.23,1.69,64.0,21532.0,1653.0,1.05,122.84,97.68,1501.32,201.11,9294.0,2.5,8.0,61.85,10076.0,891.02,746.62,2017
2017-05-17,S&P 500,2796.16,2759.19,2835.29,2767.0299999999997,809190877.0,2.53,8.63,9.55,9.0,91.0,14240.0,4845.0,1.155,148.88,107.84,1995.54,339.87,4397.0,0.99,38.0,50.34,8056.0,1030.75,861.63,2017
2017-05-18,NASDAQ,2230.72,2261.03,2293.84,2188.81,802105158.0,0.14,8.63,14.24,4.41,57.0,16126.0,3949.0,1.26,107.61,21.0,1019.27,497.65,4316.0,4.83,24.0,33.52,10514.0,1009.43,872.78,2017
2017-05-19,S&P 500,1553.49,1537.89,1589.86,1526.57,866178778.0,9.02,6.13,6.97,0.72,117.0,2840.0,2130.0,1.0,107.68,60.5,1186.15,322.1,5555.0,5.85,45.0,58.47,11816.0,622.31,487.6,2017
2017-05-20,Dow Jones,2695.08,2727.26,2770.44,2677.18,214085083.0,1.95,7.08,6.97,3.79,61.0,6465.0,4221.0,1.05,143.04,70.18,2050.98,322.1,8023.0,1.41,7.0,54.15,12617.0,596.86,500.38,2017
2017-05-21,Dow Jones,2129.98,2161.29,2193.74,2098.54,267165750.0,0.73,2.32,10.68,2.53,53.0,25818.0,677.0,1.04,96.17,76.92,1752.87,488.32,2126.0,7.1,24.0,92.29,14009.0,2180.98,500.38,2017
2017-05-22,S&P 500,3655.3,3612.0,3666.43,3580.25,72552694.0,-0.39,2.32,4.35,9.49,52.0,18499.0,2113.0,1.13,121.14,83.66,1615.48,251.04,7448.0,2.98,3.0,17.05,12283.0,147.39,124.31,2017
2017-05-23,S&P 500,2251.63,2218.52,2272.77,2211.07,616684222.0,3.17,8.36,4.08,0.98,90.0,11523.0,2267.0,1.27,115.07,144.59,1146.94,495.22,9283.0,7.56,32.0,42.25,10914.0,2258.93,1915.3,2017
2017-05-24,NASDAQ,1522.61,1505.55,1526.87,1475.06,332357559.0,5.35,1.38,7.52,3.88,99.0,11523.0,1226.0,1.41,109.0,87.01,1568.52,310.98,5894.0,1.05,2.0,88.5,5620.0,299.92,250.37,2017
2017-05-25,NASDAQ,2570.92,2528.17,2599.45,2494.19,487813508.0,-4.82,3.17,10.49,4.24,73.0,6148.0,3655.0,0.95,108.91,29.43,2236.86,448.35,1586.0,3.47,24.0,63.35,5052.0,1536.34,1313.81,2017
2017-05-26,Dow Jones,3529.57,3544.67,3586.84,3512.51,488447742.0,8.34,4.14,10.49,8.62,52.0,28200.0,2281.0,1.21,126.12,41.17,1094.38,328.9,1446.0,0.03,45.0,22.79,7637.0,1536.34,740.51,2017
2017-05-27,S&P 500,3890.95,3877.13,3904.19,3962.77,441313437.0,-2.5,9.53,4.2,4.04,116.0,26756.0,314.0,1.1,86.87,48.585,859.68,286.48,5081.0,0.03,10.0,38.18,10118.0,1676.66,740.51,2017
2017-05-28,NASDAQ,2541.845,4433.6,4473.37,4413.03,920486571.0,-2.5,9.72,9.42,7.09,113.0,1871.0,4917.0,1.5,107.19,56.0,1107.23,344.14,5829.0,0.03,44.0,58.14,505.0,1676.66,621.34,2017
2017-05-29,Dow Jones,1192.74,1202.37,1229.18,1179.26,902212087.0,1.59,4.03,13.04,5.51,111.0,8837.0,3269.0,0.88,91.0,111.02,2435.87,477.58,1877.0,8.14,24.0,10.22,2415.0,1827.23,1572.11,2017
2017-05-30,NASDAQ,1731.35,1693.02,1770.05,1670.46,604762343.0,3.06,8.62,6.44,4.23,113.0,28031.0,1885.0,1.08,108.84,129.99,1649.43,214.33,1500.0,8.06,43.0,88.0,10550.0,1276.25,1572.11,2017
2017-05-31,Unknown,2039.31,2075.87,2076.57,2007.37,505448007.0,2.45,6.85,3.96,1.86,77.0,1221.0,3800.0,1.27,89.34,68.22,2227.63,495.3,475.0,3.73,24.0,19.31,9392.0,1626.28,1394.64,2017
2017-06-01,NASDAQ,3930.93,3961.16,3980.81,3914.55,443056767.0,2.75,4.14,10.73,1.64,82.0,25369.0,2580.0,1.35,110.66,86.73,1246.11,438.47,9470.0,4.78,23.0,21.44,5057.0,864.51,1394.64,2017
2017-06-02,Dow Jones,4017.06,3981.49,4059.74,3951.81,588235359.0,6.3,0.24,14.19,9.02,67.0,17211.0,1268.0,1.04,92.24,149.15,1151.74,344.94,6462.0,4.78,24.0,62.34,14294.0,1731.32,1468.94,2017
2017-06-03,Dow Jones,1025.52,995.58,1030.37,945.77,92976745.0,8.26,9.37,6.24,1.94,62.0,1126.0,1239.0,1.37,95.735,25.64,1129.17,155.7,2236.0,0.9,0.0,95.5,2802.0,1872.01,1586.39,2017
2017-06-04,Unknown,2833.2,2802.96,2839.57,2801.81,676997974.0,3.16,6.11,14.25,5.25,62.0,4461.0,1662.0,1.43,99.23,37.49,1832.18,395.24,5541.0,0.9,26.0,45.28,4346.0,742.66,593.4,2017
2017-06-05,Unknown,4247.46,4202.13,4267.93,4168.2,634755239.0,5.98,0.78,14.72,6.82,60.0,25968.0,1950.0,1.4649999999999999,110.85,102.62,1166.1,170.26,6638.0,0.9,29.0,30.83,12353.0,1878.09,1572.8,2017
2017-06-06,Dow Jones,3129.17,3175.33,3221.62,3087.98,446739995.0,-2.56,6.08,13.82,10.0,60.0,19249.0,3678.0,1.5,86.3,141.44,1716.1,112.28,4253.0,1.9,6.0,72.69,6093.0,701.43,629.89,2017
2017-06-07,Dow Jones,3815.43,3823.67,3834.74,3769.89,338040054.0,5.09,6.08,12.67,5.64,54.0,10052.0,1719.0,0.89,125.69,74.82,1874.3,316.83,5753.0,8.92,4.0,23.78,6987.0,862.95,741.7,2017
2017-06-08,Dow Jones,3755.755,4876.23,4927.0,4829.07,813687232.0,4.27,3.59,2.55,9.77,104.0,12658.0,1719.0,0.9,90.26,34.9,2151.67,255.53,9287.0,5.9,4.0,88.51,2339.0,753.13,624.08,2017
2017-06-09,Dow Jones,3696.08,3708.76,3733.67,3673.63,789396685.0,2.25,1.86,2.9,2.33,94.0,28194.0,4436.0,0.88,89.94,36.29,2429.04,312.51,4325.0,9.83,7.0,75.71,12789.0,1568.96,1326.52,2017
2017-06-10,S&P 500,1230.59,1235.07,1240.94,1229.7,42991207.0,-4.2,0.49,2.9,2.33,110.0,11293.0,406.0,1.33,82.54,126.91,1770.85,499.24,8822.0,9.83,15.0,46.61,4459.0,1213.91,1043.02,2017
2017-06-11,NASDAQ,4357.35,4315.05,4378.26,4269.87,489809693.0,-2.84,5.03,13.22,5.04,110.0,25058.0,3314.0,1.23,124.18,36.97,2287.32,232.48,9776.0,0.48,21.0,76.48,4526.0,2229.39,1874.84,2017
2017-06-12,S&P 500,3285.04,3321.99,3356.98,3933.805,817949084.0,3.52,2.28,13.22,9.0,81.0,29536.0,623.0,1.24,100.61,38.769999999999996,1353.75,236.85,2760.0,6.17,24.0,92.62,12766.0,649.15,576.4,2017
2017-06-13,S&P 500,3598.04,3601.96,3604.19,3597.74,980399384.0,5.1,5.73,9.12,6.7,103.0,5533.0,3052.0,1.02,124.28,40.57,2379.01,346.31,8632.0,5.58,12.0,76.08,13892.0,1127.31,576.4,2017
2017-06-14,NASDAQ,3951.54,3971.57,3994.38,3915.22,267163433.0,6.32,9.73,14.8,3.57,117.0,25016.0,1266.0,1.16,115.61500000000001,42.370000000000005,2119.48,215.06,2643.0,2.14,23.0,42.92,6821.0,276.91,206.47,2017
2017-06-15,S&P 500,1874.86,1891.26,3555.45,1872.35,178959718.0,6.32,4.26,5.28,3.31,117.0,2753.0,1669.0,1.13,106.95,44.17,1618.19,154.75,719.0,2.14,1.0,50.34,6750.0,1265.55,1087.1,2017
2017-06-16,S&P 500,3085.51,3064.03,3116.52,3040.68,985305565.0,1.15,4.4,3.25,8.42,73.0,18511.0,1255.0,1.33,114.27,50.9,1961.68,399.63,9466.0,1.52,35.0,70.23,7068.0,778.14,660.73,2017
2017-06-17,NASDAQ,3651.085,1083.05,3694.365,1072.82,425629312.0,4.41,8.32,14.43,0.62,89.0,10449.0,317.0,1.175,125.66,65.05,1148.32,126.7,8744.0,7.33,14.0,12.75,10118.0,2248.62,660.73,2017
2017-06-18,Dow Jones,4216.66,4227.06,4272.21,4208.06,515050825.0,8.52,6.12,8.54,5.83,88.0,10449.0,4942.0,1.02,127.33,138.12,879.17,192.83,2732.0,6.94,11.0,74.99,14542.0,723.54,611.42,2017
2017-06-19,S&P 500,3896.12,3846.2,3933.95,3798.37,487813508.0,9.35,6.12,10.78,2.93,82.0,11319.0,1880.0,0.89,134.89,69.44,1233.48,169.14,153.0,4.69,24.0,50.55,1310.0,723.54,335.45,2017
2017-06-20,Dow Jones,2841.43,2865.28,2899.15,2799.67,403923337.0,4.12,2.52,6.33,4.04,96.0,28259.0,662.0,1.38,134.77,110.14,2250.94,169.14,2019.0,2.14,16.0,34.87,541.0,1360.56,1132.02,2017
2017-06-21,NASDAQ,1731.35,1693.02,1770.05,1670.46,604762343.0,3.06,8.62,6.44,4.23,113.0,28031.0,1885.0,1.08,108.84,129.99,1649.43,214.33,1500.0,8.06,43.0,88.0,10550.0,1198.55,1021.01,2017
2017-06-22,NASDAQ,1773.85,1182.66,1236.32,1133.7,487813508.0,3.06,2.9,8.56,1.89,104.0,9347.0,1725.0,1.33,83.35,116.25,2268.77,392.69,2135.0,1.92,44.0,46.94,4586.0,1473.47,1271.66,2017
2017-06-23,S&P 500,1816.35,1771.75,1835.08,1747.47,725054201.0,9.84,2.62,4.9,4.41,87.0,15086.0,2129.0,0.82,134.94,65.15,1686.85,171.81,8960.0,1.57,29.0,53.42,6728.0,1629.04,1351.61,2017
2017-06-24,Dow Jones,1273.76,1235.44,1317.28,1192.34,86910001.0,8.84,7.0,10.44,7.29,117.0,10296.0,4236.0,1.18,113.52,61.98,2385.41,298.72,3033.0,8.75,24.0,66.01,2200.0,1477.74,1260.16,2017
2017-06-25,NASDAQ,4673.71,4633.07,4685.81,4588.73,15508208.0,-1.31,2.51,10.49,2.04,102.0,10043.0,1047.0,1.25,132.94,69.005,2184.25,118.41,7144.0,4.19,14.0,76.67,6325.0,1477.74,1069.05,2017
2017-06-26,S&P 500,3379.39,3369.24,3380.14,3329.66,81465335.0,-3.34,7.06,6.15,6.18,82.0,13868.0,3100.0,1.29,126.93,76.03,2053.08,290.52,1773.0,5.09,47.0,72.23,9498.0,1849.72,1563.22,2017
2017-06-27,NASDAQ,4341.92,4341.36,4382.33,4329.52,458776675.0,8.63,5.81,11.24,2.49,82.0,7945.0,2089.0,1.02,91.78,69.71,1767.45,356.14,3763.0,3.48,24.0,58.3,12866.0,1065.79,920.24,2017
2017-06-28,NASDAQ,2659.3,2676.3,2709.75,2625.89,900285967.0,2.37,9.4,10.89,6.68,100.0,27166.0,547.0,1.255,97.08,107.91499999999999,2470.73,313.32,332.0,8.92,7.0,92.11,1243.0,263.05,220.48,2017
2017-06-29,S&P 500,1912.94,1872.7,1923.68,1835.44,624125424.0,6.2,7.86,10.53,8.46,77.0,4936.0,3449.0,1.49,87.0,146.12,1692.55,425.07,3670.0,3.89,20.0,57.41,9651.0,1496.88,1274.97,2017
2017-06-30,Dow Jones,3846.89,3823.41,3891.68,3172.3950000000004,574245016.0,-1.42,1.47,10.45,2.59,72.0,18118.0,1616.0,1.11,109.5,106.15,1485.98,470.51,9462.0,8.61,49.0,11.93,10615.0,1155.41,981.52,2017
2017-07-01,S&P 500,4530.24,4551.6,4019.2250000000004,4509.35,893788646.0,7.94,3.16,10.23,2.59,94.0,7070.0,1113.0,1.06,120.99,66.18,1170.0,470.51,4584.0,0.35,21.0,50.34,10514.0,265.54,237.89,2017
2017-07-02,NASDAQ,4078.99,4112.85,4146.77,4073.85,975733242.0,4.49,8.38,7.9,1.39,96.0,21619.0,3772.0,1.31,87.18,107.54,1363.495,111.86,1174.0,8.2,5.0,30.21,4922.0,2024.54,1736.41,2017
2017-07-03,NASDAQ,2590.45,2621.91,2669.57,2550.03,334594984.0,-1.56,6.01,7.9,9.77,58.0,26374.0,2072.0,0.86,110.66,148.9,1556.99,181.54,8428.0,1.91,27.0,99.9,13527.0,2025.84,1697.62,2017
2017-07-04,NASDAQ,2719.83,2769.75,2779.62,2709.16,409240366.0,-1.56,4.32,4.02,2.21,77.0,12849.0,2072.0,1.3,80.37,75.47,2185.25,282.79,4444.0,5.95,34.0,88.48,6930.0,670.69,574.67,2017
2017-07-05,Dow Jones,3814.74,3794.73,3858.3,3791.45,272954108.0,8.52,4.32,11.01,6.75,75.0,28231.0,3588.0,1.49,89.67,142.97,2372.94,291.59,5123.0,5.03,37.0,32.2,4239.0,430.82,341.71,2017
2017-07-06,Dow Jones,4682.77,4731.32,4138.389999999999,4678.54,511605558.0,9.4,6.59,10.68,1.87,67.0,21927.0,2328.0,1.39,146.29,109.09,1411.03,229.73,1780.0,9.33,30.0,74.23,12152.0,1654.82,1392.46,2017
2017-07-07,Dow Jones,4349.47,4392.87,4418.48,4321.900000000001,102617488.0,3.53,0.84,9.5,7.36,56.0,17102.0,3350.0,0.92,105.79,92.815,831.12,481.95,2023.0,6.52,35.0,24.96,8677.0,597.56,494.38,2017
2017-07-08,NASDAQ,2756.6,2738.88,2786.41,2730.86,881608400.0,0.65,9.8,12.12,8.8,83.0,17102.0,4896.0,0.98,128.68,76.54,2330.4,330.58,2365.0,6.52,29.0,99.61,7952.0,527.34,464.51,2017
2017-07-09,Dow Jones,3695.02,3650.73,3699.06,3611.37,674425146.0,2.61,8.63,4.9,8.83,83.0,15445.0,109.0,1.15,131.15,104.05,2471.04,237.63,6620.0,2.55,8.0,50.34,9069.0,2226.39,1875.99,2017
2017-07-10,Dow Jones,3161.2,3163.03,3174.49,3152.22,936820340.0,-0.72,6.16,9.92,9.41,95.0,27523.0,3882.0,1.09,87.04,24.53,1840.3,179.85,9047.0,7.98,24.0,8.94,6775.0,2042.87,1722.06,2017
2017-07-11,NASDAQ,1810.53,1798.26,1827.07,1795.67,183411197.0,-0.72,2.55,7.15,6.24,71.0,10719.0,176.0,1.15,91.7,42.67,2128.14,194.15,8221.0,2.48,42.0,59.6,8258.0,227.81,200.32,2017
2017-07-12,S&P 500,3490.52,3521.28,3544.46,3441.4,174076361.0,2.91,9.53,6.67,3.91,118.0,1210.0,176.0,0.8,94.33,132.49,2045.69,298.25,7478.0,5.44,3.0,27.54,668.0,1565.51,1302.31,2017
2017-07-13,Dow Jones,3402.6,3375.35,3439.71,3360.35,487813508.0,2.5,9.53,2.77,6.69,80.0,21986.0,4472.0,0.9,139.61,141.36,2058.68,403.95,6397.0,1.06,32.0,19.37,3586.0,374.42,324.81,2017
2017-07-14,NASDAQ,4533.09,4502.13,4567.1,4485.86,170335615.0,-1.07,3.04,11.44,6.22,112.0,21986.0,3033.0,1.13,149.39,29.27,827.94,139.15,5576.0,1.06,12.0,84.77,4597.0,235.36,197.26,2017
2017-07-15,S&P 500,4383.69,4420.49,4460.7,4343.19,120452230.0,-1.21,1.29,8.33,9.32,112.0,18847.0,1505.0,1.05,129.13,66.18,2216.66,105.87,6449.0,5.41,13.0,85.92,2222.0,385.34,343.28,2017
2017-07-16,Dow Jones,1537.1,1574.57,1582.79,1515.51,484907672.0,-3.9,5.89,7.95,0.79,101.0,18984.0,3357.0,1.45,108.87,103.09,990.54,284.43,5590.0,7.18,43.0,56.18,117.0,756.59,636.66,2017
2017-07-17,Dow Jones,1742.59,1745.29,1755.28,1708.53,718629134.0,-4.36,5.11,11.46,5.23,77.0,23479.0,4488.0,0.97,81.39,101.02,2439.42,402.68,4021.0,1.57,24.0,43.44,10237.0,1329.4,1123.55,2017
2017-07-18,S&P 500,2046.82,2036.18,2082.83,2009.53,690220415.0,3.19,4.95,6.62,2.19,101.0,16160.0,1008.0,1.0,98.22,52.84,1773.585,346.23,4156.0,1.57,21.0,5.67,10101.0,1357.96,1136.74,2017
2017-07-19,NASDAQ,4281.95,4301.34,4308.44,4266.53,216427976.0,-3.85,3.17,10.52,4.8,91.0,10878.0,171.0,1.18,101.8,64.47,1107.75,153.52,5671.0,8.49,24.0,42.09,9590.0,254.47,245.64,2017
2017-07-20,Unknown,1491.68,1445.67,1505.18,1440.22,582570038.0,5.65,1.77,3.51,0.73,91.0,20115.0,2246.0,1.34,122.27,76.1,813.75,213.57,1636.0,9.07,8.0,63.12,10269.0,254.47,1141.46,2017
2017-07-21,S&P 500,1717.01,1707.11,1720.23,1657.53,496597256.0,-3.4,9.32,5.21,3.38,69.0,3655.0,3667.0,1.02,92.98,44.81,1972.55,346.77,9702.0,2.25,20.0,37.62,8057.0,392.15,349.15,2017
2017-07-22,S&P 500,4845.67,2429.785,4922.85,4801.23,99447416.0,1.92,1.9,8.57,7.38,106.0,7184.0,4046.0,0.9450000000000001,121.1,121.05,1503.67,172.49,9625.0,2.25,27.0,7.39,14168.0,1173.2,995.43,2017
2017-07-23,NASDAQ,3127.49,3152.46,3164.58,3085.41,352945265.0,1.92,8.71,8.93,3.43,62.0,21865.0,4046.0,0.87,103.89,21.27,2171.97,475.02,559.0,1.89,40.0,17.19,5599.0,463.13,995.43,2017
2017-07-24,Dow Jones,1619.7,1578.31,1625.07,1573.27,202398856.0,4.51,9.46,6.11,3.9,60.0,6527.0,4145.0,1.37,106.75,37.34,1516.58,475.02,1450.0,6.24,24.0,33.79,9676.0,1902.58,995.43,2017
2017-07-25,Dow Jones,3995.31,3967.89,4034.47,3934.28,987151513.0,4.71,7.46,8.77,7.13,60.0,1743.0,4457.0,1.44,141.78,147.6,2192.48,125.86,4600.0,7.14,15.0,69.34,4424.0,587.66,491.12,2017
2017-07-26,S&P 500,2971.83,2924.27,3007.64,2887.19,757156140.0,-4.17,2.91,8.77,5.24,80.0,25345.0,1325.0,1.11,110.57,36.08,1645.74,234.5,4311.0,8.55,24.0,77.35,14891.0,1672.89,1418.32,2017
2017-07-27,NASDAQ,2542.39,2565.11,2601.13,2493.07,487813508.0,-1.35,3.1,4.51,2.61,100.0,19588.0,3710.0,1.1,96.35,115.72,1695.46,372.64,782.0,0.53,26.0,0.2,11419.0,1716.41,1463.69,2017
2017-07-28,S&P 500,4968.54,4981.01,5012.55,4944.03,346518779.0,2.76,7.51,13.16,6.74,72.0,22610.0,3122.0,1.23,82.13,111.24,2182.99,192.2,8424.0,9.94,15.0,32.95,11419.0,2102.86,1779.15,2017
2017-07-29,NASDAQ,1537.74,1545.48,1566.7,1536.85,27797453.0,4.61,0.51,4.25,9.54,72.0,3217.0,1431.0,0.84,136.42,115.22,1568.05,490.02,2717.0,6.49,45.0,84.02,6673.0,624.48,539.63,2017
2017-07-30,Dow Jones,4257.54,4208.39,4275.97,4185.39,418032813.0,1.93,0.51,14.2,5.195,119.0,17426.0,4011.0,1.46,127.59,26.92,1885.1750000000002,238.19,536.0,6.49,48.0,75.3,2983.0,762.86,625.48,2017
2017-07-31,S&P 500,1284.14,1332.22,1358.69,1262.87,387948199.0,9.82,0.63,14.62,1.63,92.0,6175.0,3370.0,1.23,138.78,67.52,2202.3,179.07,1561.0,6.49,14.0,13.38,12930.0,1970.17,1657.48,2017
2017-08-01,S&P 500,4637.01,4645.03,4678.1,4613.39,930826970.0,-3.51,0.63,13.15,5.4,92.0,29797.0,3924.0,0.97,125.95,31.9,1575.585,212.1,900.0,4.97,34.0,49.04,2041.0,1158.69,1657.48,2017
2017-08-02,S&P 500,4118.07,3395.7749999999996,4144.32,4115.0,260883033.0,-4.72,0.78,8.41,0.57,100.0,10910.0,2967.0,1.12,140.05,44.43,948.87,212.72,2241.0,4.97,36.0,68.74,11243.0,918.57,755.46,2017
2017-08-03,Dow Jones,2142.83,2146.52,2171.2,2973.24,293386540.0,3.95,8.17,4.86,7.35,100.0,10910.0,4794.0,1.03,137.36,56.959999999999994,1000.8,382.76,9318.0,2.59,15.0,75.13,11939.0,1836.8,1550.08,2017
2017-08-04,NASDAQ,1862.96,1894.25,1896.03,1831.48,438678890.0,-2.35,0.45,10.85,7.35,74.0,5958.0,472.0,1.06,105.24,69.49,2414.2,382.76,9318.0,3.25,36.0,31.51,7500.0,578.97,472.61,2017
2017-08-05,NASDAQ,3071.6150000000002,3583.31,3663.6,3555.31,335449388.0,-4.57,7.02,6.72,7.64,63.0,22810.0,1219.0,0.98,130.27,82.02,1311.36,206.26,6037.0,8.65,32.0,45.05,10613.0,2213.24,1843.92,2017
2017-08-06,S&P 500,4280.27,4291.44,4331.545,4257.14,985205694.0,-2.25,5.36,2.87,9.91,60.0,16376.0,451.0,1.12,112.89,47.95,1703.71,365.34,6031.0,9.54,49.0,44.12,10874.0,860.86,710.03,2017
2017-08-07,S&P 500,4961.33,4972.89,4999.49,4939.9,487813508.0,2.78,6.41,13.31,9.91,105.0,12044.0,451.0,1.01,115.94,39.51,1179.39,290.6,9760.0,2.13,38.0,83.04,6367.0,860.86,410.7,2017
2017-08-08,Dow Jones,3796.16,1266.8,1311.03,1217.38,241643266.0,-1.12,8.12,12.37,9.91,110.0,17243.0,451.0,0.94,100.25,122.79,1957.34,290.6,1553.0,2.72,29.0,70.84,3688.0,165.56,126.0,2017
2017-08-09,NASDAQ,2630.99,2589.53,2666.5,2582.05,260665991.0,0.82,4.43,12.37,6.24,56.0,17073.0,476.0,0.84,99.37,129.26,1475.48,402.24,5055.0,5.6,16.0,3.96,7524.0,1664.57,1427.18,2017
2017-08-10,S&P 500,2955.59,3003.24,3051.08,2910.34,788555067.0,8.14,4.29,13.32,8.18,98.0,9516.0,4453.0,0.92,102.305,121.83,1944.84,138.64,7762.0,8.49,12.0,69.99,3340.0,1726.85,1440.3,2017
2017-08-11,NASDAQ,1862.96,1894.25,1896.03,1831.48,438678890.0,-2.35,0.45,10.85,8.18,74.0,5958.0,472.0,1.06,105.24,114.39999999999999,2414.2,138.64,7762.0,3.25,36.0,31.51,7500.0,347.29,285.49,2017
2017-08-12,S&P 500,2267.77,2262.61,2293.33,2225.27,149843801.0,3.85,0.94,7.2,4.61,65.0,2050.0,3113.0,1.09,120.99,106.97,1436.55,303.53,5102.0,1.83,7.0,50.34,2075.0,1813.79,1532.98,2017
2017-08-13,S&P 500,1724.73,1684.08,1729.88,1643.21,370601456.0,2.41,0.34,14.58,7.81,65.0,12168.0,1873.0,1.29,103.11,82.94666666666667,1269.5549999999998,145.19,3963.0,2.26,24.0,40.97,1676.0,225.57,215.04,2017
2017-08-14,S&P 500,1317.12,1274.92,1317.48,1269.21,514953631.0,1.42,6.53,8.75,4.23,69.0,14546.0,2115.0,1.22,149.94,58.92333333333334,1102.56,192.78,951.0,4.66,24.0,97.07,2166.0,1539.76,1294.06,2017
2017-08-15,Dow Jones,1964.98,4876.23,4927.0,4829.07,813687232.0,4.27,3.59,2.55,9.77,104.0,12658.0,2115.0,0.9,90.26,34.9,1033.925,255.53,9287.0,5.9,4.0,88.51,2339.0,1511.48,1274.88,2017
2017-08-16,S&P 500,2612.84,2613.84,2628.64,2573.66,425138592.0,5.23,7.13,4.66,1.29,108.0,16252.0,1351.0,1.16,107.17,22.67,965.29,147.26,1537.0,9.69,22.0,63.69,7779.0,1511.48,562.42,2017
2017-08-17,S&P 500,2261.45,2258.37,2300.5,2658.0899999999997,689766355.0,3.21,7.07,7.55,1.29,108.0,28251.0,1061.0,1.09,116.82,134.76,2419.75,434.81,7063.0,7.97,30.0,14.07,7323.0,502.59,449.35,2017
2017-08-18,S&P 500,2786.91,2752.28,2809.32,2742.5199999999995,483927890.0,-1.45,0.57,10.02,2.23,103.0,28251.0,128.0,1.35,87.48,78.77,2219.84,369.26,7330.0,7.41,24.0,7.68,14662.0,1760.56,1485.82,2017
2017-08-19,Dow Jones,1267.89,1232.17,1293.49,2707.5649999999996,677431810.0,0.45,3.21,6.6,8.32,77.0,3370.0,4113.0,1.01,107.36,57.19,2019.93,264.34,7330.0,3.03,20.0,87.33,4004.0,1111.98,932.66,2017
2017-08-20,S&P 500,2715.78,2675.26,2750.55,2672.61,639755589.0,-4.48,3.21,5.05,4.25,75.0,3259.0,2769.0,0.95,127.24000000000001,25.91,2215.01,131.64,462.0,4.46,34.0,99.78,5583.0,1036.58,904.22,2017
2017-08-21,S&P 500,2247.46,2238.01,2276.93,2191.65,54299306.0,-1.35,3.38,8.68,9.24,101.0,28398.0,985.0,0.9,147.12,121.02,914.96,379.03,6731.0,2.39,37.0,96.81,5425.0,1570.73,1319.9,2017
2017-08-22,NASDAQ,1381.44,2746.3900000000003,1397.68,1327.14,842227808.0,-3.14,9.64,5.59,9.66,115.0,19015.0,2643.0,1.48,114.98,36.83,1404.75,156.72,1657.0,9.65,24.0,77.77,3663.0,1572.52,1328.88,2017
2017-08-23,S&P 500,1749.65,3254.77,1794.91,2525.1899999999996,779928276.0,8.64,7.72,6.78,7.37,52.0,20993.0,800.0,1.15,119.52,89.975,2339.23,464.43,4531.0,0.41,6.0,68.46,9685.0,2292.31,1900.26,2017
2017-08-24,NASDAQ,3769.97,3763.15,3789.81,3723.24,963052845.0,6.16,4.3,7.65,8.55,59.0,18614.0,2793.0,0.82,90.39,143.12,1448.27,476.5,345.0,4.55,44.0,13.51,11544.0,1073.62,898.67,2017
2017-08-25,Dow Jones,3161.12,3183.36,3209.48,3134.49,108751466.0,0.92,7.85,8.84,3.71,109.0,4562.0,2115.0,1.0,143.04,139.01999999999998,2321.02,428.41,6627.0,4.34,10.0,70.13,4345.0,415.89,356.12,2017
2017-08-26,NASDAQ,3262.98,3271.08,3312.78,3255.97,823566558.0,5.76,9.93,5.08,6.01,55.0,13780.0,3019.0,1.42,81.28,134.92,1013.12,464.49,9736.0,8.05,11.0,62.17,3267.0,1989.69,1684.72,2017
2017-08-27,NASDAQ,4955.36,4925.0,4990.85,4901.77,820266741.0,9.84,6.39,11.32,2.56,119.0,6635.0,4281.0,0.95,91.21000000000001,109.55,2441.24,167.06,1166.0,4.93,25.0,52.57,497.0,140.19,1684.72,2017
2017-08-28,Dow Jones,3439.25,3469.41,3511.13,3424.64,725663004.0,-3.68,6.66,13.26,5.61,85.0,29513.0,4799.0,1.05,101.14,89.36,1221.51,167.06,8485.0,8.37,2.0,93.6,3884.0,1543.53,1304.78,2017
2017-08-29,Dow Jones,3002.41,2979.21,3022.34,2978.7,487813508.0,8.1,8.69,4.77,5.84,82.0,13780.0,3413.0,0.82,97.7,61.81,967.24,482.41,5803.0,9.14,24.0,83.82,3007.0,1967.41,1648.62,2017
2017-08-30,S&P 500,1392.03,1370.66,1435.45,1339.31,171283808.0,8.14,1.92,14.74,5.33,63.0,23543.0,2960.0,1.12,104.61,135.72,2212.86,330.48,7683.0,3.0,0.0,21.02,3007.0,1542.65,1283.02,2017
2017-08-31,NASDAQ,3165.5,3156.16,3173.86,3114.14,746993638.0,1.46,5.11,11.97,0.97,110.0,12829.0,440.0,1.28,125.44,102.34,1999.01,226.64,9222.0,5.22,5.0,3.92,8205.0,1441.92,1188.16,2017
2017-09-01,S&P 500,3041.73,3062.49,3096.89,3022.65,88779724.0,1.62,2.96,7.17,1.43,105.0,1725.0,2942.0,0.82,100.6,68.96,1403.91,127.72,7573.0,5.65,16.0,45.69,10250.0,959.54,819.4,2017
2017-09-02,NASDAQ,3346.92,3050.07,3056.29,3017.83,492014024.0,3.51,9.75,11.9,5.49,52.0,15905.0,4074.0,1.2,97.04,91.41,1884.8,421.37,9947.0,6.95,48.0,54.51,6672.0,372.23,819.4,2017
2017-09-03,S&P 500,3652.11,3620.97,3657.35,3611.52,634603552.0,-2.32,1.24,7.02,2.43,81.0,18664.0,4569.0,0.84,86.63,88.05,1810.395,421.37,7853.0,3.84,47.0,15.76,13171.0,2293.46,819.4,2017
2017-09-04,S&P 500,2976.85,2989.2,3005.25,2933.73,327327506.0,-2.96,1.24,7.02,7.28,59.0,27494.0,587.0,1.17,90.14,50.33,1735.99,418.01,9125.0,1.79,10.0,34.42,8255.0,137.6,112.87,2017
2017-09-05,NASDAQ,4285.0,4246.53,4334.32,4206.62,555649136.0,3.57,7.91,14.18,7.28,68.0,27494.0,2687.0,0.92,91.87,94.16,2323.24,483.02,9555.0,5.07,9.0,81.58,8255.0,630.01,565.27,2017
2017-09-06,S&P 500,1805.25,1805.84,1818.47,1803.64,14900306.0,-1.28,7.66,10.02,9.77,56.0,29157.0,4180.0,1.15,107.465,68.72,1535.27,481.53,2640.0,4.36,24.0,51.3,13447.0,1216.32,1056.87,2017
2017-09-07,NASDAQ,4003.08,4018.62,4044.04,3966.64,487813508.0,8.13,7.09,10.32,5.96,69.0,28277.0,678.0,0.98,123.06,98.24,1537.66,415.53,7473.0,9.86,24.0,37.28,11514.0,299.51,268.33,2017
2017-09-08,Unknown,4266.375,2764.24,2802.07,2744.87,512849042.0,-1.36,2.19,4.05,2.0,54.0,10074.0,3596.0,0.83,130.73000000000002,102.51,1365.43,415.53,8690.0,4.88,24.0,71.89,14113.0,624.2,487.0,2017
2017-09-09,S&P 500,4529.67,4507.86,4556.16,4485.889999999999,961746099.0,0.45,8.89,7.98,5.195,118.0,4150.0,4075.0,1.43,138.4,123.72999999999999,1659.63,109.33,9325.0,5.87,24.0,14.04,13086.0,650.65,562.1,2017
2017-09-10,NASDAQ,4797.09,4808.51,4848.43,4785.34,369106174.0,7.38,3.3,14.73,1.04,80.0,14750.0,1239.0,1.06,107.96,144.95,1109.72,328.11,7685.0,8.93,17.0,50.34,2407.0,1218.31,1011.73,2017
2017-09-11,Dow Jones,1532.04,1565.7,1586.9,1505.55,972655848.0,5.23,3.05,2.46,3.17,80.0,3034.0,1108.0,1.19,98.91,60.23,2339.4,112.15,3214.0,5.09,43.0,66.59,12656.0,1572.18,1011.73,2017
2017-09-12,Dow Jones,4878.89,4908.860000000001,4948.34,4837.64,737572576.0,-2.32,8.08,2.94,2.94,103.0,15337.0,1108.0,0.92,99.48,41.99,1861.7,352.7,9677.0,3.67,24.0,58.45,3972.0,1130.84,957.11,2017
2017-09-13,Dow Jones,3093.82,3501.88,3526.69,3061.17,487813508.0,5.59,2.73,6.65,4.24,108.0,4647.0,3640.0,1.25,147.55,39.24666666666667,1730.07,229.38,4415.0,9.45,30.0,41.8,10816.0,565.56,457.18,2017
2017-09-14,NASDAQ,1308.75,1348.25,1380.64,1284.7,406302711.0,6.19,0.72,9.57,6.27,72.0,4173.0,4094.0,0.95,117.13,36.50333333333334,1877.92,229.38,866.0,4.99,24.0,2.54,10816.0,622.78,498.51,2017
2017-09-15,NASDAQ,1281.97,1283.16,1296.86,1248.75,126426523.0,3.75,1.16,12.19,8.72,63.0,9071.0,3061.0,0.9,108.89,33.760000000000005,1553.17,493.78,866.0,3.95,42.0,14.45,5990.0,1836.47,1544.0,2017
2017-09-16,NASDAQ,3925.99,3925.16,3962.47,3906.41,581252400.0,-2.9,1.16,2.58,0.76,77.0,20782.0,3383.0,1.3,131.33,31.016666666666666,1634.65,428.9,4809.0,0.4,24.0,85.25,5990.0,1935.21,1642.29,2017
2017-09-17,NASDAQ,1272.75,1268.3,1320.7,1218.52,902058412.0,0.63,6.3,3.79,0.68,96.0,21156.0,2014.0,1.42,87.3,28.273333333333333,917.49,161.74,1609.0,8.51,30.0,61.97,10196.0,1670.7,1429.42,2017
2017-09-18,Dow Jones,1499.28,1525.9,1558.58,1483.56,289309490.0,8.2,5.77,13.21,4.83,71.0,27754.0,2624.0,0.97,139.04,25.53,2182.33,370.46,658.0,6.41,42.0,72.56,10196.0,1670.7,516.78,2017
2017-09-19,Dow Jones,4058.6,4065.19,4079.73,4043.69,534347974.0,-2.5,0.11,6.16,4.26,66.0,20404.0,3000.0,1.44,111.82,49.06,2106.5,213.78,3046.0,1.73,24.0,80.24,1663.0,450.76,382.36,2017
2017-09-20,NASDAQ,3094.255,2893.01,2904.53,2839.44,169121989.0,-2.5,3.31,8.36,4.44,76.0,20736.0,828.0,1.33,84.6,57.733333333333334,2208.33,434.5,655.0,3.93,24.0,18.46,7490.0,1015.72,872.27,2017
2017-09-21,Dow Jones,2129.91,2131.71,2172.57,2129.17,101580449.0,-0.07,0.45,7.6,8.67,99.0,8042.0,284.0,1.18,139.37,66.40666666666667,1661.91,242.84,7968.0,9.09,18.0,87.55,7490.0,205.5,178.11,2017
2017-09-22,NASDAQ,2855.73,2862.17,2874.45,2834.94,328505418.0,-2.07,1.42,14.32,6.43,103.0,25366.0,122.0,1.08,135.38,75.08,975.83,381.15,5325.0,3.46,27.0,15.96,5396.0,1823.99,1546.41,2017
2017-09-23,S&P 500,4783.0,4778.0,4811.59,4752.36,177779493.0,-2.83,3.6,10.51,2.21,92.0,21814.0,3965.0,1.39,143.0,82.77,2053.46,396.13,7874.0,8.73,12.0,19.74,8938.0,2194.6,1834.8,2017
2017-09-24,S&P 500,3930.8,3894.05,3935.99,3890.42,107846820.0,-2.83,9.11,14.81,4.72,103.0,17281.0,810.0,1.42,148.89,94.1,1226.8,496.22,4280.0,4.72,4.0,48.69,8006.0,2194.6,353.6,2017
2017-09-25,Dow Jones,11674.85,4710.96,4758.85,4649.98,271905808.0,3.82,0.39,2.52,6.01,87.0,18465.0,2618.0,1.36,126.72,124.78,1155.69,489.87,7762.0,2.2,7.0,63.48,3885.0,825.64,695.46,2017
2017-09-26,Dow Jones,4015.47,3989.28,4031.06,3943.12,264176333.0,-0.98,9.3,3.24,9.5,109.0,22767.0,1537.0,1.33,117.16,115.19,2116.83,110.53,120.0,7.5,10.0,31.25,10081.0,129.08,134.82,2017
2017-09-27,S&P 500,1006.26,4404.41,1051.41,965.98,286176050.0,-2.87,9.42,6.51,9.72,64.0,16185.0,3085.0,1.1300000000000001,118.8,100.77333333333333,2487.71,280.46,4860.0,8.76,7.0,50.34,3821.0,868.88,739.17,2017
2017-09-28,S&P 500,4868.14,4819.54,4902.97,4790.08,939886996.0,5.84,0.59,14.96,6.29,94.0,28288.0,4012.0,0.93,145.28,86.35666666666667,1382.55,280.46,5611.0,5.99,35.0,50.34,12647.0,507.57,429.85,2017
2017-09-29,S&P 500,2267.05,2227.71,2297.27,2222.51,418511556.0,-3.94,7.99,6.31,3.27,104.0,2294.0,1797.0,1.23,114.98,71.94,1595.66,216.57,5797.0,0.44,24.0,69.98,238.0,1062.47,898.59,2017
2017-09-30,S&P 500,8800.925,3500.13,3532.15,3453.77,487813508.0,4.88,3.22,13.57,5.195,71.0,7186.0,4221.0,1.19,118.25,97.56,967.28,254.57,2970.0,8.26,31.0,31.63,9873.0,1062.47,624.92,2017
2017-10-01,Dow Jones,2138.17,2164.79,2202.92,2112.76,756303852.0,-0.96,3.66,11.81,0.85,89.0,4234.0,3998.0,0.94,139.94,131.67,956.33,359.35,6450.0,8.43,16.0,3.31,2445.0,933.19,786.06,2017
2017-10-02,NASDAQ,4955.36,4925.0,4990.85,4901.77,820266741.0,9.84,6.39,11.32,2.56,119.0,6635.0,4281.0,0.95,122.57,109.55,2441.24,167.06,1166.0,4.93,25.0,52.57,497.0,1064.16,875.4,2017
2017-10-03,NASDAQ,4854.0,4879.48,4905.43,4840.94,537363965.0,9.84,8.25,7.62,8.29,95.0,6635.0,4945.0,0.8999999999999999,105.2,53.42,1674.57,398.28,7942.0,7.78,46.0,29.2,5192.0,1563.3,875.4,2017
2017-10-04,S&P 500,1760.52,1742.04,1807.64,1718.36,487813508.0,9.84,5.43,5.47,9.67,94.0,11735.0,4579.0,0.85,132.48,119.28,1570.6,232.28,1493.0,8.04,46.0,42.5,3965.0,1161.58,1008.02,2017
2017-10-05,NASDAQ,4323.8,4302.48,4352.58,4286.21,966643407.0,7.23,5.57,9.02,4.54,101.0,20356.0,3061.0,0.92,101.6,70.34,2214.45,132.7,9416.0,2.4,38.0,37.62,834.0,2054.49,1750.21,2017
2017-10-06,NASDAQ,2459.29,2495.22,2530.56,2438.7,271287575.0,9.5,2.97,12.92,9.25,73.0,11256.0,3213.0,1.41,149.77,139.87,1090.63,115.5,4106.0,6.63,28.0,76.35,12871.0,165.26,127.89,2017
2017-10-07,Dow Jones,2129.91,2131.71,2172.57,2129.17,101580449.0,-0.07,0.45,7.6,8.67,99.0,8042.0,284.0,1.18,139.37,30.78,1661.91,242.84,7968.0,9.09,18.0,87.55,14882.0,620.93,504.05,2017
2017-10-08,NASDAQ,2728.08,2749.45,2754.82,2716.17,144137711.0,0.93,6.91,8.72,1.38,99.0,25409.0,4833.0,1.06,107.79,148.95,2364.84,400.02,6190.0,0.96,12.0,91.2,8685.0,530.94,410.82,2017
2017-10-09,Dow Jones,4249.9,4276.94,4298.31,2330.383333333333,727912888.0,5.86,3.15,11.36,5.98,94.0,6566.0,3033.0,1.44,93.61,101.33,1124.72,390.44,5561.0,8.98,32.0,23.83,11911.0,879.15,719.46,2017
2017-10-10,NASDAQ,4567.49,4608.6,4617.6,1944.5966666666668,487813508.0,8.98,1.39,13.86,6.43,86.0,6566.0,1672.0,1.11,89.96,92.43,1339.97,209.73,7703.0,4.58,44.0,49.19,5946.0,826.3,687.54,2017
2017-10-11,Dow Jones,4136.465,1609.26,1612.57,1558.81,208026566.0,8.51,1.71,13.86,3.72,110.0,23095.0,2843.0,1.08,109.66,100.96,1019.5,237.64,8115.0,2.82,48.0,3.43,6113.0,2001.33,1694.03,2017
2017-10-12,NASDAQ,3705.44,3703.64,3746.5,3702.52,995754923.0,-4.65,5.99,5.61,0.63,96.0,23322.0,1830.0,0.91,137.09,82.75,1751.81,274.21,454.0,2.6,30.0,94.54,7233.0,1027.29,890.85,2017
2017-10-13,S&P 500,3686.84,3689.03,3729.16,3686.36,298719964.0,-4.34,5.99,8.14,0.61,80.0,2804.0,4295.0,1.36,89.31,116.04,1101.46,440.71,2942.0,1.23,2.0,53.82,1493.0,1742.17,1509.55,2017
2017-10-14,Unknown,2063.71,2070.3,2101.0,2016.74,979203354.0,0.42,7.49,10.32,0.61,109.0,11570.0,886.0,1.12,97.17,149.33,1218.02,285.97,4054.0,0.12,22.0,66.5,2373.0,1222.98,1038.03,2017
2017-10-15,Unknown,2933.18,2891.05,2957.86,2862.69,487813508.0,8.06,0.34,10.32,0.79,109.0,26432.0,1564.0,0.88,121.81,96.15,1334.58,324.25,9217.0,0.94,42.0,43.19,4859.0,1470.45,1239.5,2017
2017-10-16,S&P 500,3955.47,3937.16,3968.7,3889.39,487813508.0,2.07,4.17,10.39,0.79,78.0,2412.0,1421.0,1.2,148.41,27.29,2122.64,393.63,5359.0,4.51,4.0,52.55,5977.0,1911.31,1621.83,2017
2017-10-17,NASDAQ,1338.75,1369.86,1409.44,1328.97,626570968.0,5.41,2.68,12.75,1.37,99.0,17907.0,2359.0,1.13,118.61,118.55,1467.4299999999998,474.55,823.0,9.36,49.0,98.24,9366.0,1359.23,1179.46,2017
2017-10-18,S&P 500,2770.18,2738.91,2778.64,2709.1,415031931.0,7.84,8.8,7.87,2.44,73.0,23736.0,4645.0,1.19,110.88,60.56,812.22,300.53,380.0,9.36,24.0,88.16,1934.0,1168.75,980.13,2017
2017-10-19,Dow Jones,2788.22,2818.02,2833.85,2774.96,230689263.0,-4.2,9.6,4.95,6.12,104.0,23736.0,187.0,1.18,85.67,128.25,1961.72,174.3,3327.0,6.42,39.0,31.58,11807.0,1086.06,892.2,2017
2017-10-20,S&P 500,3896.12,3846.2,3933.95,3798.37,487813508.0,9.35,9.6,10.78,2.93,82.0,11319.0,1880.0,0.89,134.89,69.44,1233.48,169.14,153.0,4.69,24.0,50.55,1310.0,793.48,688.02,2017
2017-10-21,Dow Jones,3566.02,3566.45,3591.61,3518.07,945419965.0,6.19,8.15,9.01,3.27,113.0,5639.0,316.0,1.33,133.93,84.21,1625.66,355.74,3357.0,4.56,24.0,15.46,7044.0,1743.35,1461.53,2017
2017-10-22,Dow Jones,4153.79,4197.61,4223.62,4139.62,487813508.0,1.52,2.53,4.09,6.42,74.0,22607.0,3721.0,0.96,88.99,47.25,1765.35,423.91,1528.0,7.21,34.0,11.52,4095.0,1420.99,1197.51,2017
2017-10-23,Dow Jones,2248.76,2288.24,2300.94,2204.8,732309230.0,6.79,0.28,9.08,7.42,55.0,13964.0,2157.0,1.07,101.41,96.93,2331.36,257.71,324.0,3.15,11.0,20.87,6845.0,2132.23,1786.81,2017
2017-10-24,NASDAQ,3144.7,2306.9,2346.3,2282.0,523425925.0,1.06,8.61,10.15,7.42,106.0,6495.0,1344.0,1.49,86.42,123.25,2211.4,236.07,2543.0,2.35,22.0,94.34,11979.0,255.45,201.58,2017
2017-10-25,Dow Jones,4040.64,4073.76,4082.57,3993.26,99729741.0,9.26,4.37,7.99,7.72,65.0,6144.0,3114.0,1.28,147.29,87.85,1206.0,349.26,4729.0,2.69,14.0,50.34,1489.0,2244.56,1898.61,2017
2017-10-26,S&P 500,3401.01,2534.67,3403.1600000000003,3382.15,597766892.0,4.64,0.75,13.43,7.15,103.0,19367.0,2325.0,1.49,106.22,52.28,2426.66,442.96,3174.0,1.63,1.0,15.2,2391.0,787.67,683.68,2017
2017-10-27,Dow Jones,1025.52,995.58,1030.37,945.77,92976745.0,8.26,9.37,6.24,1.94,62.0,1126.0,1239.0,1.37,97.945,25.64,1129.17,155.7,2236.0,0.9,0.0,95.5,2802.0,1909.79,1610.77,2017
2017-10-28,Dow Jones,3814.74,3794.73,3858.3,3791.45,272954108.0,8.52,9.37,11.01,6.75,75.0,28231.0,3588.0,1.49,89.67,142.97,2372.94,291.59,5123.0,5.03,37.0,32.2,4239.0,1355.56,1151.56,2017
2017-10-29,NASDAQ,2889.97,2857.89,2933.65,2809.6,759198199.0,-4.38,1.14,3.32,1.63,85.0,28237.0,572.0,1.4,137.42,79.22,2316.64,190.63,3004.0,8.46,46.0,47.11,4286.0,119.22,72.81,2017
2017-10-30,NASDAQ,1717.42,1748.57,1789.23,1702.62,107729248.0,1.87,6.97,10.0,4.14,54.0,16647.0,2998.0,1.34,95.65,110.92,1706.55,181.24,2963.0,4.69,28.0,50.34,4354.0,2083.97,1738.27,2017
2017-10-31,S&P 500,2173.96,2213.29,2224.03,2168.16,747310003.0,2.76,9.95,7.75,4.89,94.0,7021.0,2998.0,1.24,100.84,47.76,1293.03,485.08,1556.0,2.01,30.0,84.83,1753.0,2227.73,1864.31,2017
2017-11-01,Dow Jones,2188.95,2154.12,2218.42,2140.77,871961954.0,2.76,6.47,12.07,0.51,94.0,22513.0,1908.0,1.1,102.4,45.43333333333333,1956.95,348.48,8938.0,4.57,6.0,12.56,12122.0,1639.11,1389.54,2017
2017-11-02,NASDAQ,2024.77,2066.76,2109.27,2013.43,891321824.0,-4.43,0.64,7.8,1.06,95.0,11373.0,1996.0,1.06,103.96,43.10666666666667,1621.92,275.09,9405.0,3.16,10.0,80.69,4865.0,544.98,481.67,2017
2017-11-03,Unknown,4582.76,4540.61,4594.77,4513.61,963348499.0,4.59,6.01,9.08,6.81,83.0,2381.0,4629.0,1.31,96.63,40.78,1647.03,180.15,335.0,2.72,4.0,80.95,7695.0,544.98,169.91,2017
2017-11-04,NASDAQ,4314.84,4314.88,4337.1,4280.45,411180566.0,5.79,2.08,6.78,1.27,84.0,18575.0,3677.0,1.165,144.68,32.915,817.76,440.97,5998.0,2.48,33.0,45.69,7022.0,531.36,451.38,2017
2017-11-05,NASDAQ,1999.83,2046.84,2080.65,1979.16,100658278.0,8.53,3.43,5.71,8.17,89.0,23909.0,2455.0,1.02,128.6,25.05,2348.34,316.69,9721.0,9.62,24.0,44.43,9943.0,630.84,557.22,2017
2017-11-06,S&P 500,2678.51,2696.24,2734.0800000000004,2633.85,517809270.0,-3.37,5.96,7.89,2.87,93.0,25446.0,2455.0,1.06,147.25,27.2,2268.9700000000003,103.5,3056.0,5.21,19.0,41.66,11650.0,224.47,178.46,2017
2017-11-07,S&P 500,2160.18,2158.71,2165.58,2111.78,986317000.0,3.59,7.46,8.57,3.33,88.0,6325.0,3227.0,0.84,117.48,29.35,2189.6,265.48,2604.0,5.29,24.0,42.69,10080.0,915.03,758.06,2017
2017-11-08,S&P 500,1828.3,2078.7566666666667,1830.01,1805.68,65683707.0,-0.56,4.19,14.38,8.1,52.0,852.0,1513.0,1.46,116.825,31.5,1557.96,201.04,3248.0,8.74,11.0,50.34,7833.0,130.99,83.31,2017
2017-11-09,S&P 500,3710.13,1998.8033333333333,3717.45,3702.39,468774851.0,6.21,4.16,13.45,6.36,72.0,25377.0,1513.0,1.39,116.17,44.59,1290.37,475.02,8824.0,7.26,10.0,30.32,1012.0,1048.77,914.52,2017
2017-11-10,S&P 500,1904.12,1918.85,1961.9,1865.05,614452879.0,3.39,7.13,5.22,9.14,97.0,6371.0,2094.0,1.5,100.44,110.33,1226.55,298.6,8824.0,5.9,28.0,0.75,4493.0,707.94,622.0,2017
2017-11-11,NASDAQ,4788.36,4832.01,4860.58,4775.469999999999,977829045.0,0.62,0.86,9.32,6.61,86.0,12327.0,1651.0,1.31,92.5,146.54,1236.83,298.6,7824.0,6.08,2.0,41.52,1327.0,567.84,476.64,2017
2017-11-12,S&P 500,1928.07,4098.530000000001,1980.64,1889.02,763842768.0,0.62,0.73,2.98,4.9,73.0,22776.0,913.0,1.38,88.65,103.87,1779.77,331.31,697.0,7.67,26.0,56.77,13160.0,102.69,80.5,2017
2017-11-13,NASDAQ,8453.025,3365.05,3390.8,3345.22,264893638.0,2.76,7.9,2.76,2.83,114.0,2510.0,555.0,1.37,97.16,91.46,1145.5,499.81,2058.0,2.69,30.0,68.22,7858.0,257.46,190.86,2017
2017-11-14,NASDAQ,4225.61,4225.85,4273.28,4182.55,305825400.0,8.72,6.84,12.08,7.85,119.0,21766.0,860.0,1.36,105.78,143.94,1087.12,358.04,3724.0,7.91,45.0,0.31,4968.0,1948.47,1638.35,2017
2017-11-15,Dow Jones,1878.22,1892.64,1893.58,1839.63,732215727.0,5.48,0.65,5.78,5.65,81.0,13736.0,2120.0,1.08,104.52,101.48,2272.14,360.94,8665.0,0.43,32.0,14.47,4968.0,1263.69,1081.68,2017
2017-11-16,NASDAQ,3802.45,3812.96,3819.77,3754.5,170834799.0,1.88,1.78,11.43,9.6,80.0,15658.0,2255.0,0.99,104.38,100.77,871.71,226.83,7516.0,0.43,17.0,23.31,5019.0,2048.74,1081.68,2017
2017-11-17,S&P 500,4520.63,4481.2,4541.23,4431.27,396437855.0,2.98,5.6,14.96,7.53,101.0,7898.0,4183.0,1.17,113.515,24.7,888.27,195.92,7516.0,5.26,15.0,98.49,6545.0,1728.42,1435.04,2017
2017-11-18,NASDAQ,2666.02,2629.01,2688.47,2598.58,844299471.0,6.02,9.91,9.09,4.69,101.0,5126.0,4387.0,1.1,122.65,83.7,2118.05,359.28,2648.0,2.66,17.0,68.95,8609.0,970.58,847.04,2017
2017-11-19,S&P 500,1474.58,1486.49,1498.74,1454.55,731579272.0,-3.52,6.76,14.7,1.49,93.0,29981.0,2651.0,0.84,118.69,133.68,1618.72,119.86,7631.0,0.81,29.0,69.28,12298.0,2161.7,1819.07,2017
2017-11-20,NASDAQ,3898.39,3873.02,3917.79,3843.88,161562377.0,5.78,6.76,14.33,2.78,74.0,15501.0,2928.0,0.9099999999999999,145.67,99.2,1599.37,190.95,9779.0,6.78,24.0,79.63,14812.0,1705.97,1450.35,2017
2017-11-21,Dow Jones,3310.05,4502.48,4514.53,4480.29,812175360.0,3.53,4.27,8.05,8.4,95.0,18180.0,3560.0,0.98,87.51,87.965,2315.59,225.71,1862.0,6.78,24.0,34.37,2294.0,1705.97,1043.65,2017
2017-11-22,Dow Jones,2721.71,2726.68,2775.73,2702.87,261069967.0,3.53,0.9,3.27,3.35,92.0,26204.0,2136.0,1.33,129.53,76.73,1528.31,303.53,8532.0,0.87,31.0,12.57,1245.0,332.4,259.0,2017
2017-11-23,S&P 500,3266.42,2131.325,3316.18,3215.54,355110270.0,6.76,8.62,12.88,7.53,68.0,26204.0,1345.0,1.0,145.03,89.56,838.08,369.44,564.0,4.82,34.0,22.18,10978.0,177.9,134.85,2017
2017-11-24,S&P 500,1493.8,1535.97,1582.85,1463.82,405411369.0,0.49,6.09,13.7,3.4,119.0,8957.0,2392.0,1.39,107.33,102.39,1785.84,300.49,7447.0,7.04,29.0,65.95,1469.0,662.69,566.51,2017
2017-11-25,NASDAQ,1537.74,1545.48,1566.7,1536.85,27797453.0,4.61,0.51,4.25,9.54,119.0,3217.0,1431.0,0.84,136.42,115.22,1568.05,490.02,2717.0,6.49,45.0,84.02,6673.0,1904.06,1588.7,2017
2017-11-26,S&P 500,4716.58,1396.22,4730.86,4671.87,881870954.0,-4.07,6.55,6.17,0.72,99.0,563.0,1257.0,0.84,129.91,107.12,1261.16,164.92,4704.0,6.72,7.0,53.46,5050.0,1719.62,1473.65,2017
2017-11-27,NASDAQ,1231.38,1246.96,1259.56,1216.04,37742450.0,3.44,6.77,5.67,2.68,110.0,2420.0,2937.0,1.18,100.21,83.84,1478.87,157.14,8904.0,3.55,48.0,50.34,5217.0,2254.16,1926.06,2017
2017-11-28,S&P 500,4904.06,4889.51,4945.48,4864.73,302590181.0,3.44,9.86,7.65,2.97,109.0,5307.0,3510.0,1.34,110.71,70.9,922.64,318.06,2506.0,7.5,39.0,95.8,1394.0,310.52,257.01,2017
2017-11-29,S&P 500,4621.2,4663.62,4664.06,4616.96,250380148.0,3.44,5.29,12.65,5.195,71.0,25706.0,841.0,1.43,111.15,72.16,1906.07,340.14,9846.0,7.5,2.0,23.58,14282.0,2222.24,1886.04,2017
2017-11-30,Dow Jones,2600.85,2555.7,2644.35,2545.03,762821322.0,7.75,3.33,14.95,9.35,74.0,21203.0,3644.0,0.97,85.04,57.61,898.36,250.62,7635.0,8.42,29.0,35.07,6357.0,792.92,649.26,2017
2017-12-01,S&P 500,2189.15,2174.79,2194.19,2154.08,512775599.0,1.84,1.34,14.36,9.45,53.0,27303.0,4951.0,1.15,84.27,122.56,1672.39,219.18,4853.0,8.42,25.0,31.24,6357.0,792.92,1470.55,2017
2017-12-02,Dow Jones,1959.5,1939.6,1968.56,1924.11,631418391.0,-3.55,7.84,14.36,0.57,75.0,11014.0,3398.0,1.03,106.46,44.7,2306.65,104.7,9489.0,1.77,24.0,52.73,14581.0,1915.24,1587.3,2017
2017-12-03,NASDAQ,1281.97,1283.16,1296.86,1248.75,126426523.0,3.75,1.16,12.19,8.72,63.0,9071.0,3061.0,0.9,108.89,44.376666666666665,1553.17,493.78,9489.0,3.95,42.0,14.45,5990.0,389.26,360.64,2017
2017-12-04,S&P 500,1167.66,1203.25,1233.2,1119.74,29461914.0,3.75,9.73,11.87,5.48,59.0,18788.0,2502.0,1.04,109.51,44.053333333333335,2028.81,119.08,3059.0,7.95,47.0,78.26,11833.0,814.08,678.82,2017
2017-12-05,S&P 500,3626.52,3592.77,3672.53,3578.37,138496843.0,2.22,8.85,11.99,1.4,100.0,18292.0,4904.0,0.88,145.16,43.73,1746.78,141.6,4697.0,6.87,47.0,22.77,5295.0,2012.73,1700.97,2017
2017-12-06,S&P 500,4331.72,4282.09,3276.8500000000004,4238.39,810157672.0,3.18,8.85,4.75,6.86,81.0,28968.0,2298.0,0.88,137.49,134.56,1672.24,369.31,1475.0,7.64,24.0,50.34,11549.0,1141.37,943.13,2017
2017-12-07,S&P 500,2838.66,2860.6,2881.17,2827.6,473696360.0,2.76,4.49,2.14,8.61,94.0,16317.0,1799.0,1.37,122.19,142.27,1728.3400000000001,313.64,7522.0,5.09,47.0,22.91,10241.0,1475.3,1209.49,2017
2017-12-08,S&P 500,3716.27,3717.06,3759.97,3678.32,396303561.0,-3.76,1.71,8.09,9.09,63.0,28690.0,4819.0,1.15,96.49,70.2,1784.44,322.81,6319.0,3.79,7.0,49.8,1750.0,866.89,726.26,2017
2017-12-09,Dow Jones,3295.46,3344.17,3356.88,3258.8,496214753.0,5.38,4.54,5.01,2.89,88.0,28626.0,998.0,1.48,123.41,100.58,2426.02,335.83,4189.0,4.26,38.0,38.41,12669.0,223.67,216.58,2017
2017-12-10,Dow Jones,1597.0,1582.06,1620.83,1581.56,186642019.0,-4.51,4.99,12.72,8.42,92.0,1168.0,401.0,1.02,128.19,130.2,2425.98,279.95,7640.0,6.93,24.0,58.84,4846.0,223.67,216.58,2017
2017-12-11,NASDAQ,2193.09,2191.33,2229.67,2165.72,62295595.0,6.18,4.11,12.43,1.33,65.0,21209.0,327.0,1.14,128.67,119.76,1233.19,158.49,6017.0,5.51,24.0,50.34,4846.0,220.78,214.85,2017
2017-12-12,NASDAQ,2418.91,2440.95,2484.62,2417.08,143062233.0,5.97,0.14,11.42,0.96,103.0,21673.0,4448.0,1.29,139.86,39.76,1884.14,101.28,3276.0,5.58,2.0,16.06,12072.0,1405.69,1205.32,2017
2017-12-13,NASDAQ,4464.41,4492.81,4538.91,3259.9,799331226.0,-4.08,1.39,11.42,7.2,71.0,20336.0,4252.0,1.29,81.19,42.86,2002.8,318.29,581.0,9.78,17.0,75.35,5925.0,1405.69,1190.3,2017
2017-12-14,NASDAQ,4184.97,4141.46,4210.97,4102.72,784521373.0,-1.34,0.2,12.49,5.42,116.0,28003.0,4252.0,1.08,97.16,45.96,2237.06,154.86,1922.0,6.37,26.0,40.31,6389.0,473.58,417.38,2017
2017-12-15,NASDAQ,3701.82,3689.16,3709.91,3656.27,725252664.0,-0.08,9.13,13.01,9.69,117.0,5910.0,2520.0,0.87,142.23,49.06,1615.33,263.04,8393.0,2.22,30.0,87.67,10840.0,1333.89,417.38,2017
2017-12-16,Dow Jones,3321.87,3342.27,3389.52,3272.57,595559630.0,-0.98,1.67,5.95,9.69,101.0,4636.0,310.0,1.3,109.84,145.72,842.58,491.0,8358.0,5.87,38.0,75.2,1694.0,1450.34,1244.89,2017
2017-12-17,NASDAQ,1559.95,1550.42,1578.47,1544.81,580274450.0,8.03,0.73,2.81,5.195,58.0,11636.0,604.0,1.16,88.64,36.33,2414.97,363.79,1139.0,7.82,22.0,12.96,1798.0,408.23,324.84,2017
2017-12-18,S&P 500,1872.83,1871.34,1892.31,1824.31,487813508.0,8.03,8.37,2.81,1.21,68.0,20482.0,4153.0,1.4,103.21,100.46,1035.18,373.45,700.0,6.24,3.0,56.29,11740.0,280.86,231.25,2017
2017-12-19,S&P 500,1497.47,1497.53,1513.31,1494.53,35234482.0,0.79,9.97,8.35,9.05,68.0,18527.0,633.0,1.39,95.01,139.78,1578.92,290.92,9842.0,6.45,24.0,38.07,2289.0,195.89,136.49,2017
2017-12-20,S&P 500,3320.36,3314.63,3355.12,3308.12,286007631.0,6.85,9.97,7.12,1.35,80.0,7357.0,2639.0,1.38,94.55,91.56,1860.98,266.76,2760.0,0.43,24.0,44.1,10381.0,195.89,1494.37,2017
2017-12-21,S&P 500,4435.06,4410.92,4460.12,4366.01,705379165.0,2.76,9.38,9.72,7.12,95.0,2307.0,3807.0,1.26,87.59,120.92,1336.04,216.87,7265.0,1.0,10.0,34.25,8496.0,1421.84,1494.37,2017
2017-12-22,NASDAQ,2041.15,2024.37,2084.82,1993.99,857325709.0,2.76,9.86,2.04,7.12,78.0,5582.0,4961.0,0.99,102.46,126.06,1788.29,195.5,8105.0,6.61,29.0,73.78,11925.0,1421.84,1796.31,2017
2017-12-23,Dow Jones,2395.33,2366.2,2419.65,2324.81,328335289.0,8.9,2.12,4.05,7.48,70.0,26797.0,2667.0,1.05,131.61,98.56,1883.99,256.52,3471.0,5.53,3.0,47.12,8374.0,2300.43,1898.29,2017
2017-12-24,S&P 500,4464.14,2342.505,4521.31,4435.4,591307249.0,5.65,8.4,6.94,6.1,68.0,2962.0,2918.0,1.34,106.66,68.53,1401.19,162.75,8656.0,9.19,39.0,7.64,5055.0,1439.22,1218.33,2017
2017-12-25,S&P 500,2325.41,2318.81,2339.14,2814.6349999999998,825528542.0,9.95,3.81,14.32,3.89,103.0,21580.0,4689.0,1.18,132.04,148.15,2139.68,182.27,5829.0,8.42,23.0,63.73,10013.0,1801.22,1548.27,2017
2017-12-26,NASDAQ,1202.29,1229.41,1276.94,1193.87,396482711.0,6.74,0.86,8.57,0.58,116.0,27236.0,406.0,1.065,135.31,128.85,1923.5,236.66,7197.0,9.22,24.0,74.14,11996.0,1733.52,1548.27,2017
2017-12-27,NASDAQ,4955.36,4925.0,4990.85,4901.77,820266741.0,9.84,6.39,11.32,2.56,119.0,6635.0,4281.0,0.95,118.375,109.55,2441.24,167.06,1166.0,4.93,25.0,52.57,497.0,780.98,631.98,2017
2017-12-28,NASDAQ,1017.45,986.11,1019.19,950.33,895413349.0,9.84,9.53,13.2,2.69,56.0,7775.0,3006.0,1.37,101.44,114.375,916.53,231.58,4352.0,5.87,24.0,3.05,11773.0,686.92,549.13,2017
2017-12-29,NASDAQ,1570.23,1617.3,1646.83,1526.09,153908531.0,9.36,2.23,10.04,3.67,95.0,29641.0,3511.0,1.41,134.08,119.2,1162.11,457.38,7197.0,1.49,43.0,76.5,6245.0,959.3,817.42,2017
2017-12-30,NASDAQ,3538.98,3572.14,3607.26,3045.1549999999997,895894840.0,5.87,0.53,7.73,4.78,57.0,29641.0,3666.0,1.3,113.2,79.96,2265.4,278.98,7197.0,4.43,24.0,50.34,9812.0,959.3,1856.99,2017
2017-12-31,NASDAQ,4607.76,4629.52,4659.24,4564.22,595758115.0,1.76,5.72,4.84,7.06,65.0,25580.0,2035.0,1.2966666666666666,117.02,62.73,1137.86,422.76,4153.0,7.98,24.0,65.05,8385.0,194.33,143.3,2017
2018-01-01,S&P 500,1466.33,1449.16,1475.35,1431.1999999999998,218462476.0,6.58,2.31,3.01,3.16,95.0,27226.0,1946.0,1.2933333333333334,117.08,66.62,1727.18,192.97,4731.0,3.96,30.0,70.91,9265.0,885.52,741.62,2018
2018-01-02,NASDAQ,4432.09,4415.0,4443.7,4412.82,816273870.0,2.03,3.26,5.6,0.76,86.0,1946.0,230.0,1.29,104.93,70.51,1389.12,185.4,7811.0,8.87,38.0,43.75,1052.0,1983.74,1668.84,2018
2018-01-03,Dow Jones,2255.87,2274.0,2289.43,2255.48,8408040.0,0.4,5.05,11.46,1.18,81.0,1946.0,341.0,1.14,134.25,83.45,2248.72,260.22,6851.0,8.04,33.0,92.69,703.0,1335.45,1668.84,2018
2018-01-04,Dow Jones,10725.35,4271.31,4332.51,4247.67,112557095.0,9.05,9.53,7.08,5.02,50.0,8858.0,2915.0,0.975,96.86,137.66,2478.66,354.78,1873.0,6.08,11.0,27.12,10009.0,725.68,589.02,2018
2018-01-05,NASDAQ,2614.4,2580.49,2627.24,2557.83,424603191.0,-4.63,4.71,7.94,2.08,76.0,12951.0,955.0,0.81,102.12,98.82,2217.49,290.1,1585.0,8.68,3.0,40.55,10009.0,1330.89,1111.45,2018
2018-01-06,Dow Jones,4638.51,4685.18,4734.11,4602.62,880713113.0,8.88,7.93,3.51,9.84,102.0,12951.0,1407.0,1.2,93.78,59.98,2423.04,272.99,4736.0,7.71,23.0,69.01,7632.0,1025.62,852.17,2018
2018-01-07,S&P 500,1535.31,1556.84,1589.61,1502.5,159027849.0,4.68,1.3,14.27,1.52,100.0,713.0,731.0,1.25,119.01,67.315,2451.18,341.48,3589.0,8.37,14.0,50.59,7632.0,2056.8,1738.37,2018
2018-01-08,S&P 500,2516.16,2486.12,2534.81,2472.55,353454044.0,3.12,9.11,5.12,5.195,102.0,16669.0,3312.0,0.85,148.11,74.65,1215.78,318.55,4694.0,8.37,27.0,40.41,4269.0,1957.31,1631.57,2018
2018-01-09,Dow Jones,2737.61,2705.46,2752.17,2663.08,678843150.0,0.61,2.78,9.52,2.37,60.0,25085.0,3312.0,0.88,90.88,45.11,2027.99,125.18,173.0,4.34,5.0,50.34,4269.0,2169.9,1822.28,2018
2018-01-10,NASDAQ,3407.23,3400.25,3453.34,3364.64,952425544.0,2.76,8.33,12.6,4.9,71.0,11531.0,3156.0,0.91,87.61,100.64,983.83,236.56,6025.0,1.04,35.0,59.14,11582.0,2181.25,1846.52,2018
2018-01-11,NASDAQ,3154.81,3124.31,3188.96,3088.39,430682626.0,-0.52,3.6,2.7,7.94,110.0,2538.0,4827.0,1.14,99.0,92.27,1015.96,404.75,1342.0,3.37,24.0,75.1,11582.0,1319.36,1086.56,2018
2018-01-12,Dow Jones,1284.03,1328.87,1356.59,1275.54,440142915.0,2.27,8.14,10.86,9.76,62.0,4355.0,105.0,1.41,92.04,137.35,1348.575,497.2,2146.0,9.37,19.0,77.33,5993.0,1953.28,1651.02,2018
2018-01-13,S&P 500,1707.59,1705.89,1733.53,1433.995,549295154.0,-3.32,5.02,10.64,3.49,92.0,25601.0,2859.0,1.26,112.42,111.92,1681.19,339.56,298.0,4.78,24.0,99.95,9546.0,1698.58,1651.02,2018
2018-01-14,NASDAQ,3312.005,1675.49,1679.29,1592.45,826189157.0,9.33,6.11,14.05,2.46,93.0,16686.0,4601.0,0.96,105.76,43.24,854.37,339.56,4412.0,4.78,24.0,61.76,6625.0,1979.95,1655.6,2018
2018-01-15,NASDAQ,4916.42,4964.89,2014.34,4889.72,136723587.0,5.24,6.11,13.94,2.46,90.0,2153.0,2931.0,0.97,117.53,37.01,2080.94,422.2,5607.0,7.04,9.0,5.53,4589.0,1979.95,1655.6,2018
2018-01-16,Dow Jones,2320.86,2272.06,2349.39,2245.44,683933050.0,6.83,1.08,13.94,3.48,52.0,14080.0,4952.0,1.46,124.34,120.99,1219.02,426.05,5933.0,7.04,7.0,50.34,3009.0,2143.88,1797.82,2018
2018-01-17,Unknown,4102.45,4056.1,4145.58,4008.46,578975920.0,1.28,3.43,13.72,7.44,81.0,19858.0,2522.0,1.37,113.66,93.4,803.6,338.95,2402.0,8.5,22.0,9.75,6761.0,1808.95,1499.88,2018
2018-01-18,Dow Jones,3821.84,3776.87,3828.58,3769.97,598919644.0,6.4,7.62,9.08,7.44,64.0,13828.0,2320.0,0.92,117.68,65.81,1790.62,125.54,1497.0,8.64,32.0,26.0,9437.0,1023.12,836.41,2018
2018-01-19,S&P 500,3021.82,2976.75,3028.5,2955.95,487813508.0,1.9,9.32,2.72,5.61,95.0,24546.0,4410.0,1.21,124.45,145.49,1839.24,338.32,6350.0,1.35,27.0,43.01,10472.0,1289.98,1099.38,2018
2018-01-20,S&P 500,2572.59,2559.36,2614.61,3111.0,327801348.0,8.22,5.78,6.63,2.53,104.0,28980.0,3470.0,1.48,106.17,87.84,2036.79,428.08,4264.0,2.31,38.0,57.2,5278.0,1038.9,872.83,2018
2018-01-21,Dow Jones,3307.93,3286.28,3312.86,3266.05,613703698.0,-4.69,7.11,2.8,4.59,114.0,14918.0,4479.0,1.305,97.02,106.66,1166.23,298.36,2848.0,1.93,42.0,87.3,8707.0,1038.9,1417.59,2018
2018-01-22,Dow Jones,2394.69,3420.54,3477.61,3399.79,367310549.0,3.66,4.1,4.56,4.59,94.0,15703.0,2114.0,1.13,149.56,148.17,1678.63,298.74,2848.0,1.93,20.0,70.75,5171.0,1997.53,1695.0,2018
2018-01-23,S&P 500,1481.45,1484.2,1502.41,1464.44,477628160.0,6.27,8.29,14.33,3.69,97.0,20362.0,298.0,1.48,125.73,26.29,889.34,229.96,1859.0,6.91,11.0,50.34,11219.0,2273.57,1946.38,2018
2018-01-24,Dow Jones,1402.55,3165.385,1459.94,1360.95,218426967.0,0.57,5.95,6.64,3.69,104.0,24563.0,2900.0,0.86,133.59,90.11,2347.75,235.94,5487.0,8.39,24.0,84.18,7673.0,542.41,442.2,2018
2018-01-25,S&P 500,4869.08,4846.57,4876.56,4798.37,200147352.0,-3.29,1.84,7.1,2.36,84.0,13219.0,1253.0,0.97,141.88,34.73,1661.79,478.97,1414.0,7.9,24.0,26.9,6118.0,818.28,692.5,2018
2018-01-26,NASDAQ,2855.73,2862.17,2874.45,2834.94,328505418.0,-2.07,1.42,14.32,6.43,103.0,25366.0,122.0,1.08,135.38,75.08,975.83,381.15,5325.0,3.46,27.0,15.96,5396.0,1474.57,1240.45,2018
2018-01-27,NASDAQ,2663.27,2635.79,2664.28,2586.26,976094289.0,-4.04,2.43,10.19,2.6,73.0,3997.0,819.0,1.36,125.33,89.84,1364.65,247.68,3968.0,8.47,12.0,97.86,5396.0,483.9,391.53,2018
2018-01-28,Dow Jones,2837.06,2851.93,2867.12,2813.6,519567266.0,3.28,4.31,10.19,3.16,107.0,24813.0,4694.0,0.86,142.31,103.44,2371.12,227.25,4048.0,0.9,28.0,52.96,6466.0,1385.94,1163.82,2018
2018-01-29,S&P 500,1809.02,1857.02,2518.855,1769.52,525502241.0,4.93,9.03,12.24,3.79,115.0,3317.0,1934.0,1.2,137.43,103.43,1432.21,114.55,8700.0,3.57,11.0,45.84,1646.0,1021.89,845.9,2018
2018-01-30,S&P 500,2107.26,2128.23,2170.59,2097.27,528736760.0,-1.51,4.91,12.24,7.4,115.0,19910.0,4212.0,0.99,104.59,47.79,1469.04,403.98,8700.0,1.06,20.0,7.46,8076.0,1541.32,1311.94,2018
2018-01-31,NASDAQ,2519.92,1806.2150000000001,2559.43,2514.97,345745807.0,6.14,9.37,9.25,4.52,57.0,6525.0,1337.0,0.93,119.94,37.04,906.55,406.39,5740.0,2.63,27.0,14.47,8585.0,334.18,261.12,2018
2018-02-01,S&P 500,1481.45,1484.2,1502.41,1464.44,477628160.0,6.27,8.29,14.33,3.69,97.0,20362.0,298.0,1.48,125.73,26.29,889.34,229.96,1859.0,6.91,11.0,50.34,11219.0,707.13,567.35,2018
2018-02-02,Dow Jones,2546.83,2560.16,2605.38,2534.47,133317847.0,7.77,8.29,9.97,0.77,92.0,24467.0,1886.0,1.5,97.2,77.19,2236.99,413.14,877.0,8.61,7.0,36.46,1305.0,2193.3,1837.9,2018
2018-02-03,S&P 500,2232.145,2582.94,2656.99,2555.82,102771487.0,2.19,4.49,12.18,8.18,103.0,8328.0,2366.0,1.48,104.13,33.97,1629.2849999999999,145.75,6411.0,7.54,47.0,63.53,3100.0,1038.49,895.84,2018
2018-02-04,S&P 500,1917.46,2261.725,1933.58,1887.3,831156966.0,3.45,2.52,4.37,6.64,73.0,3140.0,1584.0,1.18,146.25,29.86,1021.58,499.42,245.0,9.61,24.0,4.9,2683.0,289.71,895.84,2018
2018-02-05,Unknown,1969.41,1940.51,1999.02,1898.37,154879409.0,-4.83,9.81,11.7,8.5,97.0,27832.0,4552.0,1.19,100.98,94.66,1164.24,437.35,8846.0,3.29,24.0,79.72,5270.0,836.0,895.84,2018
2018-02-06,Dow Jones,3461.19,3459.39,3473.3,3432.95,62531772.0,0.64,9.28,14.6,1.69,68.0,21532.0,655.0,1.46,127.6,39.45,1008.5,451.02,5104.0,2.5,35.0,24.31,2447.0,1257.9,1057.52,2018
2018-02-07,NASDAQ,4313.0,4276.13,4325.61,4233.42,560473297.0,-2.28,7.88,14.72,8.77,74.0,27283.0,564.0,1.11,110.7,57.74,1772.65,312.1,7206.0,1.74,22.0,47.25,12994.0,1864.02,1578.07,2018
2018-02-08,S&P 500,3379.39,3369.24,3380.14,3329.66,81465335.0,-3.34,7.06,6.15,6.18,82.0,13868.0,3100.0,1.29,126.93,76.03,2053.08,290.52,1773.0,5.09,47.0,72.23,9498.0,734.71,609.89,2018
2018-02-09,NASDAQ,3888.57,3929.66,3917.29,3866.92,772232825.0,9.19,7.51,8.65,5.6,74.0,29511.0,1161.0,1.295,87.82,48.72,2023.585,206.02,3588.0,0.45,33.0,64.72,6251.0,1278.81,1085.06,2018
2018-02-10,S&P 500,4491.44,4490.08,4506.5,4471.89,102783790.0,5.6,6.48,3.89,5.05,54.0,24690.0,4497.0,1.3,92.39,21.41,1994.09,206.02,5492.0,0.79,24.0,50.34,1589.0,1127.01,940.51,2018
2018-02-11,S&P 500,1204.54,1205.59,1228.82,1203.16,783834411.0,3.19,9.85,2.0,9.61,88.0,9429.0,939.0,1.1466666666666667,147.89,41.56,1585.72,353.18,2184.0,7.95,36.0,46.98,14227.0,396.96,314.33,2018
2018-02-12,NASDAQ,4132.65,4099.1,4150.09,4070.03,487813508.0,9.76,7.36,8.94,5.47,56.0,9429.0,4794.0,0.9933333333333334,131.88,139.45,1482.45,351.56,8503.0,4.97,27.0,21.84,8133.0,1635.72,1385.74,2018
2018-02-13,Dow Jones,1617.97,1609.03,1651.58,1588.48,341252419.0,0.84,8.66,3.45,8.74,95.0,13669.0,3533.0,0.84,144.87,131.81,1109.67,351.56,1261.0,0.8,32.0,6.46,1565.0,268.48,210.65,2018
2018-02-14,Dow Jones,2507.47,2506.39,2511.72,2495.26,114621246.0,3.57,7.31,2.93,5.5,68.0,10968.0,176.0,1.27,136.51,124.17,1395.49,380.11,4374.0,0.82,3.0,15.31,2974.0,2153.33,1798.37,2018
2018-02-15,NASDAQ,2509.27,2464.15,2510.29,2458.37,491119158.0,2.52,6.83,12.63,7.22,68.0,27758.0,604.0,0.81,94.26,31.33,1154.63,218.99,8184.0,5.24,39.0,50.46,14714.0,1525.1,1798.37,2018
2018-02-16,S&P 500,2009.26,1979.28,2051.64,1947.14,487813508.0,9.09,8.77,9.93,6.21,114.0,3677.0,4645.0,0.905,119.18,86.73,2416.95,471.16,4357.0,5.45,24.0,42.28,1250.0,2142.26,1812.02,2018
2018-02-17,NASDAQ,2905.75,2920.38,2933.81,2891.42,660557292.0,4.69,6.77,11.0,6.21,110.0,3677.0,455.0,1.0,135.41,142.26,1090.2,339.09,4357.0,1.51,10.0,48.91,1250.0,1721.48,1466.31,2018
2018-02-18,Dow Jones,3165.63,3118.67,3197.67,3074.17,622542337.0,7.62,4.84,9.62,9.55,110.0,15550.0,671.0,1.13,92.97,105.2,2421.78,273.63,6118.0,9.14,24.0,86.63,5334.0,141.43,144.7,2018
2018-02-19,S&P 500,2113.47,2118.93,2122.84,2103.88,321472184.0,5.99,9.25,4.88,2.91,105.0,15701.0,3561.0,1.06,122.73,146.0,2263.6800000000003,423.82,1706.0,9.77,24.0,33.36,12719.0,199.79,165.25,2018
2018-02-20,NASDAQ,2865.24,2835.99,2907.56,2821.4,342021362.0,-0.72,2.17,4.88,3.56,109.0,27968.0,253.0,1.1,122.6,133.13,2105.58,148.52,1743.0,1.68,24.0,56.62,12888.0,412.18,165.25,2018
2018-02-21,Dow Jones,4116.41,4148.8,4183.29,4082.4,757263620.0,-1.15,0.67,7.36,8.15,53.0,22912.0,253.0,1.3,137.71,120.26,2304.99,339.43,1584.0,9.49,22.0,50.34,5838.0,1836.4,1525.22,2018
2018-02-22,Dow Jones,2842.93,2882.11,2899.06,2833.73,957273208.0,-1.89,5.56,14.09,0.82,103.0,12270.0,842.0,1.46,102.88,120.83,2116.22,492.91,1584.0,9.49,29.0,45.19,8973.0,235.7,189.54,2018
2018-02-23,S&P 500,2082.58,2061.01,2131.82,2043.01,971569783.0,5.8,2.99,3.55,0.82,50.0,26160.0,2855.0,1.345,147.18,50.94,1648.19,235.3,7454.0,3.07,43.0,56.75,10138.0,1897.74,1625.66,2018
2018-02-24,Dow Jones,1317.63,1327.95,1347.76,3317.075,419318465.0,-0.3,2.95,11.76,4.12,110.0,5263.0,4756.0,1.23,97.39,118.62,1180.09,146.2,4450.0,4.73,20.0,97.03,10138.0,1392.91,1204.77,2018
2018-02-25,NASDAQ,4658.19,4640.11,4674.41,4591.14,542333878.0,-0.54,9.16,11.76,3.46,110.0,20009.0,4638.0,1.22,82.26,46.97,1861.16,439.92,9225.0,0.93,24.0,92.55,9795.0,1007.31,851.28,2018
2018-02-26,Dow Jones,1644.88,1685.82,1691.59,1622.39,451019552.0,-2.81,5.24,12.46,5.03,63.0,25621.0,4435.0,1.12,94.41,55.3,1742.4,439.92,1474.0,2.89,24.0,51.49,4061.0,1442.91,1221.24,2018
2018-02-27,Dow Jones,3023.73,3064.13,3084.27,3009.06,153507391.0,1.09,5.11,5.42,8.3,115.0,25196.0,4120.0,0.98,134.76,74.3725,2443.01,439.92,2613.0,2.89,6.0,67.49,13515.0,554.4,1221.24,2018
2018-02-28,Dow Jones,4101.38,4099.17,4128.52,4059.32,793499730.0,-3.48,7.46,6.09,0.57,54.0,20828.0,2396.0,1.29,109.76499999999999,93.445,1605.18,426.44,9962.0,7.95,45.0,9.69,9843.0,2189.97,1860.57,2018
2018-03-01,Dow Jones,4036.02,4082.58,4097.75,3989.79,112019143.0,-5.0,3.51,12.64,7.91,61.0,24490.0,1983.0,0.99,84.77,112.5175,1216.2,295.17,9962.0,8.09,6.0,67.43,8229.0,1677.33,1449.04,2018
2018-03-02,NASDAQ,3891.26,3901.51,3906.55,3855.61,931967282.0,-3.36,9.43,6.44,9.8,101.0,16718.0,3462.0,1.11,139.42,131.59,1429.67,359.42,5288.0,6.87,17.0,63.57,14238.0,622.74,506.61,2018
2018-03-03,NASDAQ,3714.68,3666.1,3755.24,3618.78,418328413.0,3.61,6.5,5.11,4.81,76.0,9945.0,2942.0,1.42,85.92,89.75,2382.45,261.64,993.0,0.62,12.0,76.13,14238.0,719.66,506.61,2018
2018-03-04,S&P 500,1349.79,1345.36,1398.11,1314.13,663757997.0,3.39,7.29,5.11,3.53,79.0,15704.0,1207.0,1.02,128.26,46.13,1670.21,179.57,1554.0,2.79,5.0,43.02,11410.0,333.42,290.98,2018
2018-03-05,Dow Jones,2644.79,2602.2,2660.13,2564.7,359509923.0,-2.13,9.9,14.63,4.23,52.0,16604.0,1207.0,1.31,126.33,141.17,1023.72,169.21,1575.0,7.08,33.0,46.41,13588.0,2259.87,1903.86,2018
2018-03-06,S&P 500,4288.41,4296.09,3453.81,4265.89,475226213.0,-1.83,0.45,12.07,6.79,72.0,8723.0,1555.0,1.47,113.02,58.52,1689.57,443.2,9155.0,7.08,24.0,29.52,214.0,1778.8,1484.94,2018
2018-03-07,S&P 500,4217.75,4220.62,4247.49,4189.23,206863671.0,1.78,9.71,8.62,6.79,79.0,13986.0,1419.0,1.12,81.45,104.71,1168.38,360.8,9103.0,7.06,1.0,74.02,7828.0,1841.19,1586.22,2018
2018-03-08,S&P 500,4879.71,4860.55,4916.57,4816.03,650013300.0,-2.95,4.24,14.16,1.42,67.0,14914.0,1282.0,0.92,98.45,141.29,2252.88,360.8,7671.0,3.31,1.0,55.71,5083.0,557.56,455.35,2018
2018-03-09,NASDAQ,3649.74,3647.19,3670.28,3607.13,897745641.0,7.86,5.22,11.05,7.23,88.0,24114.0,1951.0,0.91,85.92,145.445,2010.33,192.26,7956.0,6.13,24.0,16.81,5612.0,1401.2,1199.14,2018
2018-03-10,S&P 500,4420.12,4432.8,4454.95,4409.29,483117061.0,-3.16,9.15,14.68,3.12,107.0,5151.0,4921.0,1.35,119.64,149.6,1241.15,332.59,9907.0,9.55,15.0,35.46,3448.0,1094.63,907.81,2018
2018-03-11,NASDAQ,4703.115,4115.92,4205.53,4088.329999999999,168341049.0,-3.37,5.26,13.57,6.53,117.0,14355.0,2330.0,1.09,105.03,115.15,1236.2,284.63,1505.0,3.4,28.0,95.31,12016.0,1094.63,1786.65,2018
2018-03-12,S&P 500,4986.11,3553.2799999999997,5076.19,4968.06,620712902.0,-4.15,0.61,11.73,4.65,107.0,9558.0,733.0,0.89,133.18,99.71666666666667,1485.08,418.39,6801.0,8.51,6.0,14.13,2571.0,1872.7,1557.59,2018
2018-03-13,Dow Jones,2984.96,2990.64,3030.46,2978.91,978906610.0,8.08,4.11,5.94,4.36,77.0,22012.0,2909.0,1.0,107.19,84.28333333333333,2351.8,123.47,7739.0,4.79,24.0,33.16,2571.0,1550.03,1336.48,2018
2018-03-14,S&P 500,3674.29,3678.04,3715.69,3138.2833333333333,495271864.0,6.87,1.41,7.57,6.46,88.0,1224.0,111.0,1.11,127.32,68.85,1766.15,277.22,6613.0,6.17,11.0,95.82,2571.0,1597.1,1388.29,2018
2018-03-15,S&P 500,1060.44,1059.09,1073.11,3297.6566666666668,857291740.0,-3.74,6.16,12.7,6.46,92.0,14071.0,111.0,0.86,115.26,104.55,1839.78,401.1,9003.0,4.97,4.0,41.32,6164.0,1597.1,974.79,2018
2018-03-16,NASDAQ,3491.01,3483.72,3502.38,3457.03,487813508.0,7.85,9.06,14.77,8.4,89.0,3043.0,1021.0,0.84,120.92,148.89,2146.11,212.21,7425.0,7.59,10.0,43.01,7407.0,1644.7,1358.2,2018
2018-03-17,NASDAQ,2129.89,2113.43,2158.82,2068.64,266419745.0,2.36,5.9,12.85,7.17,104.0,2761.0,1021.0,1.25,102.39,32.44,2186.42,433.5,9811.0,6.84,6.0,50.34,552.0,1285.11,1092.73,2018
2018-03-18,Dow Jones,3076.9,2126.35,3108.56,3046.15,345521771.0,7.1,1.58,12.85,6.2,64.0,4312.0,2476.0,0.87,140.73,113.77,2214.73,240.13,7070.0,6.17,28.0,94.34,4313.0,1953.58,1619.05,2018
2018-03-19,Dow Jones,2149.85,2139.27,2165.6,2101.42,420897553.0,0.23,8.52,6.51,6.2,55.0,20495.0,833.0,0.915,95.92,134.26,2472.55,323.7,2937.0,8.87,8.0,57.07,10319.0,1953.58,1722.15,2018
2018-03-20,NASDAQ,1155.72,1106.58,1158.94,1088.74,184752785.0,0.67,3.41,9.84,3.53,101.0,28262.0,3844.0,0.96,89.41499999999999,131.75,1849.71,339.49,3869.0,7.44,21.0,44.42,1570.0,1013.22,1722.15,2018
2018-03-21,S&P 500,4397.79,4378.77,4435.65,1058.97,154220453.0,1.26,7.57,14.05,0.68,95.0,28614.0,1443.0,1.26,82.91,91.26,1808.29,472.18,4786.0,4.96,29.0,0.35,9425.0,969.85,828.16,2018
2018-03-22,Dow Jones,2936.31,2978.68,2992.89,1029.2,499282280.0,2.83,6.5,2.3,3.25,102.0,16614.0,4280.0,1.24,82.285,106.685,1361.44,444.19,8951.0,2.87,37.0,37.99,13096.0,1215.07,1050.66,2018
2018-03-23,Dow Jones,1039.64,1015.84,1048.77,999.43,490905400.0,4.54,0.68,2.3,1.86,53.0,28279.0,2013.0,1.25,81.66,122.11,1817.35,363.9,1268.0,0.34,29.0,25.03,12379.0,2160.04,1789.09,2018
2018-03-24,NASDAQ,3951.54,3971.57,3994.38,3915.22,267163433.0,6.32,9.73,14.8,3.57,117.0,25016.0,1266.0,1.16,81.96000000000001,84.53999999999999,2119.48,215.06,2643.0,2.14,23.0,42.92,6821.0,2260.71,1878.01,2018
2018-03-25,NASDAQ,4658.19,4640.11,4674.41,4591.14,542333878.0,-0.54,9.16,14.8,3.46,117.0,20009.0,4638.0,1.22,82.26,46.97,1861.16,439.92,9225.0,0.93,24.0,92.55,9795.0,1788.23,1473.62,2018
2018-03-26,Unknown,4047.61,4010.99,4080.31,3999.8,971204498.0,1.52,1.18,7.55,5.37,75.0,5770.0,3719.0,1.06,130.8,57.57,1464.25,405.33,9225.0,4.98,12.0,71.96,9795.0,1750.99,1478.09,2018
2018-03-27,NASDAQ,1292.33,1255.9,1299.18,1244.65,561819412.0,5.62,5.1,13.57,8.26,75.0,5408.0,2453.0,1.39,135.935,132.24,1517.44,319.82,7454.0,4.3,29.0,55.65,9795.0,805.61,686.99,2018
2018-03-28,Dow Jones,4399.9,4393.52,4439.97,4344.11,277488002.0,4.25,3.48,8.2,0.78,77.0,18428.0,4733.0,1.2,141.07,107.95,1581.68,461.37,9233.0,7.86,2.0,94.86,6117.0,843.65,722.04,2018
2018-03-29,S&P 500,2607.12,2652.59,2669.09,2563.65,38254050.0,-2.36,6.44,6.24,4.01,93.0,14447.0,2262.0,1.29,141.47,84.69,1359.08,314.64,4810.0,3.83,9.0,53.81,7319.0,281.0,722.04,2018
2018-03-30,S&P 500,4975.39,5005.4,5053.51,4963.51,411571975.0,-1.03,9.37,7.39,9.86,85.0,20158.0,4529.0,0.95,127.82,114.32,2213.21,341.11,5300.0,1.45,33.0,63.08,3399.0,2200.21,1850.01,2018
2018-03-31,Dow Jones,2355.44,2308.15,2396.87,4223.963333333333,713027454.0,1.12,4.91,7.71,5.19,93.0,19191.0,3681.0,1.46,141.92,143.95,1947.56,153.51,7125.0,9.74,24.0,47.36,7754.0,2200.21,1236.37,2018
2018-04-01,NASDAQ,2199.2,2179.36,2241.46,3484.416666666667,370884086.0,4.55,8.6,4.26,7.59,95.0,14102.0,3102.0,1.25,112.92,99.43,1371.28,463.16,8978.0,2.62,6.0,82.64,3561.0,1134.34,921.61,2018
2018-04-02,Unknown,2957.925,2764.24,2802.07,2744.87,512849042.0,-1.36,2.19,4.05,2.0,54.0,10074.0,3596.0,0.83,125.66999999999999,102.51,1365.43,463.16,8690.0,4.88,24.0,71.89,14113.0,2198.38,1851.81,2018
2018-04-03,S&P 500,3716.65,3674.01,3726.06,3651.35,947310509.0,7.52,8.07,5.97,3.14,102.0,2604.0,4038.0,0.85,138.42,96.885,954.38,379.0,6333.0,0.58,13.0,81.25,4311.0,2095.85,1754.43,2018
2018-04-04,S&P 500,4397.79,4378.77,4435.65,3554.19,154220453.0,1.26,7.57,14.05,0.68,95.0,28614.0,1443.0,1.26,82.91,91.26,1808.29,472.18,4786.0,4.96,29.0,0.35,9425.0,265.28,239.87,2018
2018-04-05,NASDAQ,3491.01,3483.72,3502.38,3457.03,487813508.0,7.85,9.06,14.77,8.4,89.0,3043.0,1021.0,0.84,120.92,148.89,2146.11,212.21,7425.0,7.59,10.0,43.01,7407.0,1411.31,1181.04,2018
2018-04-06,Dow Jones,2572.78,2612.03,2661.03,2560.84,7787839.0,2.75,1.96,14.77,2.5,106.0,3980.0,1458.0,1.31,121.77,108.07,1731.86,479.5,7425.0,7.37,6.0,22.64,13228.0,1047.7,860.61,2018
2018-04-07,S&P 500,3163.655,3523.13,3534.45,3463.24,317608723.0,-0.95,6.09,7.44,2.68,105.0,24937.0,1570.0,0.97,142.73,98.37666666666667,1461.95,453.87,4374.0,4.42,37.0,7.39,12820.0,589.97,489.1,2018
2018-04-08,S&P 500,3754.53,3768.35,3782.81,3748.57,247744138.0,1.41,5.3,12.13,6.81,118.0,877.0,1570.0,1.12,85.04,88.68333333333332,1375.88,423.18,122.0,8.11,39.0,86.54,12820.0,440.39,362.74,2018
2018-04-09,NASDAQ,3705.93,3699.17,3746.3,3656.05,941352363.0,7.79,3.16,8.18,4.17,66.0,1600.0,4621.0,1.42,95.31,78.99,1470.67,402.46,6712.0,6.48,34.0,11.19,1829.0,860.66,749.56,2018
2018-04-10,Dow Jones,4730.22,4716.88,4774.72,4670.94,871699083.0,3.11,6.5,2.05,9.37,107.0,28675.0,3205.0,1.01,101.4,94.13,1448.32,417.79,8136.0,4.74,27.0,76.72,2156.0,1962.05,1650.68,2018
2018-04-11,NASDAQ,4215.83,4218.36,4218.84,4170.84,85564950.0,-0.66,9.85,5.62,3.69,107.0,1475.0,3881.0,0.89,121.065,78.81,1792.94,103.02,9057.0,7.45,43.0,50.95,1728.0,2084.17,1763.68,2018
2018-04-12,S&P 500,3118.64,3093.92,3158.24,3081.07,241998427.0,2.76,9.02,4.28,4.27,51.0,13468.0,2698.0,1.32,140.73,90.19,1742.97,234.85,9750.0,1.77,0.0,66.16,3944.0,1934.96,1662.21,2018
2018-04-13,Dow Jones,4091.24,4044.17,4127.51,3995.67,82193369.0,1.8,2.47,13.46,5.08,87.0,25867.0,574.0,0.85,87.77,41.14,2491.17,329.5,9087.0,1.77,23.0,52.01,3944.0,1543.61,1304.53,2018
2018-04-14,Dow Jones,2642.73,4208.495000000001,2699.63,2627.0,340869488.0,-1.62,4.73,7.58,9.5,102.0,16645.0,4292.0,1.0,113.69,64.275,1280.64,149.2,6480.0,4.0,35.0,71.03,3792.0,1542.89,1310.77,2018
2018-04-15,NASDAQ,4402.3,4372.820000000001,3466.11,4323.75,424789909.0,4.75,9.67,10.06,4.48,103.0,17415.0,4331.0,0.96,137.36,87.41,1819.39,321.2,6480.0,9.63,32.0,20.69,12009.0,1230.21,1310.77,2018
2018-04-16,Dow Jones,4382.965,4207.96,4232.59,4334.305,60985718.0,7.64,9.67,13.53,1.42,89.0,4705.0,3644.0,0.92,129.62,69.63,1897.56,450.73,4672.0,2.86,36.0,7.77,3161.0,911.49,733.91,2018
2018-04-17,NASDAQ,4363.63,4381.24,4419.8,4344.86,882603669.0,-1.55,2.18,13.12,9.6,111.0,4705.0,1632.0,1.15,108.57,139.9,1975.73,482.8,9573.0,5.73,21.0,4.68,3662.0,911.49,119.14,2018
2018-04-18,S&P 500,4157.75,1631.68,1711.11,1598.95,68204720.0,4.28,9.75,4.77,3.99,70.0,15553.0,3329.0,1.09,90.51,65.22,1751.8200000000002,307.75,8965.0,2.93,3.0,50.0,8754.0,1213.55,1002.19,2018
2018-04-19,Dow Jones,1040.52,1059.81,1092.14,997.39,11142310.0,0.42,1.7,14.56,6.95,101.0,8549.0,266.0,1.16,96.62,79.66,1527.91,370.22,223.0,1.58,38.0,42.5,1078.0,1213.55,1699.38,2018
2018-04-20,Dow Jones,4705.53,4733.12,4745.73,4674.14,307124555.0,8.95,6.38,3.14,6.95,92.0,27632.0,856.0,0.9,102.73,99.74,862.65,194.96,414.0,7.34,22.0,38.57,6830.0,1213.55,371.04,2018
2018-04-21,NASDAQ,1731.35,1693.02,1770.05,1670.46,604762343.0,3.06,8.62,6.44,4.23,113.0,28031.0,1885.0,1.08,108.84,129.99,1649.43,214.33,1500.0,8.06,43.0,88.0,10550.0,977.71,371.04,2018
2018-04-22,S&P 500,1874.86,1891.26,2092.665,1872.35,178959718.0,3.06,4.26,5.28,3.31,117.0,2753.0,1669.0,1.13,106.95,44.17,1618.19,154.75,719.0,8.06,1.0,50.34,6750.0,288.86,257.24,2018
2018-04-23,Dow Jones,2386.1,2386.71,2415.28,2336.94,436623865.0,4.65,3.81,10.88,3.32,79.0,10820.0,4138.0,1.03,84.53,46.37,2378.87,437.01,6215.0,5.41,44.0,70.21,1365.0,556.46,487.23,2018
2018-04-24,S&P 500,2181.21,2209.36,2237.3,2163.44,219982647.0,6.87,9.65,7.41,3.63,117.0,12544.0,916.0,0.84,103.47,75.235,2485.27,240.14,8119.0,3.75,40.0,46.42,9728.0,487.6,393.75,2018
2018-04-25,Dow Jones,2445.62,2469.58,2476.81,2407.79,403421178.0,-3.53,7.97,9.94,9.25,112.0,3397.0,139.0,1.49,100.15,104.1,2088.04,495.09,7628.0,9.35,49.0,98.95,14475.0,2215.36,1873.56,2018
2018-04-26,S&P 500,4387.55,4355.84,4432.25,4322.12,299443637.0,9.54,5.23,5.59,7.2,112.0,13444.0,139.0,0.97,134.41,47.19,2297.21,427.13,1192.0,1.33,3.0,36.13,1452.0,370.51,333.03,2018
2018-04-27,NASDAQ,2473.39,2483.44,2484.03,2457.74,461725101.0,3.04,0.47,13.0,9.54,80.0,29680.0,4656.0,0.91,142.11,73.61,844.19,481.72,6443.0,4.01,41.0,87.96,9461.0,1537.46,1263.83,2018
2018-04-28,Dow Jones,1134.71,1130.67,1161.45,1107.86,403331372.0,7.19,7.3,8.8,1.08,53.0,5333.0,1077.0,0.98,130.23,112.29,1362.79,472.39,6443.0,6.6,41.0,19.17,9408.0,932.67,776.28,2018
2018-04-29,NASDAQ,4464.41,4492.81,4538.91,1841.9,799331226.0,-4.08,1.39,8.8,7.2,71.0,20336.0,4252.0,1.29,81.19,124.035,2002.8,318.29,581.0,9.78,17.0,75.35,5925.0,1848.9,1560.17,2018
2018-04-30,NASDAQ,2590.74,2587.82,2597.53,2575.94,734234754.0,-1.02,1.39,3.14,3.31,53.0,23793.0,1068.0,0.86,119.82,135.78,976.95,305.49,1167.0,9.13,49.0,37.73,7875.0,381.51,322.7,2018
2018-05-01,Dow Jones,3396.18,3395.37,3434.92,3366.43,67958799.0,-1.02,0.19,10.77,3.31,97.0,5847.0,4954.0,0.82,100.81,102.78,1996.25,369.07,6603.0,2.7,30.0,32.07,1031.0,401.88,369.6,2018
2018-05-02,S&P 500,4221.73,4190.41,4238.38,4189.55,966331593.0,-1.02,9.78,7.99,1.01,97.0,23098.0,2428.0,1.23,133.48,69.78,2215.47,264.84,6582.0,1.81,10.0,20.1,11151.0,1369.49,1165.87,2018
2018-05-03,S&P 500,1324.6,1304.61,1354.65,1255.16,780869462.0,8.64,4.53,9.95,3.81,50.0,8513.0,2428.0,1.3,129.58,77.48,1216.09,493.41,3014.0,6.18,24.0,38.51,11151.0,1369.49,1165.87,2018
2018-05-04,S&P 500,1217.33,1198.9,1253.04,1157.08,550264652.0,5.75,3.58,11.62,7.68,89.0,28507.0,3134.0,0.89,113.37,78.8,992.08,127.71,8111.0,5.69,24.0,29.0,11469.0,1369.49,1462.06,2018
2018-05-05,NASDAQ,8375.85,3326.1600000000003,3388.09,3315.61,481374669.0,-3.8,6.01,13.98,7.67,102.0,1956.0,2728.0,1.07,131.55,119.46,2444.56,256.02,4536.0,5.69,32.0,99.37,12510.0,860.05,719.42,2018
2018-05-06,S&P 500,2676.73,2670.2,2681.18,2648.45,281905426.0,-4.88,0.84,12.66,4.13,59.0,7693.0,1926.0,1.22,80.37,75.9,1459.55,100.29,9948.0,2.46,15.0,52.18,12510.0,479.98,407.14,2018
2018-05-07,Dow Jones,3860.5,3813.78,3889.35,3767.24,400313408.0,7.44,5.63,13.66,9.37,71.0,1639.0,2170.0,1.47,125.05,28.34,1263.46,235.57,9239.0,0.88,24.0,51.79,7287.0,1251.93,1072.54,2018
2018-05-08,NASDAQ,1379.67,1417.91,1432.61,1353.27,853776093.0,7.44,9.72,7.64,9.16,79.0,11212.0,2753.0,1.46,88.35,43.2,1624.16,235.57,2365.0,7.01,21.0,80.94,10197.0,1251.93,1072.54,2018
2018-05-09,NASDAQ,1460.58,1436.21,1494.66,1398.87,241743565.0,-1.44,9.32,6.43,6.61,73.0,21236.0,3226.0,0.89,104.38,88.72,2041.56,177.97,2365.0,3.94,20.0,54.99,4844.0,1825.23,1072.54,2018
2018-05-10,S&P 500,1538.31,1501.57,1561.78,1487.48,334239844.0,4.18,9.11,6.43,7.9,119.0,16287.0,4802.0,0.94,95.25,132.62,1440.97,177.97,9186.0,3.71,33.0,70.16,1041.0,1825.23,1539.87,2018
2018-05-11,Dow Jones,2886.6,2936.15,2963.9500000000003,2839.31,620357836.0,9.92,7.93,2.24,6.24,119.0,19282.0,2412.0,1.28,144.08,137.46,1414.13,392.82,8869.0,8.29,20.0,79.65,2332.0,324.15,255.49,2018
2018-05-12,Dow Jones,1499.28,1525.9,1558.58,1483.56,289309490.0,8.2,5.77,13.21,4.83,71.0,27754.0,2624.0,0.97,139.04,25.53,2182.33,370.46,658.0,6.41,42.0,72.56,2332.0,1070.24,905.2,2018
2018-05-13,Unknown,2267.79,2259.51,2298.48,2214.72,35255909.0,1.89,8.88,8.09,1.05,105.0,22966.0,1913.0,1.1,130.46,66.12,2479.41,459.57,2500.0,9.59,43.0,42.84,14710.0,1433.23,1189.66,2018
2018-05-14,Dow Jones,4903.12,4936.9,4949.07,4863.4,390826216.0,4.82,8.0,4.79,9.41,68.0,7508.0,1531.0,1.29,94.34,56.29,1567.37,255.83,6529.0,2.39,37.0,72.77,1509.0,425.64,367.42,2018
2018-05-15,Dow Jones,4215.26,4196.41,4220.18,4177.26,533588806.0,2.32,8.42,9.83,8.97,113.0,23316.0,2637.0,1.48,121.68,82.76,2106.53,364.64,6997.0,7.06,4.0,88.23,4258.0,1399.47,1189.15,2018
2018-05-16,NASDAQ,2444.3,2447.66,2449.27,2395.27,398284439.0,9.24,6.04,6.75,8.42,115.0,15959.0,417.0,1.08,107.52,26.69,2159.09,122.56,226.0,6.2,24.0,17.4,14584.0,1399.47,1584.5,2018
2018-05-17,NASDAQ,1675.24,1647.55,1707.46,1607.26,181449207.0,3.98,2.99,4.46,6.78,111.0,27505.0,2474.0,0.82,81.3,76.59,1877.94,489.66,5124.0,4.89,23.0,80.0,10470.0,660.58,540.47,2018
2018-05-18,S&P 500,4957.8,4995.93,4998.5,3110.7,623155908.0,-2.04,0.4,7.95,5.07,61.0,20046.0,2776.0,1.1,100.12,112.75,2198.86,435.45,9930.0,6.71,24.0,77.48,5747.0,660.58,626.71,2018
2018-05-19,Dow Jones,4676.83,4643.71,4720.48,4614.14,688936264.0,-2.04,8.46,12.34,3.39,61.0,9880.0,610.0,1.49,102.62,115.15,1104.65,435.45,2803.0,0.93,24.0,83.71,13045.0,660.58,996.45,2018
2018-05-20,NASDAQ,4503.62,4487.81,4514.62,4452.35,520459500.0,9.79,8.46,5.24,5.88,69.0,11635.0,2783.0,1.47,85.85,117.55,1369.45,350.32,1328.0,7.66,15.0,69.19,11490.0,1017.89,830.84,2018
2018-05-21,Dow Jones,4632.91,4599.73,4664.54,4590.31,621714015.0,4.65,6.04,10.44,2.16,92.0,11635.0,1301.0,1.07,123.75,76.0,2487.12,329.12,7708.0,5.75,19.0,63.03,4630.0,2214.21,1864.81,2018
2018-05-22,Dow Jones,3689.54,3735.5,3780.97,3641.88,235899267.0,2.33,6.04,5.15,3.91,99.0,7450.0,1606.0,1.46,81.18,146.87,1156.27,380.65,9491.0,5.47,21.0,65.33,4368.0,1345.16,1118.38,2018
2018-05-23,Dow Jones,4276.25,4283.82,4289.83,4237.9,628454769.0,4.98,2.24,12.91,2.41,99.0,12520.0,2019.0,1.08,129.87,33.27,1881.77,428.8,4403.0,7.8,24.0,22.56,150.0,2001.8,1662.2,2018
2018-05-24,NASDAQ,3330.86,3380.03,3418.16,3292.99,429805362.0,0.88,6.16,7.31,1.36,86.0,21852.0,658.0,1.08,139.66,125.94,1379.38,428.8,7563.0,0.48,19.0,60.57,10572.0,1320.42,1110.77,2018
2018-05-25,S&P 500,4904.06,4889.51,4945.48,4864.73,302590181.0,0.88,9.86,7.65,2.97,109.0,5307.0,3510.0,1.34,110.71,70.9,922.64,318.06,2506.0,7.5,39.0,95.8,1394.0,354.38,300.04,2018
2018-05-26,NASDAQ,3181.73,3166.43,3209.32,3130.55,487813508.0,7.2,5.06,13.58,4.56,76.0,26856.0,4788.0,1.13,138.5,96.67,2231.79,318.06,3936.0,4.64,25.0,69.36,9535.0,1670.14,1402.41,2018
2018-05-27,S&P 500,1749.65,2742.295,1794.91,2706.09,779928276.0,8.64,7.72,6.78,7.37,52.0,20993.0,800.0,1.245,119.52,66.065,2339.23,464.43,4531.0,0.41,6.0,68.46,9685.0,456.41,392.82,2018
2018-05-28,S&P 500,2285.98,2318.16,2332.5,2281.63,487813508.0,5.07,1.9,13.99,3.89,71.0,700.0,2691.0,1.36,96.49,35.46,1033.5,132.46,2628.0,1.82,37.0,81.88,5257.0,1954.86,1674.58,2018
2018-05-29,NASDAQ,1087.29,1093.26,1116.08,1067.4,995760162.0,1.11,2.95,13.99,3.38,80.0,25604.0,4991.0,1.21,80.92,106.69,1645.57,467.25,6188.0,7.43,17.0,79.04,7061.0,960.57,811.98,2018
2018-05-30,S&P 500,3347.75,3356.83,1872.53,3315.45,897483468.0,3.6,8.58,6.2,6.51,77.0,24165.0,4991.0,1.19,146.92,100.12,2102.32,467.25,6188.0,3.25,32.0,37.38,2122.0,341.68,314.68,2018
2018-05-31,NASDAQ,2607.51,2617.81,2628.98,2558.97,468301419.0,4.78,4.74,14.78,4.49,93.0,24165.0,4300.0,1.36,122.37,84.88,1781.6,246.57,4083.0,5.55,37.0,28.6,10862.0,1391.53,1211.48,2018
2018-06-01,S&P 500,4392.44,4372.72,4432.44,3063.41,487813508.0,2.76,9.85,5.81,8.53,50.0,6896.0,861.0,1.5,86.32,80.9,1575.64,441.51,8950.0,1.91,29.0,4.21,4320.0,818.78,680.52,2018
2018-06-02,S&P 500,3416.3199999999997,3575.54,3590.75,3567.85,617902408.0,-2.78,7.79,5.81,8.86,92.0,27446.0,4655.0,1.1,84.18,39.75,940.99,327.94,3290.0,7.24,24.0,36.39,6723.0,144.73,107.72,2018
2018-06-03,S&P 500,2440.2,2417.62,2462.66,2412.61,761896227.0,6.8,9.97,5.81,3.28,108.0,5663.0,2272.0,1.135,146.99,84.62,2072.92,210.04,3980.0,7.92,12.0,67.44,11287.0,606.11,521.75,2018
2018-06-04,Dow Jones,4653.15,4702.69,4705.15,4652.929999999999,184397027.0,2.31,2.12,12.22,2.96,57.0,16733.0,2044.0,1.17,144.65,129.49,1647.21,210.04,9777.0,5.58,37.0,11.03,11287.0,1400.66,1185.37,2018
2018-06-05,NASDAQ,4569.21,4588.38,4623.52,4542.75,34354214.0,-2.63,1.39,9.97,2.96,81.0,21088.0,1335.0,0.91,143.36,141.19,2343.46,169.86,2190.0,9.94,24.0,34.25,2906.0,2066.02,1714.57,2018
2018-06-06,Unknown,2824.95,2808.44,2872.0,2792.81,340463988.0,-2.63,1.39,9.93,2.41,101.0,24882.0,1505.0,1.29,82.44,58.04,984.25,179.48,6837.0,1.81,16.0,60.77,3771.0,1506.68,1282.12,2018
2018-06-07,Dow Jones,4048.7,4034.63,4049.99,4013.16,887424292.0,0.43,1.39,8.43,2.41,51.0,3300.0,4495.0,1.45,98.27,112.31,1584.5,206.8,6024.0,5.52,10.0,42.24,8808.0,399.33,355.78,2018
2018-06-08,Dow Jones,3499.605,4004.7,4070.12,3966.45,988301362.0,0.72,1.46,5.76,4.75,77.0,22136.0,3168.0,1.4,94.66,32.81,916.91,206.8,3252.0,7.88,31.0,4.6,9285.0,1850.05,1543.02,2018
2018-06-09,S&P 500,2950.51,2908.04,2976.19,2886.85,78448802.0,4.03,4.55,3.64,6.96,108.0,8163.0,3168.0,1.35,128.38,123.76,2277.71,288.24,1059.0,2.63,7.0,49.18,3383.0,1779.92,1524.94,2018
2018-06-10,Dow Jones,3837.76,3829.09,3840.78,2983.96,487813508.0,4.62,5.15,6.39,1.51,57.0,19546.0,151.0,1.27,101.28,78.73,982.16,202.76,1059.0,3.29,22.0,50.34,7406.0,118.15,84.11,2018
2018-06-11,S&P 500,3118.64,3093.92,3158.24,3081.07,241998427.0,2.76,9.02,4.28,4.27,51.0,13468.0,2698.0,1.32,140.73,90.19,1742.97,234.85,9750.0,1.77,0.0,66.16,3944.0,650.8,560.27,2018
2018-06-12,NASDAQ,3380.85,3411.58,3417.86,3365.55,894006037.0,4.89,5.69,4.08,5.195,51.0,18292.0,3549.0,1.24,101.72,112.86,952.72,109.03,7443.0,8.97,39.0,9.46,10482.0,650.8,884.85,2018
2018-06-13,Dow Jones,1686.78,1697.45,1743.19,1681.11,540716841.0,-0.32,9.34,4.2,0.5,80.0,13212.0,2853.0,1.19,146.78,135.53,2195.47,370.59,5955.0,9.32,22.0,31.55,10482.0,2266.56,1894.86,2018
2018-06-14,NASDAQ,2462.72,1756.0900000000001,1798.7350000000001,2446.6,18501784.0,-4.13,7.37,7.7,1.45,72.0,13472.0,3146.0,0.95,116.28999999999999,86.645,1858.07,370.59,8520.0,1.69,30.0,75.47,14524.0,2049.58,1728.04,2018
2018-06-15,S&P 500,1785.68,1814.73,1854.28,1749.84,487813508.0,2.86,2.84,11.5,4.8,93.0,25501.0,494.0,1.38,85.8,37.76,1670.405,498.65,7938.0,0.45,2.0,10.12,10849.0,698.3,587.44,2018
2018-06-16,NASDAQ,1698.59,1709.93,1757.1999999999998,1659.88,910634720.0,4.13,4.68,3.27,6.75,112.0,25501.0,4220.0,1.41,89.27,113.38,1482.74,187.48,6763.0,7.18,7.0,6.07,3480.0,967.62,795.19,2018
2018-06-17,Dow Jones,1615.13,1631.33,1660.12,1574.5700000000002,375173812.0,-1.96,8.66,14.64,4.7,111.0,5816.0,4783.0,1.28,86.57,63.32,1747.69,113.73,7040.0,3.59,41.0,50.34,7053.0,1792.32,1540.93,2018
2018-06-18,S&P 500,2313.735,2417.42,2436.67,2382.79,946599186.0,8.47,5.72,7.84,1.93,56.0,29429.0,3455.0,1.18,146.34,89.37,1831.95,117.52,9148.0,2.86,26.0,35.41,13227.0,2053.16,1718.3,2018
2018-06-19,S&P 500,3012.34,3044.98,3089.23,2967.61,974041355.0,4.48,5.42,7.84,8.16,101.0,9967.0,729.0,1.17,105.57,115.42,2068.28,418.24,1345.0,3.07,26.0,9.79,13452.0,785.31,682.86,2018
2018-06-20,Dow Jones,4676.83,4643.71,4720.48,4614.14,688936264.0,4.48,8.46,12.34,3.39,101.0,9880.0,610.0,1.49,102.62,128.36,1104.65,418.24,2803.0,0.93,24.0,83.71,13045.0,1832.08,1540.88,2018
2018-06-21,Dow Jones,4193.2,2705.08,2721.82,2657.96,723854755.0,5.31,0.08,10.47,5.58,60.0,28770.0,1618.0,1.32,105.68,141.3,2143.7,107.32,619.0,7.37,20.0,87.44,4889.0,2102.64,1793.62,2018
2018-06-22,NASDAQ,3709.57,3002.0950000000003,3756.68,3683.51,331328675.0,1.5,8.44,3.22,4.67,101.0,24613.0,2374.0,1.41,114.44,77.38,1526.99,107.32,5230.0,1.76,0.0,28.82,8654.0,1680.6,1793.62,2018
2018-06-23,S&P 500,3307.52,3299.11,3315.9,3290.43,125522887.0,8.96,8.72,9.37,5.42,69.0,15110.0,4895.0,1.18,130.77,97.21,1590.5633333333333,198.19,5039.0,3.22,47.0,30.94,2632.0,664.65,1793.62,2018
2018-06-24,Dow Jones,2709.96,2745.16,2756.84,2667.4,210184575.0,6.69,9.0,9.37,6.29,78.0,13505.0,2506.0,1.24,108.16,21.35,1654.1366666666668,251.85,5039.0,0.49,24.0,3.2,3426.0,1038.93,1793.62,2018
2018-06-25,Unknown,2713.83,2702.19,2749.78,2981.3450000000003,487813508.0,7.79,2.51,6.77,6.62,109.0,18772.0,2506.0,1.42,90.11,75.93,1717.71,478.0,7187.0,2.84,24.0,60.71,879.0,502.32,409.96,2018
2018-06-26,S&P 500,3306.81,3342.51,3343.64,3295.29,402519335.0,9.53,9.0,5.28,2.68,79.0,13906.0,1673.0,1.18,99.28,76.25,1245.53,478.0,8950.0,9.59,26.0,81.12,12069.0,546.18,409.96,2018
2018-06-27,S&P 500,1248.15,1289.58,1302.23,1226.08,680266012.0,-0.52,8.97,7.49,1.23,103.0,9719.0,541.0,0.94,118.73,97.08500000000001,1870.16,124.29,9887.0,2.61,4.0,85.0,6897.0,2157.64,1806.87,2018
2018-06-28,NASDAQ,2798.96,2826.64,3128.0150000000003,2766.89,423890033.0,7.08,4.39,13.01,3.77,66.0,20092.0,2265.0,1.06,136.86,117.92,896.46,265.51,1011.0,7.33,37.0,98.89,3771.0,1415.72,1192.89,2018
2018-06-29,S&P 500,3622.315,4885.62,4953.8,4858.75,668120409.0,3.52,3.74,7.96,2.41,64.0,26351.0,4712.0,1.46,88.28,74.71,1421.9,346.93,2685.0,8.51,47.0,77.97,5856.0,762.65,602.83,2018
2018-06-30,NASDAQ,4445.67,4494.03,4512.45,4412.62,187917774.0,-1.83,1.63,11.32,2.41,119.0,11471.0,4876.0,1.27,130.81,145.69,889.03,458.01,9728.0,8.57,46.0,25.55,5856.0,223.92,208.41,2018
2018-07-01,NASDAQ,3653.24,2779.56,3716.0,3640.31,903170423.0,5.49,9.76,8.43,9.63,114.0,24042.0,4876.0,0.81,101.64,118.12,2041.35,446.82,8494.0,8.05,24.0,39.74,10712.0,1174.99,981.47,2018
2018-07-02,Dow Jones,1099.89,1065.09,1135.2,1049.03,325175186.0,-0.14,2.19,13.72,3.17,63.0,12593.0,4009.0,1.5,149.41,81.355,1665.86,449.41,882.0,3.48,47.0,71.58,8146.0,618.79,529.25,2018
2018-07-03,S&P 500,3710.13,2906.0249999999996,3717.45,3702.39,468774851.0,6.21,4.16,13.45,6.36,72.0,25377.0,4009.0,1.39,116.17,44.59,1290.37,475.02,8824.0,7.26,10.0,30.32,1012.0,755.78,643.5,2018
2018-07-04,Dow Jones,4743.75,4746.96,4759.62,4726.8,487813508.0,1.99,1.55,7.32,8.23,93.0,11725.0,3644.0,0.95,85.14,72.745,1752.09,207.19,8079.0,1.93,37.0,88.72,5482.0,2046.23,1717.82,2018
2018-07-05,S&P 500,2885.15,2849.95,2903.9700000000003,2833.5,323231884.0,-3.52,4.73,6.61,6.48,88.0,22363.0,2245.0,1.19,112.97,100.9,1860.46,341.38,1847.0,4.32,48.0,57.06,9566.0,2287.08,1902.69,2018
2018-07-06,NASDAQ,4500.53,4486.79,4503.21,4454.97,914136142.0,7.81,2.84,12.62,7.21,73.0,12880.0,3043.0,1.43,95.29,40.06,1508.26,131.28,9495.0,4.32,24.0,68.19,11239.0,1995.5,1674.21,2018
2018-07-07,S&P 500,3205.765,2837.87,2858.77,3181.52,878167002.0,-3.97,2.71,10.89,4.17,96.0,18722.0,3497.0,1.01,84.69,114.75,1651.58,121.85,5023.0,9.86,7.0,69.43,13009.0,692.52,591.99,2018
2018-07-08,NASDAQ,1911.0,1929.72,1940.73,1908.07,487813508.0,3.58,1.06,7.81,8.67,110.0,16141.0,3497.0,1.04,116.41499999999999,73.86,998.81,176.8,5444.0,3.22,47.0,38.75,10027.0,255.25,196.67,2018
2018-07-09,Dow Jones,4122.53,4141.0,4145.4,4082.92,487813508.0,-2.67,8.8,11.66,9.04,100.0,24758.0,3721.0,0.85,148.14,131.09,1242.32,119.43,5710.0,3.22,28.0,48.39,11557.0,680.21,547.79,2018
2018-07-10,NASDAQ,3997.48,3951.34,4040.13,3933.8,689854508.0,-2.67,6.1,11.66,2.59,81.0,5891.0,1771.0,0.9299999999999999,138.69,90.46,2289.52,229.94,4911.0,6.13,38.0,7.99,5226.0,1720.89,1451.81,2018
2018-07-11,Unknown,4716.91,4764.35,4778.07,4679.19,779249745.0,5.26,7.78,6.82,5.5,86.0,19875.0,1255.0,1.01,129.24,75.51,2407.53,466.27,9339.0,7.34,25.0,96.37,5226.0,1467.15,1235.79,2018
2018-07-12,S&P 500,1871.57,1867.66,1883.19,1858.54,855387802.0,-1.04,1.86,13.55,9.84,53.0,9115.0,2614.0,1.32,141.48,74.56,1172.16,237.94,8854.0,4.76,14.0,50.34,12459.0,323.96,238.04,2018
2018-07-13,NASDAQ,1718.7333333333333,3897.07,3898.98,3838.94,761908760.0,0.74,7.51,11.11,6.55,65.0,2125.0,1115.0,1.37,111.24,73.61,2328.02,162.77,946.0,0.2,38.0,2.76,4896.0,323.96,1335.12,2018
2018-07-14,Dow Jones,1565.8966666666665,1355.75,1399.32,1335.41,779671335.0,-1.06,0.24,5.19,2.46,105.0,2362.0,3788.0,1.13,144.36,72.66,1973.26,127.17,399.0,1.04,34.0,32.0,12298.0,636.96,526.95,2018
2018-07-15,S&P 500,1413.06,1394.34,1445.33,1370.29,461987815.0,-1.55,5.01,13.85,0.82,101.0,24422.0,1867.0,1.34,95.62,71.71,1273.72,204.09,757.0,0.45,25.0,91.19,4138.0,231.77,186.08,2018
2018-07-16,S&P 500,2498.19,2472.9700000000003,2543.36,2459.92,997294289.0,2.88,5.36,3.8,0.82,78.0,29719.0,4579.0,1.4,85.64,99.01,842.51,390.33,3849.0,5.0,2.0,34.65,10672.0,1030.83,891.37,2018
2018-07-17,NASDAQ,3127.49,3152.46,3164.58,3085.41,352945265.0,-0.84,8.71,8.93,3.43,62.0,21865.0,918.0,0.87,103.89,21.27,2171.97,475.02,559.0,1.89,40.0,17.19,5599.0,295.66,255.09,2018
2018-07-18,NASDAQ,2834.07,2847.13,3380.5,2793.92,620122575.0,5.4,9.45,8.79,4.9,66.0,13259.0,2246.0,1.13,94.86,130.58,2377.05,269.91,2913.0,1.5,40.0,13.78,5005.0,2221.21,1868.86,2018
2018-07-19,S&P 500,3551.1,3515.85,3596.42,3514.24,197854146.0,-1.49,8.81,7.6,9.02,85.0,27780.0,1391.0,1.46,116.57,33.27,1716.335,294.41,2516.0,4.0,23.0,66.08,14589.0,1496.57,1275.29,2018
2018-07-20,NASDAQ,3364.52,3359.33,3383.2,3327.58,213965847.0,-3.54,4.03,7.52,1.2,97.0,24611.0,1802.0,1.45,93.36,52.67,1055.62,120.52,455.0,0.23,43.0,18.87,9113.0,744.51,583.71,2018
2018-07-21,Unknown,2719.94,2759.57,2786.11,2709.74,931437512.0,0.8,9.27,4.35,6.77,111.0,14190.0,2151.0,0.97,84.92,26.47,1146.54,395.03,267.0,9.25,21.0,64.33,10055.0,1290.33,1082.06,2018
2018-07-22,NASDAQ,4402.3,4372.820000000001,3612.76,4323.75,424789909.0,4.75,9.67,10.06,4.48,103.0,17415.0,4331.0,0.96,137.36,87.41,1819.39,321.2,267.0,9.63,32.0,20.69,12009.0,363.85,311.0,2018
2018-07-23,Dow Jones,3201.065,4425.0,4439.41,4379.48,563800607.0,2.27,6.07,10.06,2.11,61.0,26957.0,1873.0,1.24,132.98000000000002,88.65,1976.7,146.81,267.0,9.63,32.0,10.76,2310.0,835.61,687.81,2018
2018-07-24,NASDAQ,1999.83,2046.84,2080.65,1979.16,100658278.0,8.53,3.43,5.71,8.17,89.0,23909.0,2455.0,1.02,128.6,25.05,2348.34,316.69,9721.0,9.62,24.0,44.43,9943.0,1830.2,1547.68,2018
2018-07-25,S&P 500,1307.45,1284.96,1346.05,1278.85,20248708.0,9.96,1.84,12.13,6.42,70.0,16026.0,2455.0,0.84,114.59,21.65,1435.31,236.3,1398.0,9.62,28.0,42.37,9943.0,2159.44,1798.85,2018
2018-07-26,NASDAQ,1076.58,1092.37,1115.62,1041.3,159945066.0,6.92,2.09,6.66,1.02,64.0,29790.0,2819.0,1.12,141.8,115.73,2014.12,309.96,9906.0,3.25,18.0,98.29,13489.0,2159.44,1818.64,2018
2018-07-27,S&P 500,2542.05,2513.15,2564.55,2488.36,881107674.0,4.37,9.7,8.09,4.98,93.0,23237.0,2005.0,1.27,143.9,86.71,1677.42,444.67,6070.0,2.55,24.0,15.1,12510.0,1132.11,939.4,2018
2018-07-28,S&P 500,1204.6,1164.55,1229.76,1163.67,487813508.0,5.63,6.69,6.48,7.29,100.0,3002.0,3229.0,1.3,146.655,103.47999999999999,2469.06,341.6,5608.0,7.43,24.0,14.76,9968.0,1839.32,1576.48,2018
2018-07-29,Dow Jones,1436.205,1065.09,1135.2,1049.0300000000002,325175186.0,-0.14,2.19,13.72,3.17,63.0,12593.0,4009.0,1.5,149.41,120.25,1482.9,449.41,882.0,3.48,47.0,71.58,9968.0,1328.04,1122.39,2018
2018-07-30,NASDAQ,1667.81,1636.63,1688.27,1592.4,487813508.0,-4.31,6.13,2.37,3.17,64.0,15985.0,3113.0,1.47,115.94,103.63,2304.07,148.81,6033.0,2.81,37.0,53.67,10327.0,1725.15,1427.21,2018
2018-07-31,NASDAQ,4607.76,4629.52,4659.24,4564.22,595758115.0,1.76,5.72,4.84,7.06,65.0,25580.0,2035.0,1.345,117.02,62.73,1137.86,422.76,4153.0,7.98,24.0,65.05,8385.0,1606.04,1382.48,2018
2018-08-01,Dow Jones,3925.95,3896.54,3954.24,3856.35,291145824.0,4.07,5.72,8.94,1.71,107.0,9578.0,2035.0,1.22,105.89,25.11,1584.04,167.28,9209.0,0.45,10.0,50.34,10597.0,2139.98,1382.48,2018
2018-08-02,S&P 500,3001.11,2695.95,3044.73,2974.83,90028713.0,-2.84,2.32,2.96,7.25,61.0,7821.0,3773.0,1.0,93.25,124.95,1805.79,106.15,613.0,0.45,24.0,26.73,5778.0,418.28,367.43,2018
2018-08-03,NASDAQ,1481.55,1495.36,3372.9533333333334,1441.52,993699493.0,5.71,7.76,7.64,4.94,111.0,18518.0,1743.0,1.12,136.73,82.185,1982.87,246.4,2994.0,7.55,24.0,3.41,5778.0,354.76,367.43,2018
2018-08-04,Dow Jones,3848.06,3888.94,3701.1766666666667,3829.67,804925991.0,3.26,7.01,7.26,3.85,52.0,14523.0,1589.0,1.37,120.03,39.42,1521.04,294.49,3015.0,1.22,0.0,50.67,6515.0,1716.66,1445.14,2018
2018-08-05,Dow Jones,3969.09,3986.96,4029.4,3919.51,944382510.0,3.7,0.58,7.26,5.195,63.0,28758.0,2514.0,0.97,122.73,148.23,2166.11,320.77,5918.0,9.14,24.0,76.15,5251.0,266.96,198.01,2018
2018-08-06,Dow Jones,6702.6325,4390.67,4468.38,4384.51,503646901.0,0.91,7.79,5.17,1.35,109.0,18881.0,4314.0,0.83,125.43,136.41,1549.95,272.21,3443.0,8.64,14.0,75.94,9297.0,1446.5,1225.19,2018
2018-08-07,S&P 500,9436.175,3783.09,3374.2400000000002,3771.69,487813508.0,0.26,8.89,12.16,0.95,90.0,18881.0,173.0,1.41,132.7,124.59,1854.52,122.11,6203.0,4.19,35.0,78.74,10536.0,1446.5,81.68,2018
2018-08-08,S&P 500,2255.51,2235.94,2280.1000000000004,2227.28,47518939.0,4.77,0.03,2.27,3.49,92.0,10644.0,4919.0,1.32,144.22,60.4,1738.97,325.73,3625.0,0.29,24.0,50.34,10536.0,1934.15,1631.18,2018
2018-08-09,S&P 500,3499.5,3510.81,3532.61,3460.82,729249772.0,9.26,7.98,5.46,7.44,56.0,10644.0,3102.0,0.95,91.3,85.72,1643.01,168.75,1376.0,9.38,35.0,52.22,3934.0,1066.7,909.9,2018
2018-08-10,Unknown,2557.93,2581.89,2594.23,2532.54,405309278.0,2.88,0.04,5.04,6.16,81.0,28774.0,2634.0,1.43,84.47,73.04,1547.05,127.63,8366.0,8.52,12.0,71.73,9677.0,1066.7,474.37,2018
2018-08-11,NASDAQ,1310.6,1271.84,1350.75,1246.38,487813508.0,4.13,5.54,5.04,4.31,116.0,6803.0,1851.0,1.3,138.71,47.64,2447.7,163.83,2352.0,0.92,37.0,50.34,6107.0,416.0,335.7,2018
2018-08-12,NASDAQ,3695.36,3064.875,3720.54,3615.11,67280869.0,3.87,2.75,4.9,6.75,118.0,27175.0,738.0,1.19,123.75,67.185,2089.96,345.26,8900.0,9.01,24.0,24.22,14164.0,1124.18,939.4,2018
2018-08-13,NASDAQ,4830.32,4857.91,4861.46,4818.09,999789343.0,9.6,4.64,6.77,1.92,108.0,8276.0,2343.0,0.94,108.79,86.73,1037.84,377.49,7277.0,2.87,9.0,63.31,7515.0,317.27,262.34,2018
2018-08-14,S&P 500,3454.55,3429.02,3490.8,3379.92,315604654.0,1.44,3.44,10.91,5.195,71.0,2519.0,1257.0,1.19,106.14,63.3,1780.55,490.54,686.0,2.96,45.0,68.05,5977.0,1433.92,1201.05,2018
2018-08-15,Dow Jones,4440.56,4452.9,4475.45,4422.14,396413202.0,-0.48,1.92,4.07,6.05,67.0,16525.0,424.0,1.23,117.54,136.08,1188.08,264.56,7390.0,7.36,34.0,77.01,12442.0,1433.92,1201.05,2018
2018-08-16,Dow Jones,1952.59,1978.23,2002.41,1932.39,414861984.0,-4.65,0.7,5.28,6.05,87.0,10443.0,1609.0,1.2,130.55,106.64,1406.51,424.39,7390.0,0.18,8.0,79.96,10674.0,220.58,167.97,2018
2018-08-17,S&P 500,1949.73,1985.52,2016.09,1903.1,964898980.0,6.25,8.37,3.89,7.82,104.0,3839.0,1822.0,1.42,85.12,105.54,1808.76,424.39,7746.0,2.29,13.0,2.82,11772.0,2224.55,1848.62,2018
2018-08-18,S&P 500,4034.86,4003.85,4083.66,3978.83,890087946.0,9.58,6.06,6.52,3.73,70.0,5925.0,376.0,1.16,120.83,46.55,1921.15,448.25,9540.0,9.65,19.0,93.03,7977.0,571.73,467.79,2018
2018-08-19,S&P 500,1928.07,3488.515,1980.64,1889.02,763842768.0,9.58,0.73,2.98,4.9,73.0,22776.0,913.0,1.38,88.65,103.87,1779.77,331.31,697.0,7.67,26.0,56.77,13160.0,1158.97,963.18,2018
2018-08-20,NASDAQ,2923.56,2973.18,2990.33,2900.86,349489213.0,7.4,9.28,4.28,8.27,107.0,7752.0,3805.0,1.47,116.79,27.88,2466.72,135.43,2666.0,7.34,39.0,89.82,13540.0,2075.29,1749.06,2018
2018-08-21,S&P 500,1605.73,1619.89,1668.85,1597.11,812247677.0,6.71,8.84,9.8,5.57,74.0,25669.0,4685.0,0.98,98.7,114.77,1266.14,496.94,8205.0,7.54,11.0,60.75,11535.0,2075.29,656.87,2018
2018-08-22,Dow Jones,11214.15,4450.599999999999,4532.26,1833.5549999999998,487813508.0,0.04,1.73,5.06,5.0,109.0,3988.0,2220.0,1.01,115.26500000000001,135.38,2496.39,206.54,3625.0,8.27,35.0,37.51,4971.0,1501.61,1276.94,2018
2018-08-23,Dow Jones,2109.86,2114.37,2136.92,2070.0,611434465.0,-4.55,8.99,10.96,3.19,51.0,3988.0,4171.0,1.31,131.83,30.94,2128.98,482.16,9175.0,9.14,12.0,44.53,4971.0,1425.45,1177.94,2018
2018-08-24,Dow Jones,1402.55,2033.73,1459.94,1360.95,218426967.0,0.57,5.95,6.64,3.19,104.0,24563.0,2900.0,0.86,133.59,90.11,2347.75,235.94,5487.0,8.39,24.0,84.18,7673.0,275.6,259.42,2018
2018-08-25,NASDAQ,1986.41,1953.09,2004.21,1894.0900000000001,487813508.0,0.18,1.91,5.39,2.97,107.0,3244.0,2686.0,1.01,118.98,99.51,1989.39,108.63,6395.0,7.82,17.0,84.29,14665.0,1593.92,1335.41,2018
2018-08-26,S&P 500,2434.86,2430.7,2456.18,2427.2300000000005,165623214.0,-3.31,8.83,13.95,8.84,59.0,25038.0,456.0,1.13,97.66,99.965,1888.52,207.9,9182.0,1.57,48.0,91.84,220.0,1744.35,1488.46,2018
2018-08-27,S&P 500,4140.26,4145.68,4177.0,4112.27,994272593.0,6.7,3.59,3.98,8.9,73.0,26478.0,456.0,1.12,110.97,100.42,2090.49,263.3,5190.0,3.46,19.0,38.89,2907.0,1800.22,1509.84,2018
2018-08-28,S&P 500,3598.04,3601.96,3604.19,3597.74,980399384.0,5.1,5.73,9.12,6.7,103.0,5533.0,3052.0,1.02,124.28,93.48,2379.01,346.31,8632.0,5.58,12.0,76.08,13892.0,2130.13,1811.28,2018
2018-08-29,Dow Jones,1889.45,1878.47,1926.29,1864.91,168524672.0,5.18,0.44,5.37,7.78,103.0,25160.0,277.0,1.37,146.63,86.54,2360.71,238.05,3809.0,3.79,22.0,13.56,1984.0,1875.3,1598.77,2018
2018-08-30,NASDAQ,1340.23,1331.32,1371.04,1301.66,126370503.0,-4.8,4.54,6.52,8.77,63.0,16304.0,3050.0,0.95,122.22,113.94,1447.23,156.23,3809.0,2.85,24.0,71.25,8648.0,1607.9,1325.97,2018
2018-08-31,S&P 500,4809.55,4763.93,1521.35,1439.475,647157317.0,-3.99,0.06,14.5,7.05,104.0,22961.0,960.0,1.28,106.22,120.8,2175.35,422.17,2566.0,3.29,34.0,92.31,7729.0,125.45,1325.97,2018
2018-09-01,Unknown,1616.58,1650.96,1671.66,1577.29,487813508.0,6.43,9.95,4.73,1.32,100.0,18878.0,2808.0,1.4,138.59,80.11,2447.58,473.05,7936.0,9.09,43.0,50.34,2008.0,2155.25,1325.97,2018
2018-09-02,S&P 500,3302.37,3297.04,3320.14,3253.8,364946725.0,2.99,0.1,11.91,5.41,70.0,19575.0,2965.0,0.97,80.07,139.96,1075.88,277.29,7801.0,9.09,38.0,55.57,8806.0,1258.57,1051.9,2018
2018-09-03,S&P 500,2181.21,2209.36,2237.3,2163.44,219982647.0,6.87,9.65,7.41,3.63,117.0,12544.0,916.0,0.84,103.47,111.33,2485.27,240.14,8119.0,3.75,40.0,46.42,9728.0,2138.59,1840.02,2018
2018-09-04,Dow Jones,4572.36,4568.76,4586.759999999999,4552.0,121138393.0,2.92,5.96,3.06,8.9,93.0,8118.0,172.0,0.87,90.21,82.69999999999999,816.2,441.37,3748.0,8.4,24.0,62.75,7581.0,2160.88,1812.87,2018
2018-09-05,S&P 500,3684.37,3695.9,3697.38,3681.57,625667912.0,2.92,4.24,3.06,5.24,104.0,14932.0,1225.0,1.03,135.76,54.07,1797.77,226.35,7484.0,7.33,41.0,64.26,8244.0,2160.88,1230.07,2018
2018-09-06,Dow Jones,3076.9,3251.6375,3108.56,3046.15,345521771.0,7.1,1.58,3.06,6.2,64.0,4312.0,2476.0,0.87,140.73,113.77,2214.73,240.13,7070.0,6.17,28.0,94.34,4313.0,160.67,124.55,2018
2018-09-07,Dow Jones,4037.59,2807.375,4055.78,3948.97,653722138.0,7.64,6.24,4.52,8.24,91.0,17830.0,3318.0,1.115,138.8,109.25,1309.15,319.6,7070.0,9.55,31.0,32.63,1303.0,918.1,770.35,2018
2018-09-08,Dow Jones,4892.31,2363.1125,4924.21,4848.0,172507428.0,7.54,4.13,5.55,2.46,111.0,23882.0,1497.0,1.36,104.72,104.73,1206.25,413.78,4556.0,9.96,47.0,69.57,14601.0,479.23,441.1,2018
2018-09-09,S&P 500,1904.12,1918.85,1961.9,1865.05,614452879.0,3.39,7.13,5.22,9.14,97.0,6371.0,2094.0,1.5,100.44,110.33,1226.55,298.6,4556.0,5.9,28.0,0.75,4493.0,2124.5,1791.4,2018
2018-09-10,Dow Jones,2621.025,1056.49,1074.35,1037.33,943752431.0,-1.1,4.44,5.67,4.7,64.0,14186.0,2094.0,1.03,108.84,50.62,1415.34,264.89,1310.0,9.49,24.0,33.39,9171.0,314.25,284.97,2018
2018-09-11,NASDAQ,4132.65,4099.1,4150.09,4070.03,487813508.0,9.76,7.36,8.94,5.47,56.0,14186.0,4794.0,1.125,131.88,139.45,1482.45,351.56,8503.0,4.97,27.0,21.84,8133.0,1823.01,1547.76,2018
2018-09-12,S&P 500,1933.33,1959.84,3258.16,1924.85,472002569.0,6.95,6.63,11.59,0.74,84.0,996.0,3026.0,1.22,134.67000000000002,59.53,1157.76,398.39,8580.0,3.23,22.0,68.41,618.0,1283.58,1096.57,2018
2018-09-13,S&P 500,2349.38,2313.8,2366.23,2266.42,744523374.0,1.23,7.62,5.66,5.83,53.0,10702.0,1022.0,1.06,137.46,86.18,917.33,398.39,6718.0,3.43,24.0,0.25,5015.0,1976.5,1669.89,2018
2018-09-14,S&P 500,4642.42,4622.04,4683.28,4582.35,133875295.0,1.13,2.74,2.95,4.3,69.0,1754.0,3127.0,1.17,127.58,144.01,1397.15,159.24,278.0,0.26,21.0,73.26,5015.0,1769.81,1492.89,2018
2018-09-15,S&P 500,4821.79,4857.25,4875.87,4808.22,159020874.0,5.3,6.07,2.95,5.51,76.0,3794.0,129.0,1.28,127.57499999999999,42.64,1741.54,460.92,895.0,0.31,9.0,54.54,10701.0,2212.15,1856.65,2018
2018-09-16,Dow Jones,4481.025,2426.09,2452.07,2339.01,951768962.0,7.76,0.75,11.08,1.12,53.0,789.0,3935.0,0.84,127.57,142.44,1717.16,393.41,6961.0,2.9,21.0,67.22,9548.0,2212.15,680.77,2018
2018-09-17,S&P 500,4140.26,4145.68,4177.0,4112.27,994272593.0,6.7,3.59,3.98,8.9,73.0,26478.0,3935.0,1.12,123.91,100.42,2090.49,263.3,5190.0,3.46,19.0,38.89,2907.0,390.09,314.54,2018
2018-09-18,NASDAQ,1986.63,1952.73,2023.94,1939.8,487813508.0,6.72,2.83,6.74,8.9,59.0,12329.0,4260.0,1.39,120.25,124.61,2178.895,282.34,8782.0,7.69,11.0,31.97,8805.0,2075.95,1725.87,2018
2018-09-19,NASDAQ,1064.97,1088.82,1089.54,1015.22,152119883.0,-0.59,5.6,6.74,5.65,78.0,10675.0,4398.0,1.16,83.63,137.94,2267.3,282.92,565.0,7.69,24.0,68.76,2179.0,2299.2,1914.84,2018
2018-09-20,S&P 500,2434.86,2430.7,2456.18,2427.2300000000005,165623214.0,-3.31,8.83,13.95,8.84,59.0,25038.0,456.0,1.13,97.66,89.91,1888.52,207.9,9182.0,1.57,48.0,91.84,220.0,456.36,406.83,2018
2018-09-21,NASDAQ,1987.43,1959.89,2035.09,1940.21,310003006.0,4.44,9.74,3.68,8.9,110.0,23950.0,3405.0,1.4,106.05,41.88,1676.17,367.3,3014.0,6.35,26.0,19.65,13864.0,1016.02,865.54,2018
2018-09-22,NASDAQ,3724.975,1463.35,1528.17,1417.92,487813508.0,8.0,0.18,3.68,8.9,98.0,19634.0,3781.0,0.89,143.7,80.57,2120.8,367.3,5328.0,1.8,39.0,40.59,11644.0,1021.41,863.6,2018
2018-09-23,NASDAQ,2568.37,2571.13,2406.295,2556.08,621791179.0,2.76,1.57,8.32,6.21,92.0,19634.0,1947.0,1.0,110.46,67.75999999999999,1503.7,415.61,5690.0,3.38,44.0,77.76,12666.0,1482.63,1251.82,2018
2018-09-24,Unknown,3220.54,3254.58,3284.42,3197.51,400904199.0,6.01,7.03,9.61,6.46,118.0,892.0,3976.0,1.11,96.99,54.95,2330.3,307.56,613.0,2.87,22.0,38.76,4423.0,129.22,93.56,2018
2018-09-25,Dow Jones,2386.1,2386.71,2415.28,2336.94,436623865.0,4.65,3.81,10.88,3.32,79.0,10820.0,4138.0,1.03,84.53,46.37,2378.87,437.01,6215.0,5.41,44.0,70.21,1365.0,129.22,1403.68,2018
2018-09-26,NASDAQ,2143.03,2134.8300000000004,2156.66,2114.82,287334533.0,2.76,1.93,11.7,8.22,108.0,21016.0,2663.0,1.17,113.1,80.37,1395.39,474.69,220.0,5.41,14.0,50.34,12945.0,2226.6,1872.88,2018
2018-09-27,Dow Jones,4373.3,4348.87,4387.81,4311.83,410939114.0,2.76,6.9,10.5,5.55,99.0,21016.0,3149.0,0.82,108.13,60.27,1956.62,145.54,9789.0,5.99,13.0,69.24,2843.0,1846.41,1541.85,2018
2018-09-28,Dow Jones,3373.85,3372.49,3375.82,3339.8,903552516.0,6.08,8.95,12.93,4.59,76.0,19087.0,2586.0,0.85,83.46,117.53,1703.9499999999998,381.55,8052.0,1.58,47.0,33.34,775.0,146.81,100.09,2018
2018-09-29,Dow Jones,4803.09,4754.84,3149.21,4730.76,818977199.0,-4.23,1.47,3.4,2.95,87.0,8105.0,239.0,0.88,97.93,91.36,1451.28,264.38,4540.0,7.54,24.0,50.34,6998.0,103.02,84.81,2018
2018-09-30,NASDAQ,2907.6,2920.57,2922.6,2906.09,881853414.0,2.82,4.94,3.4,9.37,116.0,14573.0,239.0,1.13,113.58500000000001,128.53,1206.79,394.74,3427.0,2.42,6.0,84.56,8550.0,1876.72,1577.32,2018
2018-10-01,Unknown,4716.91,4764.35,4778.07,4679.19,779249745.0,5.26,7.78,6.82,5.5,86.0,19875.0,1255.0,1.01,129.24,75.51,2407.53,466.27,9339.0,7.34,25.0,96.37,8550.0,2191.79,1577.32,2018
2018-10-02,Dow Jones,3893.35,4153.97,4213.0,4149.97,365454685.0,-0.14,2.89,3.99,1.7,99.0,3408.0,151.0,1.43,148.54,67.89,1434.97,429.17,6242.0,2.3,26.0,18.27,9613.0,2191.79,937.54,2018
2018-10-03,S&P 500,3069.79,3026.67,3082.38,3025.4300000000003,487813508.0,4.77,6.99,8.09,1.35,110.0,27414.0,1041.0,1.15,96.66,67.155,920.99,189.35,6242.0,3.69,24.0,69.34,4738.0,2065.54,937.54,2018
2018-10-04,Dow Jones,2578.29,2619.45,2666.79,2534.91,783996011.0,0.53,6.32,3.44,5.87,91.0,14927.0,4103.0,1.28,84.36,66.42,1482.62,227.24,2672.0,4.06,27.0,18.42,7784.0,2217.87,1869.05,2018
2018-10-05,Dow Jones,3681.74,3657.15,3693.61,3655.29,916624260.0,7.65,2.58,4.7,5.195,91.0,14927.0,263.0,1.16,114.75,76.26,1357.98,270.58,5903.0,4.06,12.0,30.99,10108.0,1375.23,1192.92,2018
2018-10-06,S&P 500,2285.98,2318.16,2332.5,2281.63,487813508.0,5.07,1.9,13.99,3.89,71.0,700.0,2691.0,1.36,96.49,35.46,1033.5,132.46,2628.0,1.82,37.0,81.88,5257.0,1073.74,913.7,2018
2018-10-07,Dow Jones,2731.26,2718.79,2737.58,2703.49,472868956.0,-0.36,7.88,8.56,3.63,105.0,27103.0,3143.0,1.24,123.2,38.1,996.61,373.92,2325.0,7.33,43.0,77.34,1641.0,1350.73,1135.08,2018
2018-10-08,Dow Jones,2052.99,2020.16,2069.5,2008.14,2436953.0,3.03,7.93,7.34,6.3,110.0,15373.0,2181.0,1.11,119.05,144.18,2057.43,309.42,5057.0,9.77,39.0,92.81,8138.0,1938.19,1624.71,2018
2018-10-09,S&P 500,2750.65,2765.17,2802.91,2743.56,487813508.0,-2.3,9.98,13.76,1.92,116.0,27831.0,1919.0,1.35,130.24,134.85,2440.98,259.26,9247.0,4.17,24.0,4.32,2867.0,1072.54,1624.71,2018
2018-10-10,Dow Jones,4428.72,4415.4,4438.650000000001,4375.93,267908397.0,6.51,9.82,4.28,5.04,59.0,1908.0,1919.0,0.95,85.82,128.73,1699.89,435.62,2947.0,2.76,14.0,44.18,775.0,216.68,204.23,2018
2018-10-11,S&P 500,2297.32,2283.82,2344.14,2263.63,487813508.0,-2.65,5.09,2.65,9.93,105.0,13615.0,452.0,1.27,110.38,122.61,2293.26,113.75,3884.0,6.91,49.0,41.9,13795.0,677.04,570.39,2018
2018-10-12,S&P 500,1784.98,1748.53,1793.58,1723.07,60516907.0,4.41,3.02,5.9,1.25,91.0,26737.0,2240.0,0.93,97.5,96.41,1440.42,344.37,2394.0,0.47,34.0,60.73,358.0,1876.67,1573.82,2018
2018-10-13,NASDAQ,4611.58,4631.69,2130.8199999999997,4606.05,573882019.0,-2.75,9.82,5.9,0.53,115.0,26737.0,1651.0,1.14,149.1,70.21,2256.62,360.97,8894.0,7.41,1.0,91.1,3161.0,1961.27,1637.08,2018
2018-10-14,S&P 500,2426.38,2465.4,2468.06,2408.85,432527648.0,7.24,1.37,5.9,6.74,79.0,15896.0,2654.0,0.82,136.03,69.62,1950.91,164.87,6068.0,1.92,24.0,50.34,3161.0,1427.87,1178.63,2018
2018-10-15,S&P 500,2488.69,2530.77,2542.87,2461.08,788923533.0,5.42,8.33,8.5,8.07,119.0,11423.0,317.0,0.88,96.96,35.64,1138.79,107.77,6876.0,8.66,36.0,59.32,587.0,1444.0,1214.71,2018
2018-10-16,NASDAQ,2070.37,2043.91,2070.83,2035.7,103405247.0,-1.46,4.98,11.76,8.26,116.0,22640.0,2150.0,0.91,94.78,96.15,1845.02,148.06,5874.0,4.5,29.0,70.16,10723.0,1132.98,959.2,2018
2018-10-17,NASDAQ,1841.27,1843.29,1845.18,1826.86,550824831.0,-3.72,1.25,8.2,0.92,114.0,3560.0,2150.0,1.01,106.02,103.725,2205.28,347.08,371.0,9.63,1.0,14.12,4077.0,91.16,96.81,2018
2018-10-18,S&P 500,1021.25,1028.97,1047.46,1011.84,952991536.0,-4.4,7.38,14.21,6.27,96.0,24039.0,1525.0,1.25,148.13,111.3,1880.5,265.66,2202.0,8.86,24.0,75.88,13910.0,499.5,376.61,2018
2018-10-19,NASDAQ,1904.5,1932.3,1963.74,1880.61,934279544.0,3.18,7.38,7.23,4.27,104.0,21882.0,2237.0,1.49,125.96,134.59,1225.86,154.5,583.0,2.54,46.0,36.11,14059.0,358.98,303.63,2018
2018-10-20,NASDAQ,4925.03,4905.35,2675.915,4898.36,167534063.0,3.53,0.18,9.59,1.56,89.0,6766.0,4473.0,1.02,144.97,121.19,1296.75,298.57,8151.0,2.54,36.0,50.34,10570.0,1527.5,1273.33,2018
2018-10-21,NASDAQ,8375.85,3326.1600000000003,3388.09,3315.61,481374669.0,-3.8,6.01,13.98,7.67,102.0,1956.0,2728.0,1.07,131.55,119.46,2444.56,256.02,4536.0,2.54,32.0,99.37,12510.0,1029.48,859.56,2018
2018-10-22,S&P 500,1004.45,1048.96,1083.05,2212.565,723652120.0,-4.31,9.83,4.4,7.91,54.0,17623.0,3330.0,1.22,115.0,70.2,2367.04,119.59,1598.0,6.05,27.0,9.87,14922.0,1667.21,1421.35,2018
2018-10-23,S&P 500,1142.36,1165.96,1177.41,1109.52,37841909.0,-2.66,0.63,9.68,1.06,54.0,2207.0,1430.0,0.8,148.99,65.49,2420.36,119.59,1222.0,3.82,5.0,19.1,2482.0,1667.21,1421.35,2018
2018-10-24,NASDAQ,3177.93,3154.54,3181.93,3122.32,46131515.0,9.39,3.98,13.81,8.36,85.0,6672.0,829.0,0.85,129.85,123.26,2191.22,268.04,5066.0,1.67,13.0,52.34,8220.0,924.9,748.39,2018
2018-10-25,S&P 500,4293.09,4336.08,4381.27,4243.150000000001,801605176.0,2.72,6.24,13.81,5.22,111.0,27060.0,3219.0,1.35,98.15,94.21,2408.4,296.41,3594.0,9.28,43.0,25.29,7704.0,1847.27,1549.12,2018
2018-10-26,NASDAQ,4673.71,4633.07,4685.81,4588.73,15508208.0,-1.31,2.51,10.49,2.04,102.0,10043.0,1047.0,1.25,132.94,58.864999999999995,2184.25,118.41,7144.0,4.19,14.0,76.67,6325.0,1944.24,1639.93,2018
2018-10-27,Dow Jones,3647.88,3689.1,3732.78,3633.64,216754308.0,9.51,9.49,12.66,1.13,99.0,14174.0,4392.0,1.17,129.54,23.52,1574.27,276.65,7144.0,3.52,24.0,46.26,2492.0,1060.11,936.31,2018
2018-10-28,S&P 500,4529.67,4507.86,4556.16,4485.889999999999,961746099.0,0.45,8.89,7.98,5.195,118.0,4150.0,4075.0,1.43,138.4,77.295,1659.63,109.33,9325.0,5.87,24.0,14.04,13086.0,1837.65,1552.96,2018
2018-10-29,NASDAQ,3766.62,3770.08,3796.57,3751.85,567461844.0,8.36,0.22,12.3,4.37,68.0,7597.0,1508.0,1.46,87.85,131.07,2434.39,100.13,4549.0,6.14,10.0,91.01,10457.0,1721.6,1409.46,2018
2018-10-30,Dow Jones,1644.88,1685.82,1691.59,1622.39,451019552.0,-2.81,5.24,12.46,5.03,63.0,25621.0,4435.0,1.12,94.41,55.3,1742.4,100.13,1474.0,2.89,24.0,51.49,4061.0,1517.19,1315.83,2018
2018-10-31,NASDAQ,4256.5,4226.27,4284.66,4202.03,834309324.0,0.04,6.07,13.0,3.74,83.0,28652.0,3257.0,0.9,116.09,45.19,2294.52,329.38,7840.0,9.88,20.0,86.35,13809.0,2118.0,1315.83,2018
2018-11-01,S&P 500,4293.09,4336.08,4381.27,4243.150000000001,801605176.0,2.72,6.24,13.0,5.22,111.0,27060.0,3219.0,1.35,98.15,94.21,2408.4,296.41,3594.0,9.28,43.0,25.29,7704.0,961.32,817.21,2018
2018-11-02,NASDAQ,4808.25,4823.03,4858.87,4799.59,833087042.0,-2.59,5.44,7.67,9.39,112.0,10049.0,4623.0,1.26,136.12,68.58,1627.89,158.34,3839.0,8.93,24.0,32.07,1889.0,2096.15,1764.32,2018
2018-11-03,S&P 500,2567.64,2598.23,2634.68,2535.77,571913320.0,3.33,9.49,14.55,7.2,112.0,4720.0,3122.0,1.17,105.22,42.95,847.38,246.77,198.0,9.2,16.0,5.22,4998.0,1536.35,1273.35,2018
2018-11-04,NASDAQ,2473.39,2483.44,2484.03,2457.74,461725101.0,3.04,0.47,13.0,9.54,80.0,29680.0,4656.0,0.91,142.11,73.61,844.19,481.72,6443.0,4.01,41.0,87.96,9461.0,1427.57,1177.71,2018
2018-11-05,NASDAQ,3322.8,3331.3700000000003,3679.2200000000003,3308.33,487813508.0,7.49,4.56,4.18,4.65,106.0,28688.0,2928.0,1.33,136.61,31.47,1997.24,481.72,3130.0,2.55,44.0,26.31,1575.0,1940.08,1642.0,2018
2018-11-06,Dow Jones,4868.51,4824.13,4874.41,4805.58,630562028.0,0.09,9.16,4.99,9.73,101.0,2515.0,1610.0,1.48,113.52,25.65,2091.55,131.64,6152.0,4.72,48.0,17.22,13738.0,1940.08,1642.0,2018
2018-11-07,NASDAQ,2477.12,2495.15,2507.44,2449.66,791941160.0,8.54,3.28,4.99,3.63,73.0,27548.0,4826.0,0.91,136.94,50.32,1838.4950000000001,154.29,3329.0,4.72,9.0,19.85,3605.0,1871.19,1588.05,2018
2018-11-08,S&P 500,1934.96,1935.87,1964.39,1888.63,223403006.0,4.8,9.93,14.73,2.21,79.0,20807.0,4293.0,1.37,132.335,40.07,1585.44,202.93,3329.0,3.97,24.0,48.51,3152.0,2210.67,1857.81,2018
2018-11-09,S&P 500,3972.77,3989.24,3999.39,3932.97,67507182.0,5.83,7.76,7.47,8.65,54.0,20807.0,745.0,1.13,127.73,131.18,2322.37,341.85,7778.0,4.59,24.0,54.04,8726.0,2012.27,1714.19,2018
2018-11-10,Dow Jones,4193.17,4233.33,4280.0,4160.51,6668795.0,-1.49,2.29,7.24,1.49,97.0,2268.0,4235.0,1.08,145.04,55.49,2345.27,442.43,4339.0,1.21,39.0,81.42,7544.0,2227.54,1894.74,2018
2018-11-11,Dow Jones,2126.46,2142.61,2160.23,2103.61,137752595.0,2.56,2.44,3.68,1.49,110.0,3605.0,4003.0,1.27,82.46,141.1,2010.84,143.95,8988.0,6.42,39.0,15.06,6915.0,1770.33,1498.65,2018
2018-11-12,S&P 500,3433.28,3396.45,3453.19,3379.6,688745553.0,1.7,7.71,13.22,7.85,96.0,1871.0,2349.0,1.04,123.12,76.22,1121.56,482.01,8100.0,1.79,48.0,8.34,12962.0,109.01,108.01,2018
2018-11-13,Unknown,1504.01,1473.12,1521.79,1425.72,873473407.0,-3.53,8.68,11.44,6.52,118.0,8351.0,4838.0,0.9,144.67,23.21,853.58,343.54,7907.0,1.79,24.0,43.11,3620.0,109.01,902.46,2018
2018-11-14,NASDAQ,4871.05,4857.59,4920.49,4826.79,95898331.0,7.74,8.68,13.29,3.17,53.0,10885.0,1476.0,1.01,128.31,43.25,834.01,344.13,8896.0,0.52,24.0,50.34,11220.0,602.58,514.79,2018
2018-11-15,NASDAQ,1334.1,1378.79,1401.31,1288.67,839212064.0,-3.88,0.17,13.29,6.07,53.0,26024.0,4114.0,1.0,137.93,20.65,1992.81,477.64,204.0,3.37,34.0,81.77,5829.0,2025.48,1709.51,2018
2018-11-16,S&P 500,1614.76,1624.01,1629.62,1573.25,808384605.0,6.21,4.22,13.29,5.34,100.0,6825.0,3792.0,0.9550000000000001,143.94,71.97,1964.71,386.29,7675.0,6.09,22.0,14.05,5829.0,1934.16,1629.43,2018
2018-11-17,S&P 500,1501.95,1475.27,1503.15,1437.88,298009211.0,7.26,5.39,2.04,1.28,112.0,24668.0,1236.0,0.91,99.68,60.08,1947.21,429.6,6410.0,8.59,24.0,69.21,6813.0,90.65,79.19,2018
2018-11-18,Dow Jones,2255.87,2274.0,2289.43,2255.48,8408040.0,0.4,5.05,11.46,1.18,81.0,24668.0,341.0,1.14,134.25,83.45,2248.72,260.22,6851.0,8.04,33.0,92.69,703.0,90.65,1738.15,2018
2018-11-19,Dow Jones,1402.55,3031.34,1459.94,1360.95,218426967.0,0.57,5.95,6.64,1.18,104.0,24563.0,2900.0,0.86,133.59,90.11,2347.75,235.94,5487.0,8.39,24.0,84.18,7673.0,90.65,775.17,2018
2018-11-20,S&P 500,3784.62,3788.68,2836.4700000000003,3744.06,88386857.0,5.45,5.5,2.79,3.19,96.0,23278.0,3378.0,0.94,97.94,136.57,1033.42,299.35,308.0,8.09,43.0,62.75,12642.0,130.07,117.43,2018
2018-11-21,Dow Jones,3836.5950000000003,4153.97,4213.0,4149.97,365454685.0,-0.14,2.89,3.99,1.7,99.0,3408.0,151.0,1.43,148.54,67.89,1434.97,429.17,6242.0,2.3,26.0,18.27,9613.0,1731.1,1458.29,2018
2018-11-22,NASDAQ,3888.57,3086.495,3917.29,3866.92,772232825.0,9.19,7.51,8.65,5.6,74.0,29511.0,1161.0,1.415,87.82,60.16,1541.5900000000001,206.02,3588.0,0.45,33.0,64.72,6251.0,859.4,718.84,2018
2018-11-23,NASDAQ,2004.68,2019.02,4097.84,1962.29,360592384.0,2.76,4.97,13.7,3.19,74.0,7342.0,3306.0,1.4,107.82,52.43,1648.21,452.47,6438.0,0.45,29.0,30.76,6125.0,1584.48,1363.83,2018
2018-11-24,Dow Jones,4233.62,4192.52,4278.39,4183.84,47425245.0,2.69,1.47,7.28,2.34,50.0,17995.0,766.0,1.44,147.74,44.7,810.75,334.61,5154.0,6.96,9.0,95.91,11322.0,657.4,540.81,2018
2018-11-25,Dow Jones,3210.0,3166.61,3230.14,3149.8,942751050.0,5.34,4.22,9.51,6.91,52.0,21431.0,2135.0,1.24,141.05,36.97,1064.6,377.81,6146.0,5.36,24.0,63.85,7898.0,1894.7,1570.52,2018
2018-11-26,Dow Jones,2169.53,3195.3100000000004,2223.23,2161.83,833190194.0,0.77,5.2,9.51,0.83,115.0,29885.0,2059.0,1.075,109.55,29.66,1095.6,377.81,7724.0,3.51,41.0,56.09,7898.0,1884.36,1570.52,2018
2018-11-27,Dow Jones,3263.4,3224.01,3279.23,3196.55,230543798.0,3.68,4.34,9.48,8.7,112.0,29885.0,3179.0,0.91,137.16,39.56,1422.355,299.97,2808.0,0.92,24.0,74.0,7997.0,1467.34,1233.72,2018
2018-11-28,Dow Jones,3951.71,3972.92,4002.67,3949.32,842264610.0,8.42,0.39,10.2,3.83,87.0,27451.0,587.0,1.34,125.85,91.235,1749.11,182.0,6295.0,8.95,35.0,27.23,3904.0,1352.21,1233.72,2018
2018-11-29,S&P 500,3049.46,3029.95,3084.26,3016.73,942649882.0,-1.93,7.17,7.67,1.51,95.0,19673.0,4543.0,0.81,103.62,142.91,1636.74,462.25,1375.0,8.95,24.0,7.13,9368.0,1540.18,1288.01,2018
2018-11-30,Dow Jones,2746.46,2768.27,2768.91,2706.99,173299388.0,0.59,3.39,10.84,2.72,102.0,24073.0,2504.0,1.22,83.06,35.62,2182.44,320.78,6126.0,1.53,15.0,1.86,5450.0,2260.54,1912.24,2018
2018-12-01,Dow Jones,4212.01,4257.08,4294.83,4172.820000000001,138873708.0,0.48,9.78,5.92,9.83,110.0,19104.0,3208.0,1.09,134.8,146.16,897.59,494.2,4619.0,2.87,24.0,93.12,5450.0,554.53,460.27,2018
2018-12-02,Dow Jones,4396.39,4427.62,4456.08,4368.39,297063703.0,4.64,5.37,4.47,0.75,107.0,19768.0,591.0,1.04,109.95,26.87,1110.92,265.58,7705.0,7.14,24.0,24.46,11982.0,554.53,1839.56,2018
2018-12-03,NASDAQ,3831.34,3834.21,3835.77,3812.02,368280027.0,0.68,5.37,11.97,9.52,116.0,22078.0,2607.0,1.09,149.03,79.4,980.56,120.87,9561.0,7.22,6.0,40.05,13851.0,1650.31,1418.71,2018
2018-12-04,NASDAQ,1110.15,2414.42,1132.76,1060.38,866426896.0,8.14,0.02,14.59,3.16,59.0,21239.0,166.0,1.25,137.33,133.26,1830.37,274.62,760.0,8.17,11.0,2.85,1644.0,2273.57,1901.82,2018
2018-12-05,Dow Jones,1007.97,994.63,1053.51,960.51,970776935.0,7.58,9.71,10.55,1.84,85.0,20702.0,1099.0,0.89,85.2,123.15,2023.89,491.36,6200.0,9.12,28.0,14.62,8018.0,1017.07,850.51,2018
2018-12-06,Dow Jones,1706.4250000000002,5025.17,5034.94,4943.59,290809088.0,1.48,6.62,10.43,9.48,107.0,8567.0,1859.0,1.41,118.04,22.58,1881.74,189.45,6200.0,4.32,27.0,92.03,5978.0,989.04,842.3,2018
2018-12-07,S&P 500,2404.88,2407.35,2440.59,2377.98,98439251.0,9.48,3.87,6.19,4.33,85.0,15921.0,1408.0,1.01,149.96,127.1,1303.07,116.18,6757.0,2.2,21.0,86.14,13590.0,989.04,960.18,2018
2018-12-08,NASDAQ,3447.9500000000003,3435.6000000000004,3265.58,3200.94,242418630.0,-3.61,4.11,13.97,8.63,110.0,12013.0,3012.0,1.17,117.88,136.62,1915.05,459.15,3807.0,8.29,32.0,40.53,1360.0,2268.8,960.18,2018
2018-12-09,S&P 500,4491.02,4463.85,3196.9300000000003,4442.38,437059637.0,7.04,5.41,12.11,7.16,92.0,20167.0,3589.0,1.13,88.95,65.72,890.96,197.84,1834.0,1.52,32.0,50.34,7014.0,1077.12,904.0,2018
2018-12-10,Unknown,3109.6,3061.2,3128.28,3027.26,109481716.0,-4.43,7.57,5.39,9.66,116.0,22063.0,383.0,1.43,107.92,52.57,2050.84,490.26,9903.0,1.78,15.0,29.24,9021.0,2195.46,1829.44,2018
2018-12-11,Dow Jones,1302.8,1309.68,1346.3,1264.54,678749613.0,-2.64,1.07,10.57,3.78,70.0,25290.0,3001.0,0.86,82.55,137.18,1145.31,141.81,9010.0,8.54,26.0,64.21,4043.0,894.17,740.12,2018
2018-12-12,Dow Jones,2532.86,2548.28,2565.8,2513.22,142683930.0,8.27,5.2,8.59,2.71,70.0,17417.0,4829.0,0.87,103.33,89.13,2004.3,118.17,6606.0,4.92,24.0,8.48,11301.0,1521.32,1283.19,2018
2018-12-13,Dow Jones,1270.42,1234.53,1313.04,1218.62,687892815.0,8.27,9.98,4.33,2.29,84.0,19814.0,2155.0,1.17,124.19,41.08,1754.39,485.5,3915.0,3.9,35.0,50.34,9997.0,1145.36,959.69,2018
2018-12-14,Dow Jones,1033.28,1003.1,1080.11,1781.875,420382712.0,9.33,4.02,2.71,4.05,54.0,6132.0,2183.0,1.035,126.23,73.2,1691.04,474.61,4000.0,4.16,17.0,31.69,2221.0,747.09,648.24,2018
2018-12-15,S&P 500,2370.36,2349.94,2410.04,2345.13,401483876.0,9.33,4.27,10.93,3.98,101.0,24961.0,455.0,0.9,121.4,78.82,1593.5,441.29,7669.0,5.97,30.0,31.53,14828.0,757.97,622.31,2018
2018-12-16,NASDAQ,4752.26,4725.39,4758.98,4681.6,655157781.0,1.5,9.65,4.28,5.98,69.0,18568.0,4298.0,1.09,147.93,29.92,2314.32,458.8,6376.0,1.96,0.0,15.95,6215.0,1463.94,1248.42,2018
2018-12-17,NASDAQ,1570.23,1617.3,1646.83,1526.09,153908531.0,9.36,2.23,10.04,3.67,95.0,29641.0,3511.0,1.41,134.08,119.2,1162.11,457.38,7197.0,1.49,43.0,76.5,6245.0,581.85,460.53,2018
2018-12-18,Dow Jones,2605.85,2687.04,2637.04,2559.02,923823257.0,9.12,1.76,10.69,4.55,77.0,14463.0,1913.0,1.08,113.81,51.81,1003.55,374.53,107.0,7.52,42.0,5.89,10671.0,555.51,441.72,2018
2018-12-19,NASDAQ,3728.77,3756.78,3776.17,3723.19,237171903.0,-0.22,6.86,12.04,9.94,53.0,7338.0,4440.0,0.93,106.2,55.77,1647.7,269.64,5107.0,5.3,45.0,28.87,3475.0,1184.25,983.19,2018
2018-12-20,S&P 500,3443.12,3421.3,3491.59,3391.92,29357507.0,9.01,8.21,6.16,9.96,57.0,7338.0,3230.0,0.94,123.56,44.39,1888.4,313.32,6557.0,6.77,21.0,52.51,3475.0,1436.48,1228.98,2018
2018-12-21,NASDAQ,4326.07,4302.55,4345.95,4297.97,416062184.0,-2.55,5.87,2.78,9.96,64.0,15807.0,3274.0,1.04,135.47,114.12,1729.22,296.57,6509.0,2.47,18.0,87.61,12962.0,1436.48,1036.97,2018
2018-12-22,Dow Jones,2996.15,1229.23,1264.13,1193.75,349703115.0,-1.52,2.56,8.08,6.0,66.0,12411.0,2872.0,1.22,89.22,62.08,1874.33,306.09,6832.0,0.82,19.0,41.99,5864.0,501.3,418.21,2018
2018-12-23,NASDAQ,3043.23,2066.76,2178.895,2013.43,891321824.0,-4.43,0.64,7.8,1.06,95.0,11373.0,1996.0,1.06,103.96,47.86,1621.92,275.09,9405.0,3.16,24.0,80.69,4865.0,901.35,418.21,2018
2018-12-24,S&P 500,3090.31,3051.56,3093.66,3008.51,274314633.0,7.77,2.36,4.92,0.96,83.0,6621.0,4807.0,1.23,127.08,33.64,1572.63,193.22,2516.0,5.25,23.0,39.7,14502.0,763.07,642.0,2018
2018-12-25,S&P 500,2612.84,2613.84,2628.64,2573.66,425138592.0,5.23,7.13,4.66,1.29,108.0,16252.0,1351.0,1.16,107.17,22.67,965.29,147.26,1537.0,9.69,22.0,63.69,7779.0,233.5,204.89,2018
2018-12-26,Dow Jones,4276.25,4283.82,4289.83,4237.9,628454769.0,4.98,2.24,12.91,2.41,108.0,12520.0,2019.0,1.08,129.87,33.27,1881.77,428.8,4403.0,7.8,24.0,22.56,150.0,1829.72,1524.57,2018
2018-12-27,S&P 500,4503.53,4478.11,4510.53,4463.32,346815999.0,1.6,2.69,6.74,3.74,85.0,2578.0,3232.0,0.84,146.03,49.019999999999996,2359.83,101.08,9738.0,8.6,22.0,97.39,1048.0,1610.59,1326.95,2018
2018-12-28,S&P 500,3513.71,3494.02,3521.01,3463.49,931777856.0,3.09,6.04,6.74,3.74,79.0,27154.0,3043.0,1.02,146.31,64.77,1961.26,179.59,475.0,3.91,8.0,91.51,4891.0,1371.36,1326.95,2018
2018-12-29,NASDAQ,2111.41,2125.33,2148.04,2067.57,828232299.0,-4.54,2.97,2.78,3.74,54.0,16348.0,3587.0,1.38,147.05,104.85,1362.01,217.41,854.0,5.03,24.0,37.37,1100.0,655.39,556.92,2018
2018-12-30,NASDAQ,3676.88,3666.71,3712.58,3643.15,487813508.0,9.57,6.71,4.6,8.33,104.0,16348.0,1007.0,1.07,113.64,80.83,1065.24,197.3,544.0,6.09,23.0,53.31,3716.0,614.09,554.17,2018
2018-12-31,Dow Jones,4753.93,4782.06,4810.76,3807.165,36672741.0,0.51,1.36,5.28,4.35,104.0,12467.0,442.0,1.1400000000000001,94.19,56.81,958.77,197.3,3522.0,6.21,11.0,49.04,9787.0,2069.36,1749.68,2018
2019-01-01,NASDAQ,4020.53,3998.0,4026.93,3971.18,487813508.0,-0.96,5.58,4.95,4.35,57.0,11687.0,4472.0,1.21,141.96,66.7,1967.8,400.51,6809.0,3.0,24.0,32.31,13650.0,1052.18,879.13,2019
2019-01-02,NASDAQ,1675.24,1647.55,1707.46,1607.26,181449207.0,3.98,2.99,4.46,6.78,111.0,27505.0,2474.0,0.82,81.3,76.59,1877.94,489.66,5124.0,4.89,23.0,80.0,10470.0,823.28,684.32,2019
2019-01-03,Dow Jones,3676.09,3691.92,3711.8,3658.77,454777371.0,5.28,9.91,9.86,4.68,81.0,5725.0,1849.0,1.26,121.29,127.88,1789.14,126.08,5124.0,3.21,47.0,24.71,10470.0,988.7,809.15,2019
2019-01-04,Dow Jones,1838.76,1860.2,1905.29,1814.66,995012762.0,-1.4,5.62,3.19,2.41,113.0,22291.0,3361.0,1.29,86.05,91.32,1555.62,381.97,6888.0,3.21,24.0,0.5,1457.0,1360.63,1121.94,2019
2019-01-05,Dow Jones,4505.28,4539.5,4587.5,4497.2,568957717.0,0.59,2.93,8.15,3.08,109.0,6832.0,2188.0,0.95,116.14,22.09,1850.72,481.35,6414.0,3.21,29.0,38.09,3826.0,321.09,283.43,2019
2019-01-06,Dow Jones,4175.74,4255.535,4192.71,4151.94,17404064.0,6.7,7.48,9.62,0.85,50.0,2294.0,3801.0,0.85,116.92,50.67,938.67,164.16,7430.0,1.22,7.0,76.27,10439.0,1876.49,1615.09,2019
2019-01-07,NASDAQ,3951.54,3971.57,3994.38,3915.22,267163433.0,6.32,9.73,14.8,3.57,117.0,25016.0,1266.0,1.16,129.71,79.25,2119.48,215.06,2643.0,2.14,23.0,42.92,6821.0,2054.64,1727.53,2019
2019-01-08,NASDAQ,2913.96,3179.62,2924.22,2836.5,746247809.0,6.32,0.54,11.71,5.36,65.0,22414.0,3023.0,1.32,142.5,107.83,1774.94,231.72,2185.0,8.05,49.0,47.39,6821.0,1739.23,1494.56,2019
2019-01-09,NASDAQ,2392.38,2387.67,2425.59,2353.19,801450405.0,5.6,0.76,2.22,1.08,59.0,24899.0,4053.0,1.44,99.88,42.84,1267.86,231.72,2481.0,7.83,22.0,34.76,9159.0,605.18,523.21,2019
2019-01-10,NASDAQ,3705.93,3699.17,3746.3,3656.05,941352363.0,7.79,3.16,8.18,4.17,66.0,1600.0,4621.0,1.42,95.31,78.99,1470.67,402.46,6712.0,6.48,34.0,11.19,1829.0,1800.97,1508.06,2019
2019-01-11,Dow Jones,4906.24,4947.9,4954.27,4857.81,932047804.0,3.62,8.09,14.51,6.0,53.0,16620.0,4390.0,1.41,134.09,65.05,1982.36,103.85,1941.0,4.35,29.0,28.54,3043.0,1747.59,1464.27,2019
2019-01-12,Dow Jones,4512.13,4530.87,3381.92,4489.83,539011100.0,4.69,7.73,10.91,8.71,53.0,6502.0,1602.0,0.95,106.08,70.33,1316.2,295.41,4214.0,1.95,26.0,26.13,10253.0,1747.59,1365.05,2019
2019-01-13,S&P 500,1801.9,1782.92,1809.57,1755.74,262053146.0,7.45,1.53,12.88,3.42,71.0,3593.0,3305.0,1.49,105.7,69.59,1140.46,470.22,4214.0,2.1,18.0,89.83,4290.0,534.23,469.78,2019
2019-01-14,S&P 500,3674.29,3678.04,3715.69,3099.0600000000004,495271864.0,6.87,1.41,7.57,6.46,88.0,1224.0,111.0,1.11,127.32,68.85,1766.15,277.22,6613.0,6.17,11.0,95.82,4290.0,1835.15,1584.42,2019
2019-01-15,S&P 500,4491.02,4463.85,2654.785,4442.38,437059637.0,7.04,5.41,12.11,7.16,92.0,20167.0,3589.0,1.13,88.95,65.72,890.96,197.84,1834.0,1.52,32.0,50.34,7014.0,1767.08,1509.13,2019
2019-01-16,NASDAQ,1528.72,1564.88,1593.88,1513.16,288457868.0,3.61,1.83,12.19,1.23,55.0,2967.0,1992.0,0.96,87.8,63.2,2195.84,383.18,5945.0,5.6,24.0,31.35,9633.0,1651.4,1358.17,2019
2019-01-17,Unknown,4415.85,4416.26,4416.28,4371.68,637856498.0,-1.46,2.47,14.41,9.38,96.0,11804.0,1833.0,1.12,124.46,121.06,907.98,296.23,8827.0,7.02,19.0,12.64,14888.0,1456.43,1255.46,2019
2019-01-18,Dow Jones,2663.1,2705.08,2721.82,2657.96,723854755.0,5.31,0.08,10.47,5.58,60.0,28770.0,1618.0,1.32,105.68,141.3,2143.7,107.32,619.0,7.37,24.0,87.44,4889.0,671.68,586.71,2019
2019-01-19,NASDAQ,2315.29,2297.95,2337.49,2260.36,560913513.0,2.76,1.27,7.01,1.26,107.0,28770.0,4588.0,1.48,97.51,100.84,2163.92,469.52,3287.0,5.16,49.0,50.34,11512.0,2041.59,1716.58,2019
2019-01-20,Dow Jones,3695.02,3650.73,3699.06,3611.37,674425146.0,2.61,8.63,4.9,8.83,83.0,15445.0,109.0,1.15,131.15,104.05,2471.04,237.63,6620.0,2.55,8.0,50.34,9069.0,1405.11,1184.74,2019
2019-01-21,Dow Jones,3078.45,3065.18,2514.92,3056.05,86962459.0,0.71,6.55,5.36,0.77,79.0,2474.0,2978.0,1.46,91.32,99.95,815.65,143.54,7202.0,1.81,2.0,70.72,11079.0,185.26,1184.74,2019
2019-01-22,Unknown,1287.1,1279.79,1330.78,1259.08,661521519.0,-1.61,8.65,3.64,6.01,115.0,2474.0,1207.0,1.31,93.25,52.16,1790.35,376.43,9423.0,1.81,4.0,93.78,1297.0,1843.97,1582.09,2019
2019-01-23,S&P 500,2674.78,2699.6,2743.99,2663.78,336545134.0,3.16,5.33,10.28,8.07,64.0,24284.0,1207.0,1.11,80.07,100.145,1296.19,397.49,9988.0,1.81,24.0,18.96,204.0,869.05,736.59,2019
2019-01-24,Dow Jones,2902.18,2936.67,2951.42,2891.56,57747913.0,6.35,9.24,5.17,5.85,114.0,7504.0,2245.0,1.42,111.47,148.13,1069.4,397.49,2949.0,7.74,6.0,50.34,12528.0,1638.89,1388.82,2019
2019-01-25,S&P 500,4458.325,1816.57,1838.16,1767.96,115629922.0,0.24,3.23,14.84,3.61,114.0,15156.0,4388.0,1.02,142.87,133.14,1202.83,137.98,9512.0,0.34,24.0,65.94,8461.0,736.2,645.77,2019
2019-01-26,NASDAQ,2528.49,1588.105,2565.7,2489.37,209449581.0,-2.23,6.18,4.86,6.02,76.0,2703.0,1207.0,1.11,87.79,21.53,2310.77,327.49,3387.0,3.09,49.0,55.75,7135.0,1034.95,884.22,2019
2019-01-27,NASDAQ,1333.86,1359.64,1368.23,1296.17,857936914.0,2.59,5.0,9.12,8.46,89.0,2703.0,1809.0,1.1,115.0,59.56,1984.63,224.6,5644.0,8.28,38.0,18.97,1165.0,467.54,404.93,2019
2019-01-28,NASDAQ,1623.09,1660.75,1673.52,1573.44,264485748.0,1.75,3.77,5.87,2.37,57.0,8587.0,268.0,0.83,131.99,124.77,2179.3,260.68,310.0,8.28,27.0,8.98,11742.0,1342.84,1131.78,2019
2019-01-29,NASDAQ,3710.18,3688.8,3717.82,3683.4,792729337.0,7.74,3.86,4.53,0.85,107.0,28000.0,307.0,1.37,126.92,127.36,1736.0,215.42,8583.0,0.81,24.0,46.56,2201.0,1290.76,1067.4,2019
2019-01-30,NASDAQ,2734.78,2748.88,2781.96,2720.84,474680204.0,3.85,3.22,7.52,5.51,66.0,19086.0,4657.0,1.03,103.4,58.87,1624.39,337.42,9866.0,0.98,26.0,31.69,2224.0,841.22,734.73,2019
2019-01-31,NASDAQ,3355.2,1414.44,1462.85,1408.03,672377355.0,-3.3,6.2,2.15,1.03,84.0,14775.0,1039.0,1.35,95.31,66.03999999999999,819.07,498.98,3148.0,5.63,44.0,2.85,875.0,841.22,186.16,2019
2019-02-01,Dow Jones,3975.62,4002.87,4031.72,3934.04,998619794.0,0.02,9.1,5.81,0.79,106.0,7746.0,4705.0,1.37,102.06,73.21,1846.5,422.98,8285.0,4.89,16.0,82.88,2271.0,937.14,186.16,2019
2019-02-02,NASDAQ,1986.63,1952.73,2023.94,1939.8,487813508.0,6.72,2.83,6.74,0.79,59.0,12329.0,4260.0,1.39,120.25,124.61,1342.31,282.34,8782.0,7.69,11.0,31.97,8805.0,522.07,453.3,2019
2019-02-03,S&P 500,2315.925,4709.34,4743.83,4635.08,838648449.0,-1.44,4.05,10.43,7.97,59.0,6907.0,2044.0,1.34,99.42,126.81,838.12,281.39,3230.0,5.37,21.0,84.71,2635.0,1602.43,1366.48,2019
2019-02-04,NASDAQ,2645.22,2650.29,2659.14,2616.11,909345853.0,-4.76,9.71,14.74,6.76,107.0,6907.0,3930.0,1.14,143.81,112.80000000000001,1228.74,160.61,7211.0,5.37,47.0,10.61,393.0,565.09,493.53,2019
2019-02-05,S&P 500,2133.14,2182.06,2220.42,2088.68,139926770.0,6.7,0.34,6.38,1.9,55.0,25177.0,3564.0,0.82,106.57,98.79,993.14,271.22,8029.0,1.28,10.0,77.36,8950.0,2095.49,1772.13,2019
2019-02-06,Dow Jones,1652.14,1622.23,1681.96,3493.5199999999995,546412874.0,-0.94,9.04,7.32,3.5,53.0,29836.0,1694.0,1.06,103.69,109.99000000000001,1064.93,286.49,9734.0,9.23,24.0,41.04,4352.0,2090.28,1788.3,2019
2019-02-07,NASDAQ,4925.03,4905.35,2661.375,4898.36,167534063.0,3.53,0.18,9.59,1.56,89.0,6766.0,4473.0,1.02,144.97,121.19,1296.75,298.57,8151.0,9.23,36.0,50.34,10570.0,744.78,624.54,2019
2019-02-08,NASDAQ,3597.52,3572.78,3640.79,3545.13,961156386.0,6.75,1.36,2.26,3.04,57.0,15042.0,2824.0,1.27,80.78,141.01,1463.15,141.85,8151.0,3.55,25.0,50.34,467.0,199.66,624.54,2019
2019-02-09,NASDAQ,2950.67,2930.46,2954.15,2902.29,90477925.0,2.68,1.36,13.22,5.195,90.0,13687.0,1404.0,1.39,97.78,104.59,2301.3,374.19,1241.0,5.25,28.0,34.68,686.0,2072.11,1762.33,2019
2019-02-10,S&P 500,3561.9,3524.73,3565.39,3517.15,627503111.0,-4.31,9.85,4.4,5.195,113.0,14017.0,1545.0,0.9,87.88,73.2,2185.65,217.17,8195.0,0.86,28.0,52.48,1367.0,890.97,761.52,2019
2019-02-11,S&P 500,4534.74,4567.0,4601.73,4488.79,811872270.0,-4.31,1.3,4.4,5.195,77.0,25529.0,3898.0,1.39,97.39,37.23,1846.87,377.98,3251.0,4.72,43.0,32.53,13191.0,296.24,267.01,2019
2019-02-12,Dow Jones,4415.77,4371.42,4453.650000000001,4370.96,452483223.0,0.61,2.11,13.26,6.53,108.0,15673.0,4083.0,1.29,90.66,135.5,1168.11,377.98,5992.0,4.35,9.0,70.65,2065.0,498.54,436.28,2019
2019-02-13,Dow Jones,2126.46,2142.61,2160.23,2103.61,137752595.0,2.56,2.44,3.68,6.53,110.0,3605.0,4003.0,1.27,82.46,141.1,2010.84,143.95,8988.0,6.42,39.0,15.06,6915.0,1725.49,1440.8,2019
2019-02-14,Dow Jones,4519.01,4480.35,4523.56,4450.3,936405219.0,4.9,4.12,13.22,1.27,82.0,7873.0,4003.0,1.21,100.88,146.75,1616.8249999999998,143.95,6594.0,5.42,14.0,98.17,13667.0,1725.49,891.47,2019
2019-02-15,Dow Jones,3756.35,3759.08,3782.09,3735.98,646880108.0,2.94,4.6,5.01,6.63,100.0,4119.0,1729.0,0.91,145.28,107.71,1222.81,300.53,1197.0,2.81,17.0,52.37,5478.0,1725.49,754.06,2019
2019-02-16,NASDAQ,1022.02,1049.47,1088.04,1019.9,561847314.0,9.0,4.65,9.62,6.42,70.0,27622.0,3277.0,1.16,139.34,42.87,1389.34,312.96,747.0,4.49,47.0,10.1,4718.0,311.81,262.31,2019
2019-02-17,Unknown,2824.95,2808.44,2872.0,2792.81,340463988.0,9.0,4.65,9.93,2.41,101.0,24882.0,1505.0,1.29,82.44,58.04,984.25,179.48,6837.0,1.81,16.0,60.77,3771.0,2137.59,1771.09,2019
2019-02-18,NASDAQ,4856.07,4844.7,4858.469999999999,4829.43,380207802.0,-1.85,5.55,9.69,7.13,98.0,8716.0,4611.0,0.93,124.88,91.36,1619.85,487.46,797.0,8.82,48.0,70.05,7633.0,482.94,441.3,2019
2019-02-19,Dow Jones,2011.43,2009.14,4309.219999999999,2009.01,700420735.0,8.85,9.13,13.7,4.38,101.0,16519.0,3757.0,1.33,144.55,67.78,2475.63,472.16,2182.0,8.82,21.0,37.07,6018.0,1993.7,1673.52,2019
2019-02-20,S&P 500,3716.27,3717.06,3759.97,3678.32,396303561.0,-3.76,1.71,8.09,9.09,63.0,28690.0,4819.0,1.15,96.49,70.2,1784.44,322.81,6319.0,3.79,7.0,49.8,1750.0,2205.5,1873.93,2019
2019-02-21,Unknown,3468.42,3513.15,3524.86,3459.12,107187026.0,-3.15,6.9,14.3,0.75,59.0,18125.0,3655.0,1.48,112.65,83.98,1888.16,130.53,6319.0,9.24,24.0,50.34,13667.0,1611.75,1873.93,2019
2019-02-22,Dow Jones,4909.23,4868.07,4951.3,4862.33,380151948.0,-1.13,5.39,14.22,9.47,91.0,18125.0,3942.0,1.17,92.41,97.76,1258.54,130.53,8456.0,5.52,40.0,85.16,13667.0,2184.68,1869.92,2019
2019-02-23,S&P 500,4545.52,3503.14,4591.9,4517.59,862818807.0,1.76,3.1,4.11,8.33,67.0,23040.0,440.0,0.82,144.45,70.47,1805.99,130.53,9868.0,5.52,47.0,50.34,4348.0,1059.23,909.38,2019
2019-02-24,Dow Jones,2186.24,2138.21,2229.42,2126.23,897781702.0,7.23,7.45,7.68,7.52,62.0,29380.0,3931.0,1.31,149.69,86.55,1083.79,194.58,5182.0,4.99,46.0,64.73,349.0,518.29,461.29,2019
2019-02-25,Dow Jones,2709.96,2745.16,2756.84,2667.4,210184575.0,6.69,9.0,7.68,6.29,78.0,13505.0,2506.0,1.24,108.16,21.35,1756.415,251.85,5182.0,0.49,24.0,3.2,3426.0,2302.28,1919.62,2019
2019-02-26,Dow Jones,3696.08,3708.76,3733.67,3673.63,789396685.0,2.25,1.86,2.9,2.33,94.0,28194.0,4436.0,0.88,89.94,36.29,2429.04,312.51,4325.0,9.83,7.0,75.71,12789.0,2302.28,888.17,2019
2019-02-27,S&P 500,8015.6525,3497.55,3533.42,3443.87,502450170.0,7.22,7.0,2.9,2.33,94.0,13667.0,4702.0,1.28,111.79,86.3,2253.63,339.43,1555.0,1.92,24.0,23.55,14420.0,253.52,888.17,2019
2019-02-28,Dow Jones,12335.225,4980.72,5019.24,4901.3,674155416.0,-4.24,2.88,8.58,0.89,94.0,8278.0,2333.0,1.31,131.72,63.12,1961.12,362.05,8522.0,3.77,24.0,91.46,13579.0,1715.07,1476.47,2019
2019-03-01,S&P 500,2580.21,2625.23,2633.81,2530.33,55713353.0,6.24,6.07,6.63,5.43,113.0,19929.0,3048.0,0.89,113.05,79.33,1711.53,323.35,9008.0,0.24,32.0,50.34,2854.0,1715.07,1817.34,2019
2019-03-02,S&P 500,1646.69,1694.83,1733.2200000000005,1644.1,633634037.0,5.72,1.25,3.19,0.53,74.0,19929.0,398.0,1.17,94.38,118.49,1461.94,335.38,3701.0,4.51,24.0,61.42,1056.0,1900.91,1637.06,2019
2019-03-03,NASDAQ,3218.75,3215.83,3265.12,3205.95,354316413.0,0.38,5.07,4.73,4.36,70.0,7244.0,142.0,1.33,104.0,55.54,1897.82,497.89,8985.0,7.32,27.0,33.08,1073.0,2280.22,1928.38,2019
2019-03-04,S&P 500,3422.55,3406.3,3434.98,3367.49,734385193.0,-1.79,6.54,12.74,6.01,75.0,19940.0,967.0,0.95,82.84,142.57,2333.7,485.72,1731.0,1.84,38.0,60.03,996.0,1082.76,888.5,2019
2019-03-05,S&P 500,2735.27,2767.32,2792.45,2732.01,701311025.0,1.78,9.15,12.31,1.76,80.0,2877.0,3128.0,1.01,114.59,116.51,1828.61,174.04,8470.0,8.5,7.0,47.28,12322.0,936.35,798.67,2019
2019-03-06,Unknown,3763.54,3754.11,3807.1,3730.68,540626660.0,-0.18,6.91,11.94,4.67,90.0,19163.0,1995.0,1.24,84.17,38.29,1927.68,205.4,4309.0,8.5,28.0,17.71,11333.0,926.56,740.61,2019
2019-03-07,Dow Jones,2519.01,2494.33,2522.45,2456.16,727941463.0,-0.18,9.12,12.97,7.19,109.0,8604.0,1995.0,1.34,91.26,130.59,1591.97,449.37,8414.0,2.95,13.0,81.03,11401.0,345.43,247.11,2019
2019-03-08,S&P 500,4433.37,4426.82,4436.3,4415.4,227390164.0,3.62,8.99,2.83,3.37,67.0,5915.0,4988.0,0.97,120.23,36.0,2448.44,190.94,5104.0,5.7,24.0,92.81,5968.0,345.43,345.9,2019
2019-03-09,Dow Jones,2327.89,2313.56,2369.29,2268.22,822597951.0,-2.89,8.99,7.77,6.36,118.0,17127.0,3023.0,0.93,149.0,103.55,2435.74,139.38,1754.0,8.83,28.0,9.6,9239.0,993.07,823.05,2019
2019-03-10,Dow Jones,1307.21,1289.91,1331.28,1279.52,284672165.0,-0.12,1.16,10.31,6.6,51.0,5666.0,730.0,1.36,91.5,141.51,1188.91,189.47,2823.0,6.02,26.0,81.32,14842.0,510.78,387.78,2019
2019-03-11,NASDAQ,3745.31,1946.35,3786.11,3695.69,178417092.0,-1.24,1.44,9.68,4.74,109.0,29500.0,3465.0,1.03,91.35,95.31,1149.73,189.47,2823.0,9.89,32.0,50.34,9616.0,1369.84,1173.47,2019
2019-03-12,NASDAQ,2557.62,2602.79,2629.71,2508.2,828827054.0,-1.24,8.7,12.24,5.25,93.0,24657.0,3149.0,1.02,145.61,38.9,1723.9,103.73,4219.0,6.77,1.0,49.49,11124.0,368.24,334.04,2019
2019-03-13,Dow Jones,1888.3,1911.49,1915.11,1848.8,388910296.0,0.89,8.85,13.42,6.19,66.0,23388.0,3758.0,1.32,120.09,33.66,1639.89,115.41,7552.0,0.58,45.0,11.68,3093.0,2047.93,1754.31,2019
2019-03-14,Dow Jones,3387.78,3410.64,3432.25,3344.91,638277257.0,0.89,0.21,10.0,4.08,58.0,752.0,2964.0,0.85,94.12,126.67,1543.345,450.72,9137.0,8.79,21.0,3.9,14356.0,1185.22,1008.97,2019
2019-03-15,Dow Jones,1964.66,3611.1099999999997,2044.1,1925.13,518409341.0,-3.28,8.33,5.53,3.42,100.0,25082.0,3585.0,1.29,143.55,33.34,1446.8,342.19,6227.0,0.33,18.0,4.82,11910.0,693.44,559.47,2019
2019-03-16,NASDAQ,3778.56,3811.58,3840.65,3736.52,649690360.0,-4.89,8.96,12.35,7.6,54.0,12594.0,3581.0,1.16,99.42,103.92,2177.67,479.41,6544.0,0.96,24.0,30.77,599.0,693.44,480.55,2019
2019-03-17,Dow Jones,3023.73,3064.13,3084.27,3009.06,153507391.0,1.09,5.11,5.42,8.3,115.0,25196.0,4120.0,0.98,134.76,118.97333333333334,2443.01,479.41,2613.0,0.96,6.0,67.49,13515.0,1150.38,985.24,2019
2019-03-18,NASDAQ,2659.3,2676.3,2709.75,2625.89,900285967.0,2.37,9.4,10.89,6.68,100.0,27166.0,547.0,1.19,97.08,134.02666666666667,2470.73,313.32,332.0,8.92,7.0,92.11,1243.0,593.05,505.86,2019
2019-03-19,Dow Jones,9478.325,3794.73,3839.26,3788.01,172719425.0,0.0,2.6,7.3,4.11,80.0,16062.0,2213.0,1.4,133.02,149.08,2108.52,313.32,2093.0,7.83,36.0,31.01,2129.0,1543.32,1325.36,2019
2019-03-20,Dow Jones,9640.525,3898.54,3925.54,3842.83,802355159.0,6.84,7.68,5.85,4.11,61.0,12553.0,2213.0,1.19,117.21,122.71,2196.135,119.44,6863.0,7.98,24.0,35.7,12888.0,273.3,225.08,2019
2019-03-21,Dow Jones,1095.79,1078.48,2563.15,1038.66,862858734.0,4.13,7.97,9.76,7.79,95.0,7174.0,528.0,0.86,101.02,109.42,2283.75,325.57,168.0,8.13,0.0,23.96,6933.0,1792.16,1507.72,2019
2019-03-22,Dow Jones,1150.28,1153.59,1200.76,1144.2,59430449.0,3.2,6.82,13.43,2.26,62.0,2237.0,572.0,1.37,84.83,130.53,2377.78,132.49,5363.0,4.59,43.0,31.37,8022.0,1530.77,1297.44,2019
2019-03-23,NASDAQ,2268.075,4844.7,4858.47,4829.429999999999,380207802.0,-1.85,5.55,9.69,7.13,98.0,8716.0,4611.0,0.93,124.88,91.36,1619.85,487.46,797.0,8.82,48.0,70.05,7633.0,411.73,349.84,2019
2019-03-24,Dow Jones,3385.87,3371.65,3412.13,3340.75,215711740.0,3.06,8.95,13.17,8.04,76.0,26706.0,4347.0,0.81,100.8,89.75,2351.09,497.66,3947.0,6.91,46.0,6.27,6038.0,521.54,447.32,2019
2019-03-25,Unknown,2260.96,2288.08,2306.88,2251.6,866433478.0,6.59,6.03,10.13,2.07,105.0,26706.0,3216.0,1.49,113.26,67.02,957.4,112.39,5034.0,6.57,28.0,56.34,9565.0,1801.92,1561.25,2019
2019-03-26,NASDAQ,3714.0,3738.54,3749.29,3701.06,829093273.0,4.13,6.99,10.52,3.44,57.0,19009.0,1894.0,1.28,85.3,44.29,900.7149999999999,112.39,6520.0,5.6,24.0,99.69,1207.0,1524.11,1270.07,2019
2019-03-27,S&P 500,4178.31,4226.21,4261.72,4166.76,929870670.0,7.76,1.61,3.81,8.24,100.0,20696.0,4654.0,0.85,94.82,57.52,844.03,411.18,3924.0,1.42,12.0,50.65,4880.0,969.27,788.42,2019
2019-03-28,NASDAQ,8453.025,3365.05,3390.8,3345.22,264893638.0,2.76,7.9,2.76,2.83,114.0,2510.0,555.0,1.155,97.16,91.46,1145.5,499.81,2058.0,2.69,30.0,68.22,7858.0,153.4,130.6,2019
2019-03-29,Dow Jones,3317.26,3352.7,3372.54,3295.97,10367922.0,7.49,1.92,10.83,7.11,92.0,22565.0,555.0,1.46,83.23,38.6,1636.61,248.87,5634.0,9.74,47.0,90.55,11681.0,1386.76,1168.82,2019
2019-03-30,NASDAQ,1947.7,1907.76,1963.88,1890.44,204961251.0,1.73,9.86,14.97,7.11,92.0,4997.0,1145.0,0.92,113.21,115.14,1445.42,442.03,2341.0,2.88,31.0,66.25,3571.0,1784.44,1480.52,2019
2019-03-31,S&P 500,2921.795,4297.81,4332.72,4242.08,21583027.0,7.12,6.68,13.63,7.11,66.0,4737.0,4023.0,0.85,112.97,124.43,1349.21,139.91,5378.0,7.34,33.0,94.91,14832.0,1784.44,1562.57,2019
2019-04-01,Dow Jones,3895.89,3899.22,3909.09,3855.93,773239779.0,8.26,6.68,5.16,5.195,104.0,1829.0,3928.0,1.39,139.91,134.77,1253.0,387.5,1229.0,7.34,40.0,99.72,2720.0,1722.94,1436.74,2019
2019-04-02,Dow Jones,3393.43,2791.915,2813.835,3346.29,521668783.0,0.48,5.64,5.84,6.44,54.0,8592.0,4159.0,1.1,113.06,114.98,2287.46,181.41,7030.0,1.92,0.0,79.56,9761.0,1692.23,1434.4,2019
2019-04-03,NASDAQ,1675.43,1684.61,1718.58,1641.34,281021217.0,6.82,6.99,7.95,2.13,116.0,16184.0,4462.0,1.07,115.87,101.67,977.18,308.86,3123.0,4.37,32.0,88.29,10230.0,2094.58,1766.86,2019
2019-04-04,S&P 500,2855.73,2889.48,2900.17,2836.65,487813508.0,4.33,2.59,6.5,8.2,81.0,12111.0,470.0,1.0,90.43,134.07,1927.74,433.38,1004.0,4.55,24.0,12.69,12363.0,1167.54,973.74,2019
2019-04-05,Dow Jones,1224.7,1200.17,1272.7,2038.6100000000001,487813508.0,0.83,0.93,6.27,7.11,51.0,18494.0,1775.0,1.11,106.38,110.4,2032.2,390.7,9398.0,2.36,39.0,42.93,2241.0,472.79,420.33,2019
2019-04-06,NASDAQ,1268.94,1249.29,1513.73,1240.57,157556939.0,2.35,5.76,12.37,7.11,110.0,4140.0,668.0,0.96,85.36,86.5,2160.78,215.56,2666.0,5.98,38.0,53.02,11479.0,1332.36,420.33,2019
2019-04-07,NASDAQ,1693.98,1707.36,1754.76,1629.9966666666667,487813508.0,-1.35,5.18,9.42,6.97,109.0,860.0,1725.0,1.5,132.59,104.91,1405.07,360.48,3550.0,4.27,24.0,33.39,11479.0,1571.2,1335.85,2019
2019-04-08,Dow Jones,3791.33,3794.73,3839.26,2019.4233333333332,172719425.0,0.0,2.6,7.3,4.11,80.0,16062.0,2213.0,1.4,133.02,149.08,2108.52,360.48,2093.0,7.83,36.0,31.01,2129.0,1655.17,1369.1,2019
2019-04-09,S&P 500,2426.38,2465.4,2468.06,2408.85,432527648.0,7.24,1.37,7.3,6.74,79.0,15896.0,2654.0,0.82,136.03,69.62,1950.91,164.87,6068.0,1.92,24.0,50.34,2129.0,752.53,628.36,2019
2019-04-10,S&P 500,3326.95,3364.45,3388.46,3311.1,899479174.0,5.41,6.72,7.6,9.14,86.0,17095.0,216.0,1.01,127.24,80.945,2262.42,397.53,791.0,9.77,37.0,53.42,2772.0,920.81,800.96,2019
2019-04-11,NASDAQ,3154.81,3124.31,3188.96,3088.39,430682626.0,-0.52,3.6,2.7,7.94,110.0,2538.0,4827.0,1.14,99.0,92.27,1015.96,404.75,1342.0,3.37,24.0,75.1,2772.0,1091.63,948.0,2019
2019-04-12,Dow Jones,2996.15,1229.23,1264.13,1193.75,349703115.0,-1.52,2.56,8.08,6.0,66.0,12411.0,2872.0,1.22,89.22,62.08,1874.33,306.09,6832.0,0.82,19.0,41.99,5864.0,284.82,239.54,2019
2019-04-13,NASDAQ,2038.68,2032.01,2066.67,2563.895,487813508.0,8.83,4.06,8.08,3.09,99.0,29785.0,4932.0,0.93,135.94,95.33,2070.95,462.71,6433.0,0.1,19.0,22.45,5864.0,267.01,229.07,2019
2019-04-14,Dow Jones,3975.62,4002.87,4031.72,3934.04,998619794.0,0.02,9.1,5.81,0.79,106.0,7746.0,4705.0,1.16,102.06,73.21,1846.5,422.98,8285.0,4.89,16.0,82.88,2271.0,804.79,651.86,2019
2019-04-15,Dow Jones,4991.0,4946.05,5020.39,4941.31,552215344.0,9.29,0.69,12.3,6.08,106.0,10201.0,1126.0,1.39,149.63,73.32,1766.03,269.94,5130.0,4.89,33.0,30.04,3802.0,2003.71,1696.33,2019
2019-04-16,NASDAQ,2932.72,2970.89,2984.6,2892.62,926503682.0,-3.45,5.34,6.58,6.38,64.0,11554.0,3886.0,1.25,126.33,138.5,1021.47,353.39,8601.0,3.66,18.0,3.04,6155.0,202.56,157.74,2019
2019-04-17,S&P 500,2855.93,2886.44,2897.0,2806.73,466183741.0,6.45,7.09,12.66,6.38,62.0,8762.0,4412.0,1.11,107.03,74.37,1463.77,145.43,7698.0,8.42,5.0,4.38,13561.0,540.61,487.84,2019
2019-04-18,S&P 500,4621.2,4663.62,4664.06,4616.96,250380148.0,6.45,5.29,12.65,5.195,71.0,25706.0,841.0,1.43,111.15,72.16,1906.07,340.14,9846.0,8.42,2.0,23.58,14282.0,1348.47,1142.03,2019
2019-04-19,Dow Jones,1479.81,1478.67,1507.56,1469.6,13664146.0,-3.52,9.41,8.86,9.99,79.0,8862.0,623.0,1.37,109.46,23.95,1667.82,145.66,3903.0,3.9,43.0,66.89,1217.0,1348.47,1938.62,2019
2019-04-20,NASDAQ,1087.29,1093.26,1116.08,1067.4,995760162.0,1.11,2.95,8.86,3.38,80.0,25604.0,4991.0,1.21,80.92,106.69,1645.57,467.25,6188.0,7.43,17.0,79.04,7061.0,452.79,398.71,2019
2019-04-21,Dow Jones,2480.93,2521.33,2566.89,2456.35,528547574.0,5.53,8.72,14.1,9.67,90.0,29947.0,3556.0,1.36,81.37,79.49,1382.865,249.9,2612.0,0.04,18.0,69.04,4885.0,1580.39,1347.5,2019
2019-04-22,Dow Jones,3804.68,3844.43,3877.51,3782.03,790105267.0,3.14,4.9,11.99,8.3,58.0,13936.0,4814.0,1.37,138.04,58.8,1120.16,139.78,2028.0,1.09,25.0,39.61,5225.0,1386.52,1127.46,2019
2019-04-23,Dow Jones,3539.63,3515.98,3544.48,3475.55,493800368.0,8.64,4.9,5.59,0.77,64.0,13936.0,514.0,1.36,80.64,122.41,1884.64,165.8,8197.0,1.46,22.0,1.49,12202.0,1352.79,1166.96,2019
2019-04-24,S&P 500,2074.14,2077.71,2079.75,2041.62,487813508.0,5.78,1.7,4.23,4.94,81.0,2344.0,4642.0,1.0,103.41,93.4,1891.77,114.73,1243.0,1.15,16.0,99.11,11401.0,680.77,552.85,2019
2019-04-25,S&P 500,2093.8066666666664,960.52,1012.13,958.26,775075533.0,5.78,8.22,7.03,3.99,107.0,29472.0,1822.0,1.2,113.71,132.04,1898.9,210.97,186.0,4.98,22.0,74.65,6596.0,297.07,252.41,2019
2019-04-26,Dow Jones,2113.4733333333334,5025.17,5034.94,4943.59,290809088.0,1.48,6.62,10.43,9.48,107.0,8567.0,1859.0,1.41,118.04,22.58,1881.74,189.45,186.0,4.32,27.0,92.03,5978.0,268.5,218.88,2019
2019-04-27,S&P 500,2133.14,2182.06,2220.42,2088.68,139926770.0,6.7,0.34,6.38,1.9,55.0,25177.0,3564.0,0.82,106.57,98.79,993.14,271.22,8029.0,1.28,10.0,77.36,8950.0,639.43,534.14,2019
2019-04-28,NASDAQ,2486.96,2531.53,2552.86,2466.52,798382704.0,9.06,2.86,13.7,4.52,87.0,10164.0,3564.0,1.24,140.69,141.25,1279.18,210.51,1734.0,6.1,43.0,10.05,7521.0,2030.14,534.14,2019
2019-04-29,S&P 500,2680.04,2683.68,2720.13,2640.81,487813508.0,-1.96,6.36,3.78,6.33,109.0,13549.0,3732.0,0.97,86.5,55.76,1245.17,398.28,570.0,6.05,24.0,10.69,4988.0,1229.38,1034.46,2019
2019-04-30,NASDAQ,3342.25,3317.53,3381.68,3286.13,377909391.0,5.15,8.65,13.49,9.19,97.0,3761.0,1532.0,1.23,133.25,131.62,1192.345,334.42,6903.0,8.71,6.0,53.23,8703.0,1135.1,960.16,2019
2019-05-01,NASDAQ,3646.87,3610.52,3663.41,3584.12,932908693.0,5.15,5.41,13.49,6.43,112.0,3761.0,2211.0,1.34,124.67,115.17,1139.52,399.57,6903.0,6.17,0.0,96.31,4028.0,1135.1,815.1,2019
2019-05-02,S&P 500,2003.52,2020.37,2028.37,1986.72,764444210.0,-0.61,4.29,10.37,2.78,78.0,20312.0,4153.0,1.1,101.72,22.5,938.54,230.61,169.0,8.31,24.0,14.09,10147.0,1075.15,895.33,2019
2019-05-03,NASDAQ,2673.56,2690.3,2705.03,2668.96,929204805.0,-3.08,2.0,5.45,8.71,111.0,13714.0,3264.0,1.1766666666666667,122.11,106.01,1410.74,221.83,1789.0,8.23,24.0,65.01,12966.0,879.26,749.43,2019
2019-05-04,S&P 500,2126.08,2150.32,2165.99,2092.68,316539794.0,-3.09,8.8,15.0,7.84,51.0,7985.0,847.0,1.2533333333333334,112.94,65.23,1882.94,256.15,3364.0,5.07,8.0,88.44,583.0,683.11,563.99,2019
2019-05-05,NASDAQ,2969.3,2952.68,3018.2000000000003,2925.33,176287417.0,-1.55,3.84,14.09,5.01,56.0,6033.0,4337.0,1.33,128.54,126.06,2379.05,238.23,3364.0,4.14,5.0,24.06,2073.0,628.83,513.75,2019
2019-05-06,NASDAQ,3691.87,3690.29,3720.91,3644.41,280249196.0,4.13,3.84,10.62,5.01,89.0,14978.0,2071.0,1.03,98.27,33.9,2291.665,233.87,9278.0,7.6,37.0,57.78,2073.0,1532.4,513.75,2019
2019-05-07,Unknown,3423.34,4054.02,3454.935,4026.4,337394582.0,4.13,9.82,10.49,9.2,67.0,23845.0,2730.0,0.88,91.45,143.23,2204.28,476.23,3050.0,7.53,14.0,95.12,6039.0,274.3,226.2,2019
2019-05-08,NASDAQ,3154.81,3124.31,3188.96,3088.39,430682626.0,-0.52,3.6,2.7,7.94,110.0,2538.0,4827.0,1.14,99.0,92.27,1015.96,404.75,1342.0,3.37,24.0,75.1,6039.0,1711.09,1447.21,2019
2019-05-09,S&P 500,2148.88,2165.26,2213.17,2131.06,344416642.0,0.66,7.04,13.14,3.2,103.0,4508.0,970.0,0.86,149.78,117.57,1947.08,113.66,5083.0,9.57,11.0,41.05,3721.0,2257.56,1906.52,2019
2019-05-10,NASDAQ,4576.38,4547.46,4622.23,4498.11,670822510.0,9.49,9.72,13.14,5.41,116.0,22267.0,477.0,0.83,99.96,136.33,1791.98,206.82,9583.0,6.69,9.0,30.12,10537.0,989.92,869.43,2019
2019-05-11,Dow Jones,3656.88,4236.3099999999995,3674.63,3654.98,820257558.0,9.54,4.97,7.38,3.98,63.0,11992.0,2727.0,1.44,106.66,101.65,2307.06,292.8,8952.0,7.13,24.0,7.35,1983.0,1045.05,860.91,2019
2019-05-12,NASDAQ,3925.99,3925.16,3962.47,3906.41,581252400.0,-2.9,4.97,2.58,0.76,77.0,20782.0,3383.0,1.3,131.33,66.97,1634.65,428.9,4809.0,0.4,24.0,85.25,1983.0,1386.3,860.91,2019
2019-05-13,NASDAQ,3510.68,3510.25,3524.71,3495.96,883333386.0,2.76,0.25,6.82,0.76,73.0,3908.0,3383.0,0.99,131.66,32.29,1682.64,323.53,6737.0,0.4,13.0,13.0,1983.0,1641.42,1394.65,2019
2019-05-14,NASDAQ,1386.14,1352.94,1391.02,1314.7,754385765.0,9.12,9.48,7.07,5.94,73.0,15545.0,4125.0,0.99,132.91,90.87,2196.86,450.32,9746.0,1.77,22.0,13.89,6301.0,2018.95,1702.05,2019
2019-05-15,NASDAQ,3634.16,3594.83,3663.45,3553.19,472808464.0,-0.47,2.97,11.4,7.39,59.0,21180.0,449.0,1.12,121.38,63.4,2349.55,281.12,7933.0,2.66,31.0,63.4,6301.0,703.65,560.45,2019
2019-05-16,S&P 500,11336.85,4567.0,4601.73,4488.79,811872270.0,0.59,1.3,11.4,1.85,77.0,25529.0,3898.0,1.39,97.39,64.085,1846.87,377.98,7933.0,4.72,24.0,32.53,13191.0,853.57,725.13,2019
2019-05-17,S&P 500,3513.71,3494.02,3521.01,3463.49,931777856.0,3.09,6.04,14.96,1.85,79.0,27154.0,3043.0,1.02,146.31,64.77,1961.26,179.59,475.0,4.72,8.0,91.51,13191.0,1288.23,1091.74,2019
2019-05-18,Unknown,3646.74,3690.08,3695.08,3635.96,188696189.0,-0.28,7.54,2.86,4.07,107.0,7141.0,1180.0,1.23,146.53,33.34,1456.59,183.86,6869.0,2.84,48.0,67.12,4235.0,1148.48,1091.74,2019
2019-05-19,S&P 500,2181.16,2133.62,2208.26,2120.45,765444786.0,8.64,2.72,8.22,4.92,59.0,24213.0,683.0,0.85,116.18,112.9,1944.77,371.22,951.0,8.82,32.0,21.64,4207.0,1372.19,1158.18,2019
2019-05-20,Dow Jones,2185.3,2233.13,2282.04,2174.3,487813508.0,-4.72,9.93,13.42,4.92,90.0,20122.0,4848.0,1.11,134.23,38.0,868.28,101.86,7609.0,1.16,3.0,99.71,6999.0,2084.96,1746.74,2019
2019-05-21,Dow Jones,3534.53,2264.94,2297.5,2252.1,5777231.0,2.76,1.64,2.59,1.05,55.0,5450.0,1051.0,1.37,112.41,66.87,992.25,300.05,5607.0,7.83,27.0,62.44,11227.0,1563.05,1332.49,2019
2019-05-22,S&P 500,4883.76,4840.400000000001,4919.22,4815.400000000001,670415181.0,2.76,6.29,3.13,1.05,55.0,22102.0,3080.0,1.12,84.49,117.39,1673.22,442.36,5519.0,2.98,9.0,99.75,2242.0,1585.62,1332.49,2019
2019-05-23,S&P 500,2341.49,2300.08,2362.4,2256.13,487813508.0,7.14,2.69,3.13,1.51,104.0,6737.0,900.0,1.41,96.28,109.64,1001.87,310.36,9559.0,9.21,9.0,45.18,1726.0,1824.01,1559.39,2019
2019-05-24,Unknown,3629.41,3642.24,3686.26,3614.47,183482094.0,-2.43,4.5,9.44,9.65,50.0,24453.0,112.0,1.49,100.59,101.89,1270.43,261.99,5903.0,7.43,24.0,33.29,2999.0,1683.16,1398.83,2019
2019-05-25,Unknown,1302.42,1297.98,1331.96,1283.35,51149267.0,9.75,8.44,3.39,1.15,59.0,4308.0,175.0,1.13,104.9,51.61,1357.9,283.78,7819.0,9.21,31.0,90.97,14637.0,1964.71,1647.35,2019
2019-05-26,NASDAQ,4007.3,3962.93,4044.84,3932.29,429951663.0,7.47,2.48,12.67,2.02,53.0,16291.0,3000.0,0.84,132.41,89.21000000000001,2419.01,283.78,2098.0,7.28,22.0,27.89,5876.0,1156.77,937.58,2019
2019-05-27,S&P 500,2654.815,4709.34,4743.83,4635.08,838648449.0,-1.44,4.05,10.43,7.97,53.0,6907.0,2044.0,1.34,99.42,126.81,838.12,281.39,3230.0,5.37,21.0,84.71,2635.0,679.17,565.38,2019
2019-05-28,Dow Jones,1302.33,1337.01,1348.02,1296.14,760722584.0,4.22,2.03,7.26,8.01,79.0,19949.0,1806.0,1.46,138.57,80.42,2330.51,356.84,8861.0,1.73,40.0,93.64,13655.0,661.53,583.57,2019
2019-05-29,Dow Jones,4249.9,4276.94,4298.31,1482.555,727912888.0,5.86,3.15,11.36,5.98,94.0,6566.0,3033.0,1.44,93.61,101.33,1124.72,390.44,5561.0,8.98,32.0,23.83,11911.0,252.26,213.57,2019
2019-05-30,Unknown,1700.49,1723.04,1732.56,1668.97,58290806.0,4.95,0.14,6.17,8.63,59.0,6566.0,2187.0,1.19,125.24,76.82,1834.48,180.95,5494.0,6.44,40.0,15.85,10758.0,962.37,829.52,2019
2019-05-31,Dow Jones,2361.55,2395.71,2396.82,2315.03,280480484.0,6.36,9.43,13.91,3.14,75.0,8982.0,3909.0,1.35,137.14,126.77,1786.68,181.99,8805.0,0.27,35.0,7.71,9813.0,1414.94,1166.73,2019
2019-06-01,S&P 500,3414.12,3404.42,3436.37,3382.39,469502118.0,3.43,9.65,6.72,9.17,57.0,8982.0,3949.0,1.04,136.16,112.0875,1579.49,108.36,3548.0,3.93,24.0,0.32,12220.0,1639.33,1417.93,2019
2019-06-02,NASDAQ,2659.3,2676.3,2709.75,2625.89,900285967.0,2.37,9.4,10.89,6.68,100.0,27166.0,547.0,1.19,97.08,97.405,2470.73,313.32,332.0,8.92,7.0,92.11,1243.0,1109.5,941.71,2019
2019-06-03,NASDAQ,1998.68,2030.52,2049.84,2403.785,712072788.0,-3.82,2.85,10.6,3.16,92.0,4271.0,3418.0,1.34,109.05,82.7225,1358.16,326.9,8956.0,5.61,10.0,91.87,5462.0,914.22,767.58,2019
2019-06-04,Dow Jones,2215.77,2182.23,2265.09,2181.68,453229400.0,4.48,7.41,2.95,1.08,59.0,26379.0,2183.0,1.49,118.32,68.04,2021.22,170.27,3202.0,4.15,24.0,50.34,7332.0,1228.54,767.58,2019
2019-06-05,Dow Jones,2409.31,2366.03,2452.74,2352.08,902200446.0,2.76,6.63,2.13,3.94,118.0,12774.0,3073.0,1.0,113.68,97.26,2279.45,361.12,8946.0,5.65,16.0,62.65,8344.0,1326.52,1101.55,2019
2019-06-06,Dow Jones,2909.4,2930.38,2948.03,2883.77,593616921.0,2.22,6.1,2.13,6.27,76.0,24337.0,1808.0,0.8,81.21,53.79,2295.33,345.29,8946.0,7.43,3.0,32.13,3973.0,1747.38,1486.61,2019
2019-06-07,Dow Jones,4803.71,4755.38,4847.52,4721.85,728853972.0,5.11,0.92,14.62,7.98,71.0,27887.0,260.0,1.16,115.03,133.45,1523.68,377.57,6104.0,3.9,41.0,76.88,11215.0,1842.39,1562.05,2019
2019-06-08,S&P 500,3309.12,3317.05,3366.76,3306.45,341533667.0,0.07,5.39,7.75,3.8,53.0,25661.0,1647.0,1.42,136.23,66.14,1470.68,442.58,9073.0,0.11,47.0,63.62,4473.0,1775.35,1519.7,2019
2019-06-09,S&P 500,1589.1,1638.96,1661.99,1559.52,14754929.0,9.38,1.74,7.11,2.77,67.0,5862.0,625.0,1.44,136.005,51.32,1025.69,150.65,7968.0,4.31,29.0,50.34,11209.0,2084.17,1748.95,2019
2019-06-10,Dow Jones,2580.62,2547.9,2627.54,2522.91,994155081.0,0.91,5.82,14.58,4.96,113.0,24433.0,3385.0,1.45,135.78,140.82,1484.81,195.21,7854.0,5.09,31.0,79.61,1115.0,2204.26,1860.43,2019
2019-06-11,NASDAQ,3634.16,3594.83,3663.45,3553.19,472808464.0,-0.47,2.97,11.4,7.39,59.0,21180.0,449.0,1.12,121.38,63.4,2349.55,281.12,7933.0,2.66,31.0,63.4,1115.0,462.39,372.65,2019
2019-06-12,NASDAQ,3745.31,3815.3050000000003,3786.11,3695.69,178417092.0,-1.24,1.44,9.68,4.74,109.0,29500.0,3465.0,1.03,91.35,95.31,1149.73,281.12,7933.0,9.89,32.0,50.34,9616.0,1043.72,906.53,2019
2019-06-13,NASDAQ,4004.71,4035.78,4076.86,3984.78,405682035.0,6.4,1.44,13.88,6.84,101.0,20178.0,3536.0,1.41,139.89,82.755,2473.44,281.12,8731.0,8.54,28.0,34.03,3011.0,197.47,146.7,2019
2019-06-14,S&P 500,3716.27,3717.06,3759.97,3678.32,396303561.0,-3.76,1.71,8.09,9.09,63.0,28690.0,4819.0,1.15,96.49,70.2,1784.44,322.81,6319.0,3.79,7.0,49.8,1750.0,2096.45,1770.95,2019
2019-06-15,S&P 500,10313.225,3775.545,4169.71,4117.06,454655079.0,-1.09,8.52,12.13,6.83,77.0,17988.0,4455.0,1.33,143.48,128.99,2278.88,322.81,6757.0,7.36,24.0,20.47,7612.0,2233.89,1871.11,2019
2019-06-16,NASDAQ,3856.13,3834.03,3890.94,3805.08,104815798.0,-2.41,9.04,3.16,8.78,77.0,20849.0,694.0,1.03,118.52499999999999,148.53,2113.8450000000003,264.78,5974.0,7.15,35.0,7.05,5208.0,281.15,251.85,2019
2019-06-17,S&P 500,3394.5299999999997,3987.14,4025.31,3986.22,503095170.0,0.52,3.02,12.07,2.56,67.0,26378.0,3764.0,0.83,93.57,117.89,1948.81,379.93,1092.0,6.67,24.0,75.62,5752.0,1128.18,927.04,2019
2019-06-18,Dow Jones,2932.93,2944.31,2946.7,2932.25,955789825.0,7.46,2.11,9.52,1.21,106.0,24865.0,4333.0,1.39,118.99,87.25,1634.41,433.61,1071.0,9.39,5.0,72.56,10600.0,1128.18,689.39,2019
2019-06-19,Dow Jones,3076.13,3057.08,3106.42,3040.34,809547236.0,2.76,5.45,10.16,1.79,99.0,27854.0,4267.0,0.98,89.31,100.935,1363.74,311.41,4496.0,8.87,24.0,62.72,3256.0,475.25,411.61,2019
2019-06-20,S&P 500,4896.78,4877.15,4931.36,4842.38,207772486.0,8.91,9.02,12.02,9.42,112.0,17059.0,842.0,0.9,92.48,114.62,1868.93,179.69,4162.0,8.26,4.0,77.22,9790.0,1393.05,1182.59,2019
2019-06-21,NASDAQ,1272.75,1268.3,1320.7,1218.52,902058412.0,0.63,6.3,3.79,0.68,96.0,21156.0,2014.0,1.42,87.3,105.8375,917.49,161.74,1609.0,8.51,30.0,61.97,10196.0,1195.82,1009.78,2019
2019-06-22,S&P 500,3608.9,3636.9,3666.35,1822.8750000000002,586610749.0,2.76,0.93,4.35,6.13,74.0,27568.0,3212.0,1.39,143.48,97.055,1403.005,448.75,1666.0,1.05,24.0,64.08,7911.0,1526.14,1306.73,2019
2019-06-23,S&P 500,2434.86,2430.7,2456.18,2427.2300000000005,165623214.0,-3.31,8.83,13.95,8.84,59.0,25038.0,456.0,1.13,97.66,88.2725,1888.52,207.9,9182.0,1.57,48.0,91.84,220.0,836.21,704.36,2019
2019-06-24,Dow Jones,2480.93,2521.33,2566.89,2456.35,528547574.0,5.53,8.72,14.1,9.67,90.0,29947.0,3556.0,1.36,81.37,79.49,2059.003333333333,249.9,2612.0,0.04,18.0,69.04,4885.0,966.85,776.48,2019
2019-06-25,NASDAQ,3888.57,3079.4849999999997,3917.29,3866.92,772232825.0,9.19,7.51,8.65,5.6,74.0,29511.0,1161.0,1.085,87.82,84.89333333333333,2229.4866666666667,206.02,3588.0,0.45,33.0,64.72,6251.0,578.63,497.68,2019
2019-06-26,NASDAQ,3632.41,3637.64,3638.23,3619.12,487813508.0,9.36,5.63,13.07,2.38,107.0,4381.0,4813.0,0.81,116.09,90.29666666666667,2399.97,233.27,4627.0,8.13,32.0,41.3,11276.0,314.65,271.77,2019
2019-06-27,S&P 500,1176.26,1168.64,1220.92,1159.95,157467385.0,-0.92,5.52,7.6,1.76,99.0,4381.0,1348.0,0.92,116.4,95.7,2053.66,214.69,2217.0,4.83,37.0,46.41,11276.0,218.2,219.62,2019
2019-06-28,S&P 500,3066.29,3018.47,3075.76,2981.93,389662344.0,-1.31,2.5,12.36,2.75,72.0,28861.0,571.0,0.88,148.89,93.7,2066.5,382.38,2170.0,2.02,47.0,50.17,518.0,346.31,285.47,2019
2019-06-29,S&P 500,3423.99,3435.85,3456.69,3375.55,681369161.0,6.62,9.06,5.65,2.65,94.0,11824.0,1223.0,0.82,138.28,25.15,2443.31,310.78,7781.0,7.72,18.0,40.68,10861.0,346.31,1536.52,2019
2019-06-30,S&P 500,4947.58,4906.35,4967.97,3087.125,31813959.0,3.83,7.45,4.99,4.18,101.0,12323.0,3637.0,1.29,102.04,115.9,1751.76,113.55,9868.0,4.62,3.0,90.1,13831.0,561.18,445.96,2019
2019-07-01,S&P 500,2834.09,2825.2,2834.67,2798.7,425064082.0,0.86,0.25,9.61,8.46,101.0,12859.0,3637.0,1.15,102.63,50.54,2153.01,113.55,6320.0,6.47,11.0,10.83,12294.0,2107.85,1775.73,2019
2019-07-02,Dow Jones,3923.28,3280.27,3964.59,3891.7,374017896.0,8.46,4.88,5.08,3.12,100.0,29309.0,2827.0,1.01,138.06,120.59,2173.83,352.21,2889.0,6.36,7.0,14.28,4485.0,2157.81,1775.73,2019
2019-07-03,Dow Jones,3690.81,3735.3399999999997,3751.32,3658.09,505246820.0,-2.27,6.06,13.37,1.53,73.0,2395.0,3965.0,1.02,94.74,31.26,2194.65,402.94,9402.0,4.14,7.0,81.55,12703.0,2157.81,1863.44,2019
2019-07-04,S&P 500,4221.73,4190.41,4238.38,4189.55,966331593.0,-2.27,9.78,7.99,1.01,97.0,23098.0,2428.0,1.23,133.48,69.78,2215.47,264.84,6582.0,1.81,10.0,20.1,11151.0,2005.48,1863.44,2019
2019-07-05,NASDAQ,3281.15,3280.78,4423.37,3276.09,79934488.0,-4.76,6.38,5.12,4.91,76.0,23098.0,3676.0,1.48,85.34,106.87,1523.6799999999998,264.84,2695.0,8.87,10.0,59.98,1319.0,1550.48,1296.21,2019
2019-07-06,NASDAQ,4589.46,4547.94,4608.36,4529.15,163755040.0,-1.68,6.38,12.01,6.65,104.0,26676.0,1029.0,0.98,88.88,80.94,831.89,412.34,8833.0,1.96,24.0,93.18,1319.0,2009.86,1712.23,2019
2019-07-07,Dow Jones,3002.41,2979.21,3022.34,2978.7,487813508.0,8.1,8.69,4.77,5.84,82.0,13780.0,3413.0,0.82,97.7,61.81,967.24,482.41,5803.0,9.14,24.0,83.82,3007.0,2009.86,596.15,2019
2019-07-08,NASDAQ,2756.6,2738.88,2786.41,2730.86,881608400.0,0.65,9.8,12.12,8.8,83.0,13780.0,4896.0,0.98,128.68,76.54,2330.4,330.58,2365.0,9.14,29.0,99.61,7952.0,127.08,90.54,2019
2019-07-09,Dow Jones,2178.48,2197.64,2225.49,2133.42,599999592.0,0.32,1.73,12.08,1.96,53.0,13780.0,333.0,0.92,101.49,61.35,1606.15,330.58,345.0,0.72,42.0,63.73,14641.0,210.35,194.4,2019
2019-07-10,NASDAQ,2905.75,2920.38,2933.81,2891.42,660557292.0,4.69,6.77,11.0,1.96,110.0,13780.0,455.0,1.0,135.41,142.26,1090.2,339.09,345.0,1.51,10.0,48.91,14641.0,577.6,501.88,2019
2019-07-11,S&P 500,2770.18,2738.91,2778.64,2709.1,415031931.0,7.84,8.8,7.87,2.44,73.0,23736.0,4645.0,1.19,110.88,60.56,812.22,300.53,380.0,1.51,24.0,88.16,1934.0,1168.42,983.98,2019
2019-07-12,NASDAQ,2568.37,2571.13,3610.4349999999995,2556.08,621791179.0,2.76,1.57,8.32,6.21,92.0,23736.0,1947.0,1.05,110.46,42.835,1503.7,415.61,5690.0,3.38,44.0,77.76,12666.0,748.17,629.19,2019
2019-07-13,Dow Jones,4410.19,4411.04,4442.23,4370.55,422007477.0,6.55,3.1,12.91,6.21,50.0,3551.0,1621.0,0.91,108.21,25.11,1672.0,368.0,968.0,5.84,8.0,7.02,11128.0,750.94,661.62,2019
2019-07-14,Dow Jones,3161.2,3163.03,3174.49,3152.22,936820340.0,-0.72,6.16,9.92,9.41,95.0,27523.0,3882.0,1.09,87.04,24.53,1840.3,179.85,9047.0,7.98,24.0,8.94,6775.0,1547.82,1299.72,2019
2019-07-15,S&P 500,3956.27,3999.26,3999.39,3947.22,326710742.0,4.2,3.82,3.89,3.53,89.0,8309.0,381.0,1.35,124.68,59.02,1690.58,488.76,6400.0,5.66,20.0,2.61,5728.0,588.01,517.15,2019
2019-07-16,S&P 500,4006.99,3976.32,4054.11,3936.82,226878652.0,-4.46,3.82,9.61,4.63,78.0,8309.0,791.0,1.11,80.61,146.61,1718.6,136.59,9472.0,5.66,9.0,2.09,13705.0,1970.08,1663.33,2019
2019-07-17,S&P 500,2944.69,2984.88,2991.88,2928.39,487813508.0,6.77,1.1,5.73,8.14,90.0,4127.0,1924.0,1.04,143.37,116.525,2462.99,352.53,2282.0,5.66,11.0,50.34,8196.0,1784.61,1490.44,2019
2019-07-18,NASDAQ,2117.1,2155.62,2167.42,2087.09,287683238.0,6.77,7.36,5.45,8.14,101.0,25296.0,1924.0,0.94,143.035,86.44,1240.54,329.98,7576.0,4.9,15.0,27.11,5299.0,1868.28,1557.13,2019
2019-07-19,S&P 500,4220.39,4263.58,3104.585,4193.77,326299299.0,-2.92,1.39,13.2,5.195,102.0,12092.0,3051.0,0.84,142.7,95.685,1085.86,261.15,7576.0,9.12,28.0,50.34,5299.0,422.3,354.78,2019
2019-07-20,S&P 500,3967.59,4016.05,4041.75,3923.89,309805650.0,-0.26,3.44,14.23,5.195,72.0,3470.0,3542.0,0.91,107.32,104.93,1335.79,408.84,3391.0,1.47,7.0,41.26,8071.0,249.53,203.92,2019
2019-07-21,NASDAQ,2850.7,2869.99,2906.02,3527.2200000000003,487813508.0,4.68,9.24,2.44,2.08,72.0,26444.0,4267.0,1.5,108.04,54.01,1585.72,208.24,1824.0,3.12,4.0,33.25,9147.0,1039.58,836.13,2019
2019-07-22,NASDAQ,3181.73,3166.43,3209.32,3130.55,487813508.0,7.2,5.06,13.58,4.56,76.0,26856.0,4788.0,1.13,138.5,96.67,2231.79,208.24,3936.0,4.64,25.0,69.36,9535.0,1461.99,1235.33,2019
2019-07-23,Dow Jones,3124.325,1217.61,1287.32,1173.18,998071867.0,6.61,1.3,10.89,1.2,76.0,7520.0,714.0,0.95,108.82,67.0,1882.5,448.27,3356.0,3.31,16.0,57.48,1538.0,1755.38,1506.43,2019
2019-07-24,Dow Jones,3277.51,3259.2,3317.69,3242.38,487813508.0,-3.95,8.53,6.39,6.56,71.0,14853.0,4644.0,1.23,131.68,112.62,1533.21,257.87,8766.0,2.26,2.0,19.5,3035.0,1755.38,1343.4,2019
2019-07-25,S&P 500,3612.65,3637.79,3652.23,3579.08,965689215.0,2.41,5.12,9.78,5.33,81.0,4281.0,1016.0,1.13,144.49,44.11,1445.775,394.47,8499.0,8.32,1.0,50.34,4075.0,677.52,554.4,2019
2019-07-26,NASDAQ,1207.83,1231.54,1279.82,1206.16,728339776.0,7.3,1.76,11.17,3.75,67.0,13160.0,4291.0,1.06,110.69,114.65,1358.3400000000001,460.78,7491.0,8.65,24.0,50.34,12053.0,677.52,361.99,2019
2019-07-27,S&P 500,3499.5,3510.81,3532.61,3460.82,729249772.0,9.26,7.98,5.46,7.44,56.0,13160.0,3102.0,0.95,91.3,85.72,1270.905,168.75,1376.0,9.38,35.0,52.22,3934.0,787.74,361.99,2019
2019-07-28,Unknown,2199.77,3090.205,2251.08,2172.48,821955517.0,6.33,3.01,9.11,7.69,64.0,2858.0,1135.0,1.49,125.57,72.11,1183.47,281.65,9439.0,8.15,15.0,33.69,6592.0,1026.2,840.43,2019
2019-07-29,Dow Jones,2671.04,2669.6,2703.79,2637.89,560596730.0,1.42,3.88,9.11,6.72,95.0,26397.0,2686.0,1.5,113.535,58.5,1511.19,214.52,6858.0,2.66,25.0,25.87,6592.0,1997.14,1675.87,2019
2019-07-30,Unknown,1005.41,3440.455,1067.55,995.1,692038994.0,2.76,0.88,12.75,0.9,61.0,28723.0,2012.0,1.01,101.5,30.01,1358.61,319.23,9887.0,7.15,43.0,98.97,14681.0,1820.21,1534.01,2019
2019-07-31,NASDAQ,4205.78,4211.31,4236.679999999999,4168.51,744516517.0,3.42,3.26,13.97,5.84,76.0,14686.0,2705.0,1.36,146.01,45.95,2340.25,228.87,6297.0,7.59,15.0,62.53,7817.0,1652.53,1378.22,2019
2019-08-01,NASDAQ,4016.99,4028.44,4034.61,3993.7,865170639.0,4.77,9.99,12.71,1.98,91.0,21376.0,4526.0,1.16,127.55499999999999,61.89,1992.69,117.1,1917.0,1.69,21.0,36.22,12501.0,1729.92,1481.41,2019
2019-08-02,S&P 500,1812.89,1838.07,1844.82,1798.21,487813508.0,6.98,0.29,8.79,6.03,104.0,4175.0,1335.0,0.81,109.1,77.83,1811.15,156.79,903.0,7.28,18.0,80.8,3747.0,1470.23,1259.23,2019
2019-08-03,S&P 500,4383.69,4420.49,4460.7,4343.19,120452230.0,-1.21,1.29,8.33,9.32,104.0,18847.0,1505.0,1.05,113.4,109.655,2216.66,105.87,6449.0,5.41,13.0,85.92,2222.0,2200.34,1846.04,2019
2019-08-04,Dow Jones,3264.07,3270.19,3313.29,3242.5,422026654.0,7.32,4.29,10.26,9.32,84.0,13854.0,1913.0,1.14,117.7,141.48,2065.68,172.06,2217.0,6.87,8.0,78.9,3537.0,683.45,593.14,2019
2019-08-05,Dow Jones,4072.55,4347.97,4355.72,4323.71,200439561.0,-4.67,8.07,13.27,2.67,85.0,15718.0,2860.0,1.23,123.08,124.45,1916.82,348.36,4340.0,2.86,1.0,68.67,12178.0,180.46,132.12,2019
2019-08-06,Unknown,4881.03,4888.61,4905.25,4867.28,354740866.0,-4.21,4.74,2.51,4.77,74.0,26477.0,674.0,1.06,98.84,54.59,1767.96,206.5,8265.0,2.98,15.0,96.25,6391.0,895.67,766.54,2019
2019-08-07,S&P 500,4236.09,4886.785,4283.89,4214.78,34001783.0,4.23,4.74,8.25,1.08,57.0,576.0,2926.0,1.0,147.26,101.65,1727.32,147.01,9597.0,1.47,18.0,49.42,6040.0,1119.84,945.72,2019
2019-08-08,Dow Jones,12283.55,4884.96,4943.74,3593.215,664114461.0,2.63,4.96,10.33,4.15,105.0,569.0,1355.0,1.26,101.83,90.04,1865.06,366.77,3027.0,2.42,43.0,52.95,13181.0,375.22,308.52,2019
2019-08-09,Dow Jones,2991.25,2991.74,3024.78,2971.65,378329550.0,-3.21,8.47,10.33,9.99,112.0,25063.0,4956.0,1.13,131.18,59.93,2171.81,211.35,2811.0,2.45,24.0,50.34,823.0,375.22,777.39,2019
2019-08-10,S&P 500,4015.85,4060.62,4069.32,4008.77,739835604.0,-0.53,7.06,8.8,4.6,115.0,27713.0,4880.0,0.95,130.62,26.33,1757.39,211.35,5882.0,5.07,38.0,97.52,6882.0,179.65,163.13,2019
2019-08-11,S&P 500,1835.53,1859.7,1869.55,1817.57,746280289.0,9.34,0.32,10.46,5.89,68.0,27713.0,2853.0,0.86,110.68,47.485,880.77,437.95,704.0,0.19,33.0,5.27,456.0,504.62,429.3,2019
2019-08-12,S&P 500,3397.21,3374.01,3421.56,3335.1200000000003,583174209.0,8.74,4.13,9.9,9.38,105.0,4206.0,127.0,1.08,123.36,68.64,2288.67,314.02,3873.0,2.88,37.0,52.59,7399.0,1454.17,1234.22,2019
2019-08-13,NASDAQ,3127.49,3152.46,3164.58,3085.41,352945265.0,-0.84,8.71,8.93,3.43,62.0,21865.0,918.0,0.87,103.89,21.27,2171.97,475.02,559.0,1.89,40.0,17.19,5599.0,1782.92,1486.43,2019
2019-08-14,NASDAQ,1768.06,1760.17,1795.9,1716.7,59031233.0,7.65,0.66,13.39,9.79,102.0,23185.0,1326.0,0.83,110.79,67.26,1354.24,488.13,1655.0,6.83,43.0,48.28,5382.0,141.87,124.11,2019
2019-08-15,S&P 500,3071.84,3118.67,3133.14,3065.97,154028808.0,-4.9,5.46,8.53,1.27,55.0,15765.0,4993.0,1.24,86.97,108.17,1376.87,147.79,2203.0,0.95,46.0,31.78,3558.0,2166.22,1848.84,2019
2019-08-16,Dow Jones,2902.18,2936.67,2951.42,2891.56,57747913.0,6.35,9.24,5.17,5.85,114.0,7504.0,2245.0,1.42,90.49000000000001,148.13,1069.4,147.79,2949.0,7.74,6.0,50.34,12528.0,2163.37,1827.71,2019
2019-08-17,S&P 500,2970.8,2830.21,2853.69,2755.44,785711631.0,4.51,9.47,6.11,9.35,102.0,26411.0,2245.0,1.03,94.01,45.64,2469.76,194.96,1224.0,0.08,25.0,53.23,1159.0,363.41,290.32,2019
2019-08-18,S&P 500,3039.42,3046.65,3074.66,3026.11,793132360.0,2.74,2.64,4.44,7.36,84.0,1487.0,3201.0,1.09,148.77,130.58,913.16,433.85,8741.0,1.52,25.0,53.09,10201.0,1387.73,1170.01,2019
2019-08-19,S&P 500,1924.32,1924.35,1926.68,1904.09,831486090.0,8.16,1.54,6.52,9.98,67.0,15927.0,3312.0,1.35,125.08,30.81,1349.44,440.91,2469.0,9.35,26.0,50.45,14669.0,1128.02,953.98,2019
2019-08-20,S&P 500,3182.78,3220.67,3236.42,3169.11,495898344.0,5.38,4.7,6.29,9.77,105.0,3039.0,837.0,1.3,120.45,124.23,1021.96,238.45,5276.0,4.98,9.0,78.92,5632.0,444.08,376.86,2019
2019-08-21,S&P 500,2197.53,2148.44,2239.77,2900.4,487813508.0,-2.79,8.84,6.29,5.195,75.0,13116.0,680.0,0.95,131.56,65.65,2310.27,360.03,7073.0,2.75,23.0,35.65,5632.0,435.92,370.26,2019
2019-08-22,S&P 500,2690.91,2651.49,2710.77,2631.69,938542254.0,8.04,0.03,11.64,8.25,75.0,22298.0,1765.0,1.0,113.27,142.54,2319.65,369.96,7228.0,9.85,20.0,23.87,1782.0,1811.6,370.26,2019
2019-08-23,Unknown,3322.58,3297.18,3350.22,3263.1,47519129.0,4.85,0.03,9.45,7.49,74.0,13414.0,2164.0,1.13,98.17,24.02,831.74,276.64,8264.0,4.3,48.0,17.81,4397.0,1811.6,1158.79,2019
2019-08-24,NASDAQ,3407.23,3400.25,3453.34,3364.64,952425544.0,2.76,8.33,12.6,4.9,71.0,11531.0,3156.0,0.91,87.61,100.64,983.83,236.56,6025.0,1.04,35.0,59.14,11582.0,2021.07,1713.03,2019
2019-08-25,NASDAQ,2509.27,2464.15,2510.29,2458.37,491119158.0,2.52,6.83,12.63,7.22,71.0,27758.0,604.0,0.81,94.26,31.33,1154.63,218.99,8184.0,5.24,39.0,50.46,14714.0,1158.22,956.02,2019
2019-08-26,NASDAQ,3689.84,3714.04,3757.65,3680.51,487813508.0,-0.07,6.83,9.13,1.37,55.0,15392.0,2555.0,1.09,135.73,122.93,1982.51,293.29,1716.0,1.38,47.0,69.79,6017.0,979.09,813.19,2019
2019-08-27,S&P 500,3428.54,3449.65,3495.42,4067.32,540941420.0,-3.83,8.94,10.92,6.19,51.0,7955.0,1580.0,0.9,142.69,126.14,2107.93,315.9,6283.0,0.11,37.0,23.7,1085.0,333.21,263.58,2019
2019-08-28,NASDAQ,2173.23,2213.93,2250.11,4454.13,879679482.0,-1.48,9.45,9.35,7.2,116.0,9630.0,1772.0,1.25,90.09,42.94,2270.18,401.69,5986.0,7.24,20.0,0.76,3911.0,770.61,638.07,2019
2019-08-29,NASDAQ,4854.0,4879.48,4905.429999999999,4840.94,537363965.0,4.43,8.25,7.62,8.29,95.0,24195.0,4945.0,0.93,105.2,53.42,1674.57,398.28,7942.0,7.78,46.0,29.2,5192.0,1324.31,1113.93,2019
2019-08-30,S&P 500,4294.49,4295.64,4303.77,4275.82,487813508.0,-0.18,5.09,12.64,1.63,119.0,26259.0,2912.0,0.92,110.01,102.19,1529.36,258.0,9944.0,4.66,16.0,9.56,10124.0,2236.75,1903.34,2019
2019-08-31,S&P 500,2784.125,1604.53,1623.73,1568.17,487813508.0,8.81,0.17,6.4,6.64,55.0,29249.0,163.0,1.2,145.76,40.06,1957.3849999999998,468.92,1886.0,0.25,24.0,9.0,11377.0,383.68,295.55,2019
2019-09-01,Dow Jones,1273.76,1235.44,1317.28,1192.34,86910001.0,8.84,7.0,10.44,7.29,117.0,10296.0,4236.0,1.18,113.52,61.98,2385.41,298.72,3033.0,8.75,24.0,66.01,2200.0,383.68,295.55,2019
2019-09-02,NASDAQ,1876.28,1873.05,1907.16,1850.15,459837490.0,8.84,10.0,12.63,1.71,95.0,10296.0,2965.0,1.46,95.87,35.21,2109.25,496.83,1523.0,0.7,25.0,4.7,13489.0,2101.07,1773.69,2019
2019-09-03,Unknown,3447.32,3488.22,2549.515,3399.33,630107169.0,8.34,6.06,3.03,9.26,109.0,3100.0,478.0,1.35,89.7,81.92,1414.91,211.88,1271.0,3.1,9.0,50.34,4709.0,683.61,591.24,2019
2019-09-04,NASDAQ,3187.72,3183.73,3191.87,3136.98,432054895.0,-2.92,7.53,8.66,4.24,103.0,19539.0,4470.0,0.94,83.53,34.33,1960.16,158.18,5931.0,2.57,35.0,33.4,7006.0,1388.38,1184.63,2019
2019-09-05,NASDAQ,1667.81,1636.63,1688.27,1592.4,487813508.0,-4.31,6.13,2.37,4.24,64.0,15985.0,3113.0,1.47,115.94,103.63,2304.07,148.81,6033.0,2.81,37.0,53.67,10327.0,1357.86,1149.04,2019
2019-09-06,S&P 500,1766.37,1801.53,1802.98,1722.33,692239923.0,5.94,4.01,2.37,7.74,73.0,719.0,1884.0,1.42,130.94,33.58,2128.63,182.3,8945.0,0.36,24.0,95.59,1776.0,1357.86,1529.64,2019
2019-09-07,Dow Jones,1250.76,2077.64,1294.63,1227.4,392675462.0,9.18,1.65,12.0,9.77,96.0,26911.0,3941.0,1.32,145.5,57.32,884.45,353.03,8523.0,0.36,24.0,43.2,12678.0,1561.96,1353.53,2019
2019-09-08,Dow Jones,2367.4,2353.75,2398.52,2346.21,219668120.0,-3.33,1.23,4.5,7.43,82.0,28759.0,3941.0,1.2,107.27,89.4,2342.88,367.19,9755.0,1.6,24.0,63.75,1460.0,122.46,74.9,2019
2019-09-09,Unknown,3837.56,3815.3,3844.52,3771.48,966119880.0,-1.04,7.12,9.6,4.26,81.0,9949.0,332.0,0.96,89.28,121.48,2196.02,224.53,8703.0,1.7,24.0,3.58,12882.0,1035.61,871.17,2019
2019-09-10,Dow Jones,2355.44,2308.15,2396.87,3026.8199999999997,713027454.0,1.12,4.91,7.71,5.19,93.0,19191.0,3681.0,1.46,141.92,143.95,1947.56,153.51,7125.0,9.74,24.0,47.36,7754.0,713.81,609.22,2019
2019-09-11,NASDAQ,2312.72,2359.3,2516.09,2282.16,477618764.0,9.01,0.53,10.47,7.16,63.0,14132.0,4822.0,1.19,96.04,21.39,1746.86,333.17,5776.0,10.0,24.0,32.57,10299.0,1999.29,1699.83,2019
2019-09-12,S&P 500,2592.02,2555.05,2635.31,2526.58,752070598.0,2.76,8.46,6.9,4.51,72.0,20946.0,4822.0,1.08,93.9,119.13,2273.69,184.72,6291.0,0.66,21.0,54.39,3402.0,289.71,225.43,2019
2019-09-13,S&P 500,3113.09,1360.76,1409.46,1326.12,204366604.0,-0.73,8.46,14.67,1.66,105.0,10539.0,4299.0,0.92,113.9,127.59,1396.13,359.34,1148.0,5.24,24.0,83.69,5123.0,2120.51,1784.65,2019
2019-09-14,NASDAQ,3634.16,3594.83,3663.45,3553.19,472808464.0,-0.47,2.97,11.4,7.39,59.0,21180.0,449.0,1.12,121.38,63.4,2349.55,281.12,7933.0,2.66,31.0,63.4,5123.0,1261.83,1048.93,2019
2019-09-15,S&P 500,4150.2,4121.35,4196.86,3459.37,735697498.0,-2.46,7.16,12.57,4.51,59.0,11854.0,2727.0,1.19,131.39,26.64,1074.34,224.56,926.0,5.81,6.0,41.8,9867.0,2069.62,1750.19,2019
2019-09-16,NASDAQ,3380.85,3411.58,3417.86,3365.55,894006037.0,4.89,5.69,4.08,5.195,51.0,18292.0,3549.0,1.24,101.72,43.56,952.72,109.03,7443.0,8.97,39.0,9.46,10482.0,1871.12,1601.25,2019
2019-09-17,NASDAQ,4860.06,4843.46,4885.31,4794.6,440613349.0,8.27,9.23,5.31,3.23,65.0,11515.0,2100.0,1.32,146.89,60.480000000000004,2459.73,295.02,9218.0,6.29,35.0,73.76,6314.0,256.5,187.08,2019
2019-09-18,Dow Jones,1368.27,1351.6,1410.9,1311.9499999999998,790611373.0,0.12,5.37,5.63,0.96,112.0,7690.0,4817.0,1.41,131.51,77.4,1243.45,310.01,5662.0,3.07,31.0,50.34,2786.0,2032.55,1743.97,2019
2019-09-19,S&P 500,3414.12,3404.42,3436.37,3382.39,469502118.0,3.43,9.65,6.72,9.17,57.0,7690.0,3949.0,1.04,136.16,53.065000000000005,1579.49,108.36,3548.0,3.93,24.0,0.32,12220.0,2032.55,270.48,2019
2019-09-20,NASDAQ,4064.26,4050.6,4111.07,4017.24,795334984.0,1.77,4.22,13.53,9.92,102.0,6841.0,1592.0,1.32,81.19,28.73,1162.8,244.92,9009.0,3.97,24.0,50.65,6472.0,348.2,270.21,2019
2019-09-21,S&P 500,3035.56,2986.27,4151.889999999999,2972.65,312373166.0,2.65,1.86,11.27,3.53,97.0,14573.0,4901.0,1.35,138.97,144.64,2474.48,426.46,1337.0,2.81,16.0,38.35,7706.0,949.41,788.44,2019
2019-09-22,Dow Jones,4175.74,2240.015,4192.71,4151.94,17404064.0,6.7,7.48,9.62,0.85,50.0,2294.0,3801.0,0.85,116.92,119.88999999999999,938.67,164.16,7430.0,1.22,7.0,76.27,10439.0,1391.45,1181.61,2019
2019-09-23,NASDAQ,1518.72,1493.76,1540.76,1464.75,487813508.0,1.84,0.56,7.85,4.29,74.0,3249.0,4625.0,1.25,109.57,95.14,969.79,413.3,2087.0,8.39,25.0,49.7,7903.0,712.22,600.84,2019
2019-09-24,Dow Jones,3579.33,3614.42,3661.78,3562.49,832981771.0,9.89,6.35,12.72,7.15,69.0,2135.0,3039.0,1.46,124.51,121.59,1206.49,244.27,2858.0,4.57,33.0,44.13,3673.0,1583.29,1343.97,2019
2019-09-25,S&P 500,1999.89,2049.56,2058.78,1952.59,313957113.0,-4.17,2.32,10.4,9.24,57.0,4316.0,4460.0,1.47,109.78,62.84,1836.87,307.24,9298.0,0.55,28.0,41.05,3673.0,1043.92,900.01,2019
2019-09-26,Dow Jones,4995.57,4965.92,5023.56,4945.36,116117648.0,5.61,5.99,4.62,5.37,56.0,17891.0,640.0,1.07,116.54,88.13000000000001,1488.77,181.19,4741.0,5.94,2.0,74.0,5077.0,1043.92,1290.49,2019
2019-09-27,Unknown,2492.49,2474.52,2501.94,2433.68,901878412.0,7.75,5.95,3.85,8.93,56.0,9344.0,1867.0,1.34,144.3,113.42000000000002,807.52,392.42,7156.0,1.94,28.0,50.34,8272.0,1936.67,1652.36,2019
2019-09-28,NASDAQ,4660.01,4619.62,4678.63,4570.1,949931289.0,7.15,5.52,12.01,5.13,110.0,29425.0,1029.0,1.1,118.85,138.71,1441.2,153.56,788.0,1.9,10.0,10.98,6731.0,1371.76,1164.15,2019
2019-09-29,NASDAQ,3900.02,3885.64,3917.03,4253.685,381473839.0,4.63,6.69,7.41,6.2,84.0,29425.0,2189.0,1.33,109.47,36.71,1396.58,240.96,2108.0,9.4,24.0,70.49,8512.0,1727.14,1446.81,2019
2019-09-30,NASDAQ,3967.91,3986.82,3990.53,3937.27,900326412.0,-0.48,3.73,6.29,1.63,94.0,24495.0,4345.0,1.31,131.07,31.37,1694.24,279.87,5954.0,6.28,24.0,84.65,12051.0,1265.65,1035.88,2019
2019-10-01,Dow Jones,1326.39,1280.76,1362.43,1278.03,611655923.0,3.05,5.16,9.16,4.99,56.0,13898.0,4345.0,1.37,140.57,126.73,2193.21,367.95,4872.0,3.87,30.0,17.38,10662.0,206.71,1035.88,2019
2019-10-02,NASDAQ,1413.74,1489.92,1478.32,1366.52,878799408.0,0.24,4.7,14.93,8.77,71.0,6678.0,742.0,1.29,125.15,26.36,2272.87,342.04,526.0,7.96,22.0,81.76,1434.0,206.71,718.3,2019
2019-10-03,Dow Jones,1723.14,1699.08,2456.75,1694.92,212503095.0,0.6,6.87,7.2,6.53,66.0,17644.0,2485.0,0.89,109.73,37.25,836.9,326.37,2054.0,4.63,25.0,97.57,8401.0,1305.18,1092.43,2019
2019-10-04,S&P 500,3346.5,3385.28,3435.1800000000003,3304.73,185736837.0,8.23,2.23,11.25,7.73,111.0,15625.0,4865.0,0.89,108.32,36.12,1188.9,134.83,1438.0,4.75,30.0,62.74,11164.0,639.6,525.3,2019
2019-10-05,NASDAQ,4593.55,3731.4850000000006,4624.32,4524.95,393313428.0,9.73,4.36,5.56,2.53,87.0,24489.0,4331.0,1.21,126.065,75.94,1540.9,322.27,3020.0,0.35,32.0,83.51,13288.0,1701.33,1405.88,2019
2019-10-06,NASDAQ,4127.56,4077.690000000001,4151.17,4067.48,531516143.0,5.06,7.23,2.71,4.65,114.0,3591.0,1193.0,1.01,143.81,62.23,1243.62,237.35,6665.0,2.08,24.0,76.0,1919.0,320.65,261.16,2019
2019-10-07,Dow Jones,3566.02,3566.45,3591.61,3518.07,945419965.0,6.19,8.15,9.01,3.27,113.0,5639.0,316.0,1.33,133.93,84.21,1625.66,355.74,3357.0,4.56,24.0,15.46,7044.0,2227.56,1871.48,2019
2019-10-08,NASDAQ,2402.08,2396.39,2409.03,2382.69,52578953.0,-2.56,3.55,13.69,9.14,114.0,6671.0,1231.0,1.0,111.555,31.05,1396.52,355.74,5271.0,4.11,20.0,52.74,14298.0,1364.6,1131.13,2019
2019-10-09,NASDAQ,1121.85,1095.79,1147.82,1081.26,324600543.0,2.39,4.05,8.64,1.16,66.0,10266.0,2052.0,1.27,89.18,87.05,814.82,359.48,9476.0,5.97,45.0,18.76,9553.0,1484.11,1243.36,2019
2019-10-10,Dow Jones,3031.22,3066.37,3091.72,3010.67,502801344.0,1.49,3.66,11.04,3.8,73.0,13912.0,4723.0,1.14,136.72,117.85,2156.49,296.61,2297.0,9.89,48.0,7.86,12617.0,1547.9,1243.36,2019
2019-10-11,S&P 500,2832.11,2818.79,2846.47,2811.22,772179049.0,-2.42,9.03,2.78,8.25,108.0,23566.0,1044.0,1.165,109.64,148.65,1040.62,286.75,9182.0,6.58,38.0,50.79,12752.0,233.81,226.71,2019
2019-10-12,NASDAQ,1116.68,1120.16,1133.27,1114.57,372046783.0,9.07,4.31,5.06,2.71,89.0,26862.0,1090.0,1.19,141.47,110.56,2468.06,409.82,7885.0,6.77,6.0,77.84,4585.0,1305.81,1113.1,2019
2019-10-13,NASDAQ,1781.83,1736.76,1826.34,1692.35,663095194.0,5.09,8.0,14.55,3.75,77.0,8601.0,1309.0,1.04,148.15,78.1,2384.07,378.96,7885.0,7.64,45.0,8.57,6991.0,1869.16,1564.65,2019
2019-10-14,S&P 500,3397.21,3374.01,3421.56,3335.1200000000003,583174209.0,8.74,4.13,9.9,9.38,105.0,4206.0,127.0,1.08,123.36,68.64,2288.67,314.02,3873.0,2.88,37.0,52.59,7399.0,1885.22,1583.96,2019
2019-10-15,Dow Jones,1963.22,1957.37,1981.26,1910.82,195253840.0,1.16,3.65,9.59,8.28,56.0,26493.0,389.0,1.46,112.62,131.26,1108.63,417.18,1135.0,1.67,24.0,0.16,4479.0,97.22,93.81,2019
2019-10-16,Unknown,2321.14,2344.09,2355.7,2312.29,404161286.0,9.6,2.16,11.79,6.21,88.0,1488.0,2212.0,0.89,112.43,41.07,1734.7,243.47,7601.0,3.56,18.0,71.36,222.0,1552.24,93.81,2019
2019-10-17,Dow Jones,3681.74,3657.15,3693.61,3655.29,916624260.0,7.65,2.58,4.7,5.195,88.0,1488.0,263.0,1.16,114.75,76.26,1357.98,270.58,5903.0,3.56,12.0,30.99,10108.0,2218.05,93.81,2019
2019-10-18,Dow Jones,2095.95,2132.86,3802.41,2059.08,984655220.0,-2.22,0.32,2.38,7.99,82.0,1547.0,2178.0,1.2,101.54,45.13,1527.92,270.1,6220.0,3.89,15.0,23.55,7654.0,226.05,173.62,2019
2019-10-19,S&P 500,2427.685,3834.61,3911.21,3822.53,479606411.0,2.71,7.13,9.71,7.9,81.0,5600.0,2178.0,0.84,117.97999999999999,58.58,1966.33,458.94,8671.0,8.14,26.0,99.85,5099.0,202.03,153.37,2019
2019-10-20,NASDAQ,2759.42,2803.64,2808.09,2733.93,34699552.0,1.42,2.14,9.71,0.93,74.0,10626.0,4539.0,1.03,134.42,105.32,1206.65,426.04,5808.0,0.02,24.0,86.15,2019.0,2158.46,1845.83,2019
2019-10-21,NASDAQ,1986.63,1952.73,2023.94,1939.8,487813508.0,6.72,2.83,6.74,0.93,59.0,12329.0,4260.0,1.39,120.25,124.61,1355.1750000000002,282.34,8782.0,7.69,11.0,31.97,8805.0,1282.64,1059.16,2019
2019-10-22,NASDAQ,2568.37,2571.13,1686.72,2556.08,621791179.0,2.76,1.57,8.32,6.21,92.0,12329.0,1947.0,1.275,110.46,107.56,1503.7,415.61,5690.0,3.38,44.0,77.76,12666.0,143.15,1059.16,2019
2019-10-23,NASDAQ,1266.26,1304.39,1349.5,1221.7,84187277.0,4.97,1.02,6.39,1.98,95.0,28787.0,2557.0,1.16,119.61,90.51,1282.04,223.31,8264.0,0.33,27.0,6.92,3906.0,2066.58,1769.24,2019
2019-10-24,NASDAQ,4782.79,4741.29,4817.45,4701.18,917879901.0,-4.17,9.66,6.68,8.71,86.0,23754.0,625.0,1.18,115.82,85.41499999999999,1060.38,358.45,4704.0,9.88,24.0,5.18,5108.0,2278.71,1904.94,2019
2019-10-25,Dow Jones,3059.73,3089.58,3094.23,3055.97,125989773.0,3.89,5.11,2.56,7.71,102.0,20558.0,3245.0,1.15,123.11,80.32,1579.25,426.2,3731.0,8.94,33.0,62.83,5108.0,749.25,1904.94,2019
2019-10-26,NASDAQ,1930.91,1927.25,1953.49,1922.5,355154721.0,-4.82,5.58,2.56,4.15,104.0,20558.0,523.0,1.2,86.44,94.74,2478.09,464.64,3731.0,7.93,10.0,32.15,7036.0,1092.78,916.26,2019
2019-10-27,S&P 500,2357.22,2333.75,2894.115,2316.82,792289482.0,2.71,8.72,3.18,6.06,79.0,20433.0,3025.0,1.22,107.0,146.63,928.24,145.78,1354.0,2.58,17.0,50.15,14573.0,1898.57,1572.83,2019
2019-10-28,Dow Jones,3815.43,3823.67,3834.74,3769.89,338040054.0,5.09,8.72,12.67,5.64,54.0,10052.0,1719.0,0.89,125.69,74.82,1874.3,316.83,5753.0,8.92,4.0,23.78,6987.0,1336.61,1122.34,2019
2019-10-29,S&P 500,1501.95,1475.27,1503.15,1437.88,298009211.0,7.26,5.39,2.04,1.28,112.0,24668.0,1236.0,0.91,99.68,60.08,1947.21,429.6,6410.0,8.59,24.0,69.21,6813.0,690.71,559.34,2019
2019-10-30,NASDAQ,2227.11,2275.0,2279.19,2182.81,716678341.0,2.76,6.86,10.97,1.28,103.0,15158.0,1489.0,1.16,112.35,96.65,1858.22,146.13,1452.0,7.13,19.0,82.73,11330.0,690.71,883.33,2019
2019-10-31,Dow Jones,1088.26,1059.72,1108.96,1035.05,143539791.0,2.76,8.17,6.52,1.78,86.0,24304.0,2298.0,1.25,137.49,95.18,2233.89,470.73,4110.0,5.71,45.0,68.08,11330.0,813.19,670.32,2019
2019-11-01,NASDAQ,1874.84,1877.17,1909.85,1833.81,149437666.0,2.76,2.4,7.49,7.83,119.0,25498.0,4023.0,1.055,107.98,116.18,1784.9,211.96,990.0,6.27,6.0,1.51,6537.0,1924.68,1613.53,2019
2019-11-02,Dow Jones,1302.8,1309.68,1346.3,1264.54,678749613.0,-2.64,1.07,10.57,3.78,70.0,25290.0,3001.0,0.86,82.55,137.18,1145.31,141.81,9010.0,8.54,26.0,64.21,4043.0,753.73,644.74,2019
2019-11-03,Dow Jones,4625.02,4660.47,4665.26,1794.675,13098297.0,10.0,3.77,10.57,3.71,112.0,12745.0,4183.0,0.95,149.15,28.18,1308.54,213.07,8456.0,4.22,16.0,12.83,5192.0,1029.45,844.81,2019
2019-11-04,Dow Jones,2395.33,2366.2,2419.65,2324.81,328335289.0,8.9,2.12,4.05,7.48,70.0,26797.0,2667.0,1.05,131.61,98.56,1883.99,256.52,3471.0,5.53,3.0,47.12,8374.0,1570.62,1299.49,2019
2019-11-05,S&P 500,2215.79,2259.33,2309.12,2186.6,868362188.0,-3.17,9.78,7.38,8.71,70.0,13865.0,2117.0,1.04,116.31,50.71,891.61,236.78,7209.0,3.95,11.0,22.33,13544.0,2049.58,1736.49,2019
2019-11-06,S&P 500,4293.09,4336.08,4381.27,4243.150000000001,801605176.0,2.72,6.24,7.38,5.22,111.0,27060.0,3219.0,1.35,98.15,94.21,2408.4,296.41,3594.0,9.28,43.0,25.29,7704.0,2049.58,1901.14,2019
2019-11-07,Dow Jones,4106.84,4141.59,4058.735,4062.99,867172199.0,5.97,4.87,9.42,9.18,92.0,27069.0,1113.0,1.02,112.13,81.41999999999999,2358.55,479.46,5193.0,5.18,30.0,75.26,13164.0,206.39,187.49,2019
2019-11-08,Dow Jones,2694.4900000000002,3726.38,3736.2,3653.62,231440656.0,-1.18,0.64,3.22,3.3,115.0,4384.0,3262.0,1.165,96.97,68.63,2204.89,433.0,5207.0,3.4,40.0,8.63,4495.0,2142.73,1819.63,2019
2019-11-09,NASDAQ,1282.14,3551.7366666666667,1324.0,1243.87,635415335.0,7.47,9.97,9.33,5.45,96.0,5236.0,1642.0,1.31,84.87,58.28,884.23,299.32,3993.0,9.09,12.0,26.9,4495.0,582.52,506.38,2019
2019-11-10,NASDAQ,4747.29,3377.0933333333332,4832.67,4701.95,695658158.0,7.52,8.27,13.45,8.45,77.0,28932.0,3214.0,1.18,122.34,86.02,1415.23,312.59,5599.0,8.7,31.0,89.59,3697.0,777.42,506.38,2019
2019-11-11,Dow Jones,3242.71,3202.45,3256.72,3184.29,785916329.0,3.86,1.73,13.45,5.195,110.0,20253.0,2437.0,1.31,125.43,84.39666666666666,2142.32,338.75,8341.0,2.85,23.0,13.26,9223.0,123.9,63.53,2019
2019-11-12,NASDAQ,1572.0,1598.41,1610.72,1570.25,171587145.0,6.97,0.7,2.55,6.93,97.0,10761.0,3396.0,1.19,128.52,82.77333333333334,1567.68,338.75,6058.0,8.38,48.0,21.51,9223.0,123.9,63.53,2019
2019-11-13,Dow Jones,1906.09,1857.37,1918.68,1842.48,896476956.0,9.85,0.69,3.4,1.61,69.0,3301.0,3523.0,1.07,136.14,81.15,847.83,121.81,4815.0,2.03,28.0,88.4,11843.0,1629.87,1373.75,2019
2019-11-14,Unknown,2356.96,2338.28,2383.79,2310.41,783895862.0,6.01,4.51,10.69,3.58,83.0,11781.0,2375.0,1.16,127.53,77.52,2472.47,331.5,4815.0,6.14,41.0,91.82,13975.0,1629.87,1411.25,2019
2019-11-15,S&P 500,4824.19,4823.389999999999,4872.8,4806.339999999999,365875782.0,-1.49,8.43,12.56,4.08,80.0,23517.0,4799.0,0.89,80.82,90.87,1477.44,140.37,4071.0,6.14,24.0,45.22,8951.0,1132.71,934.33,2019
2019-11-16,Unknown,3468.42,3513.15,3524.86,3459.12,107187026.0,-3.15,6.9,14.3,0.75,59.0,18125.0,3655.0,1.48,112.65,61.410000000000004,1888.16,130.53,4071.0,9.24,24.0,50.34,13667.0,497.0,421.5,2019
2019-11-17,S&P 500,2419.33,2465.47,2512.33,2385.19,330010027.0,-4.37,5.84,9.9,8.93,89.0,3589.0,2905.0,1.36,93.31,31.95,894.14,206.37,3651.0,0.07,36.0,71.64,12311.0,277.74,225.65,2019
2019-11-18,Dow Jones,3484.25,1363.32,1403.07,1316.65,981627672.0,1.98,5.08,3.01,4.71,70.0,9378.0,2760.0,0.83,146.5,97.01,943.28,199.78,8970.0,9.76,48.0,21.51,13330.0,1674.35,1401.0,2019
2019-11-19,Dow Jones,1249.73,1217.61,1287.32,1173.18,998071867.0,6.61,1.3,10.89,1.2,76.0,7520.0,714.0,0.95,108.82,67.0,1526.63,448.27,3356.0,3.31,24.0,57.48,1538.0,1122.11,934.39,2019
2019-11-20,S&P 500,4802.12,4799.28,4828.15,4792.34,389281039.0,-4.44,3.06,14.37,1.2,78.0,6048.0,1114.0,1.1600000000000001,99.96,66.62,1289.51,448.27,7480.0,7.55,30.0,22.15,8849.0,1122.11,1357.62,2019
2019-11-21,Dow Jones,3848.06,3888.94,4856.855,3829.67,804925991.0,3.26,7.01,7.26,3.85,52.0,14523.0,1589.0,1.37,120.03,39.42,1521.04,294.49,3015.0,1.22,0.0,50.67,6515.0,1249.51,1030.87,2019
2019-11-22,NASDAQ,4862.99,4842.18,4885.56,4799.7,627355907.0,4.65,2.46,2.03,0.91,77.0,27582.0,2595.0,1.17,146.24,36.42,2272.3,422.96,1934.0,2.38,24.0,64.67,12576.0,875.11,770.44,2019
2019-11-23,S&P 500,1667.44,1674.36,1678.84,1658.95,756946108.0,4.65,6.82,13.79,2.83,95.0,24955.0,2782.0,1.42,148.99,104.76,2397.87,454.61,1934.0,1.36,17.0,68.41,13348.0,1855.85,1556.18,2019
2019-11-24,NASDAQ,4607.76,4629.52,4659.24,4564.22,595758115.0,1.76,5.72,4.84,7.06,65.0,25580.0,2035.0,1.4049999999999998,117.02,62.73,1137.86,422.76,4153.0,7.98,24.0,65.05,8385.0,1855.85,915.73,2019
2019-11-25,S&P 500,3594.99,3629.07,3634.88,3555.16,94659480.0,2.76,5.31,13.57,3.26,65.0,14824.0,3629.0,1.39,81.02,93.98,2197.75,271.09,4166.0,6.7,29.0,75.47,8305.0,229.95,915.73,2019
2019-11-26,Dow Jones,4116.75,2039.11,2075.36,1989.75,332140520.0,-4.26,7.97,10.66,4.9,82.0,1911.0,361.0,1.295,134.66,93.27,1831.96,243.01,5428.0,5.7,26.0,17.71,5875.0,1064.63,927.48,2019
2019-11-27,Dow Jones,4638.51,4685.18,4734.11,4602.62,880713113.0,8.88,7.93,3.51,9.84,102.0,1911.0,1407.0,1.2,93.78,59.98,2423.04,272.99,4736.0,7.71,23.0,69.01,7632.0,1738.49,927.48,2019
2019-11-28,S&P 500,2186.45,2152.7,2211.72,2125.26,964359992.0,7.35,8.26,2.22,5.13,83.0,9687.0,656.0,0.85,148.07,131.2,1951.73,280.64,9385.0,2.85,24.0,89.95,3879.0,2111.11,1765.47,2019
2019-11-29,NASDAQ,4323.8,4302.48,4352.58,4286.21,966643407.0,7.23,5.57,9.02,4.54,101.0,20356.0,3061.0,0.92,101.6,121.30333333333333,2214.45,132.7,9416.0,2.4,24.0,37.62,834.0,324.42,252.78,2019
2019-11-30,NASDAQ,6658.175,2635.79,2664.28,2586.26,976094289.0,-4.04,5.57,10.19,2.6,73.0,3997.0,819.0,1.36,125.33,111.40666666666667,1364.65,247.68,3968.0,8.47,12.0,50.34,5765.0,865.9,737.38,2019
2019-12-01,NASDAQ,4716.56,4719.51,4755.27,4704.34,835378440.0,-3.73,9.66,6.66,2.59,108.0,14711.0,4366.0,1.18,138.72,101.51,2467.82,295.41,4950.0,4.21,35.0,87.91,9562.0,496.6,422.14,2019
2019-12-02,NASDAQ,2866.77,2836.49,2890.56,2798.26,354635517.0,8.45,2.82,14.67,3.64,66.0,13953.0,462.0,0.97,116.13,147.38,2293.87,196.53,1318.0,4.9,8.0,94.42,12332.0,1848.31,1581.75,2019
2019-12-03,Dow Jones,4753.93,4782.06,4810.76,1998.1150000000002,36672741.0,0.51,1.36,5.28,4.35,66.0,12467.0,442.0,1.0899999999999999,94.19,56.81,958.77,196.53,3522.0,6.21,11.0,49.04,9787.0,745.32,625.09,2019
2019-12-04,S&P 500,1213.39,3065.3500000000004,1234.49,1197.97,73556414.0,3.43,4.27,3.89,8.04,69.0,12467.0,4945.0,1.21,136.92,68.81333333333333,2496.68,423.13,1531.0,0.41,12.0,58.06,4449.0,1837.2,1556.77,2019
2019-12-05,Dow Jones,1338.26,1348.64,1373.71,1298.04,686755833.0,5.9,8.82,12.77,0.55,103.0,14410.0,2099.0,1.29,115.965,80.81666666666666,1161.42,436.83,6293.0,6.48,5.0,22.8,14069.0,186.79,134.88,2019
2019-12-06,Dow Jones,2925.11,2945.4,2946.83,2902.74,484026026.0,8.19,6.41,5.58,8.67,103.0,13360.0,1907.0,1.13,95.01,92.82,1105.58,421.33,705.0,0.94,24.0,40.04,3856.0,1039.6,853.57,2019
2019-12-07,Dow Jones,3691.49,2915.92,2921.915,3678.02,125092975.0,6.85,5.37,10.63,1.25,118.0,3335.0,3586.0,1.15,108.47,92.56,2398.56,314.77,3893.0,8.0,41.0,50.34,3856.0,887.43,730.68,2019
2019-12-08,S&P 500,2855.93,2886.44,2897.0,2806.73,466183741.0,6.45,7.09,12.66,1.25,62.0,8762.0,4412.0,1.11,107.03,74.37,2111.54,145.43,7698.0,8.42,5.0,4.38,13561.0,2061.14,1741.48,2019
2019-12-09,NASDAQ,1474.84,1509.9,1535.0099999999998,1452.09,748100619.0,6.62,4.22,8.73,5.64,89.0,1055.0,1233.0,0.86,85.14,108.015,1824.52,236.52,1962.0,0.83,20.0,68.97,3162.0,885.64,739.2,2019
2019-12-10,Dow Jones,1817.79,1809.59,1845.92,1797.91,124837515.0,6.62,8.23,2.76,1.4,89.0,2442.0,2804.0,0.82,115.06,141.66,2026.02,380.39,9774.0,8.73,6.0,19.83,349.0,1475.05,1250.03,2019
2019-12-11,Dow Jones,3387.64,3406.21,3435.7,3352.97,823166670.0,8.48,0.65,11.69,5.72,90.0,13106.0,3976.0,1.2,104.815,137.74,1971.355,247.36,8580.0,6.85,38.0,90.79,11884.0,1677.42,1394.03,2019
2019-12-12,Unknown,4631.35,4585.1,4675.17,4572.47,441279836.0,6.16,6.24,4.48,4.09,90.0,7991.0,196.0,1.25,94.57,143.485,1916.69,291.38,8696.0,0.33,42.0,5.82,12729.0,1261.49,1042.58,2019
2019-12-13,S&P 500,3671.47,3657.02,3708.65,3615.22,220023092.0,2.59,9.49,3.82,3.27,75.0,11023.0,3538.0,1.19,102.965,149.23,2117.25,130.73,6617.0,2.72,0.0,94.45,14681.0,521.76,436.75,2019
2019-12-14,S&P 500,3290.43,3288.68,3304.99,3246.02,905897706.0,-1.53,9.49,11.16,9.46,68.0,23191.0,4709.0,1.02,111.36,32.16,1239.07,347.56,1743.0,5.46,47.0,62.27,8650.0,2180.58,1860.49,2019
2019-12-15,Unknown,1049.62,1039.62,1067.11,1018.95,607010400.0,3.65,9.42,7.42,3.13,70.0,20336.0,2204.0,0.97,99.34,125.06,1345.21,324.85,4055.0,5.46,22.0,64.03,5361.0,716.04,613.66,2019
2019-12-16,Dow Jones,2717.06,1609.26,1612.57,1558.81,208026566.0,8.51,1.71,7.42,3.72,110.0,23095.0,2843.0,1.08,109.66,100.96,1019.5,237.64,8115.0,2.82,48.0,3.43,6113.0,999.15,855.79,2019
2019-12-17,Dow Jones,4384.5,4353.29,4416.94,4334.38,487813508.0,2.76,8.51,5.93,6.43,88.0,24787.0,4759.0,0.87,142.05,61.95,1379.605,168.68,7584.0,5.86,42.0,15.66,7313.0,682.66,572.04,2019
2019-12-18,Dow Jones,4001.06,3992.26,4008.97,3967.75,857161063.0,-4.85,5.26,4.32,8.27,59.0,12617.0,2828.0,1.29,113.84,94.08,1739.71,329.51,6363.0,0.13,24.0,70.09,2939.0,1234.73,1047.61,2019
2019-12-19,Dow Jones,3846.465,2601.59,2624.83,3806.08,675674843.0,-4.51,4.93,6.02,8.69,110.0,9353.0,2472.0,0.96,104.43,147.52,2354.9,367.01,4575.0,5.73,25.0,50.28,1067.0,301.19,232.76,2019
2019-12-20,NASDAQ,3691.87,3690.29,3720.91,3644.41,280249196.0,4.13,4.93,10.62,8.69,89.0,14978.0,2071.0,1.03,98.27,33.9,1842.41,233.87,9278.0,7.6,37.0,57.78,1067.0,150.17,149.91,2019
2019-12-21,Dow Jones,3735.47,3782.27,3822.82,3721.93,284688138.0,2.91,6.23,6.27,6.44,89.0,771.0,2251.0,1.14,142.89,64.31,1329.92,127.91,8462.0,9.29,39.0,81.38,12759.0,1676.64,149.91,2019
2019-12-22,NASDAQ,1947.7,1907.76,1963.88,1890.44,204961251.0,1.73,9.86,14.97,6.44,89.0,4997.0,1145.0,0.92,113.21,115.14,1445.42,442.03,2341.0,2.88,31.0,66.25,3571.0,1676.64,664.55,2019
2019-12-23,Dow Jones,2601.25,2567.93,2646.52,2556.97,652311080.0,5.06,0.65,14.97,4.25,71.0,11391.0,2326.0,1.45,142.03,134.05,1065.16,372.36,5814.0,1.8,48.0,39.51,9656.0,1676.64,1116.5,2019
2019-12-24,NASDAQ,2479.2349999999997,2904.67,2911.28,2815.6,861136600.0,6.27,5.08,10.57,4.3,75.0,718.0,4134.0,0.9,84.4,84.25,1747.03,230.45,9408.0,3.19,18.0,18.99,4304.0,1438.87,1210.53,2019
2019-12-25,S&P 500,2357.22,2333.75,1984.4450000000002,2316.82,792289482.0,2.71,8.72,3.18,6.06,79.0,20433.0,3025.0,1.22,107.0,146.63,928.24,145.78,1354.0,2.58,17.0,50.15,14573.0,161.48,130.58,2019
2019-12-26,NASDAQ,1024.19,1031.89,1057.61,1011.45,237951227.0,5.76,1.99,8.29,3.01,79.0,27386.0,3391.0,1.17,118.92,68.57,2092.72,481.5,9023.0,2.58,3.0,40.56,13416.0,1773.94,1472.95,2019
2019-12-27,Dow Jones,2551.95,2534.02,2559.44,2507.51,624213517.0,3.22,1.99,11.26,5.79,117.0,18025.0,639.0,0.94,132.92,94.42,1385.66,104.12,1078.0,5.5,2.0,3.55,6427.0,913.62,766.72,2019
2019-12-28,S&P 500,1155.75,1131.98,1175.83,1108.68,667502067.0,3.82,0.45,13.57,4.19,115.0,17661.0,3074.0,0.99,146.92,120.27000000000001,2039.84,109.97,146.0,0.59,15.0,50.34,3379.0,913.62,840.12,2019
2019-12-29,S&P 500,1912.94,1872.7,1923.68,1835.44,624125424.0,6.2,7.86,10.53,8.46,77.0,4936.0,3449.0,1.49,87.0,146.12,1692.55,425.07,3670.0,3.89,20.0,57.41,9651.0,983.19,828.86,2019
2019-12-30,Dow Jones,4396.39,4427.62,4456.08,4368.39,297063703.0,4.64,5.37,4.47,0.75,107.0,19768.0,591.0,1.04,109.95,26.87,1110.92,265.58,7705.0,7.14,24.0,24.46,11982.0,1355.48,1132.04,2019
2019-12-31,S&P 500,2612.84,2613.84,2628.64,2573.66,425138592.0,5.23,7.13,4.66,1.29,108.0,16252.0,1351.0,1.16,107.17,22.67,965.29,147.26,1537.0,9.69,22.0,63.69,7779.0,942.02,786.54,2019
2020-01-01,S&P 500,1167.66,1203.25,1233.2,1119.74,29461914.0,5.23,9.73,11.87,5.48,59.0,18788.0,2502.0,1.04,109.51,85.41,2028.81,119.08,3059.0,7.95,47.0,78.26,11833.0,2028.26,786.54,2020
2020-01-02,S&P 500,2325.41,2318.81,2339.14,1428.83,825528542.0,9.95,3.81,14.32,3.89,103.0,21580.0,4689.0,1.18,132.04,148.15,2139.68,182.27,5829.0,8.42,23.0,63.73,10013.0,418.68,379.66,2020
2020-01-03,S&P 500,1741.11,1756.1,1800.42,1737.92,375624813.0,0.13,9.47,14.32,9.07,111.0,14090.0,1308.0,0.93,94.31,78.82,1346.94,436.66,297.0,8.42,15.0,82.12,7844.0,2000.83,1665.42,2020
2020-01-04,Unknown,2115.04,2068.48,2116.17,2030.66,297224040.0,-2.11,7.17,5.87,6.36,59.0,9754.0,1308.0,0.96,114.72,132.07,2295.41,429.35,9713.0,0.68,24.0,7.31,13445.0,2014.97,1678.36,2020
2020-01-05,Dow Jones,4393.89,4434.02,4449.57,4389.22,476638069.0,5.23,8.52,12.84,4.65,112.0,23086.0,1015.0,1.13,133.89,105.31,1912.8,358.91,5111.0,5.8,12.0,12.47,13445.0,1676.52,1678.36,2020
2020-01-06,Dow Jones,4991.0,4946.05,5020.39,4941.31,552215344.0,9.29,0.69,12.3,6.08,106.0,10201.0,1126.0,1.39,149.63,73.32,1766.03,269.94,5130.0,5.8,33.0,30.04,3802.0,1676.52,95.14,2020
2020-01-07,Dow Jones,4922.96,4929.89,4938.4,4909.42,987497327.0,7.38,3.6,14.05,1.0,108.0,5675.0,2284.0,0.88,145.20999999999998,61.529999999999994,973.31,331.95,4607.0,6.04,24.0,50.34,8795.0,1004.93,848.03,2020
2020-01-08,S&P 500,2253.39,2222.64,2261.45,4051.2200000000003,655582750.0,3.33,4.82,10.26,5.26,101.0,2974.0,2401.0,1.01,140.79,49.739999999999995,1139.11,315.22,2339.0,3.66,6.0,14.62,13453.0,1760.0,1486.69,2020
2020-01-09,NASDAQ,3227.14,3197.11,3261.53,3193.02,708338822.0,5.93,8.27,8.48,8.55,58.0,16726.0,2251.0,1.4,100.41,37.95,1459.47,315.22,7205.0,6.89,38.0,39.44,13453.0,1477.25,1214.55,2020
2020-01-10,Dow Jones,4348.48,4342.09,4395.93,4308.14,638481237.0,2.65,2.02,14.55,3.41,99.0,9527.0,1283.0,1.06,97.07,86.06,1771.18,357.3,9804.0,3.35,30.0,17.04,13376.0,2290.9,1934.67,2020
2020-01-11,NASDAQ,4955.36,4925.0,4990.85,4901.77,820266741.0,9.84,6.39,11.32,2.56,119.0,6635.0,4281.0,0.95,118.14999999999999,109.55,2441.24,167.06,1166.0,4.93,25.0,52.57,497.0,547.67,441.41,2020
2020-01-12,S&P 500,2672.58,3455.26,2710.04,2639.32,226599798.0,-1.22,7.73,10.54,4.03,67.0,22648.0,4487.0,1.29,139.23,112.53,2125.0,278.07,2456.0,7.26,24.0,69.69,425.0,128.89,108.2,2020
2020-01-13,S&P 500,1949.73,1985.52,2016.09,1903.1,964898980.0,6.25,8.37,3.89,7.82,104.0,3839.0,1822.0,1.42,85.12,105.54,1808.76,278.07,7746.0,2.29,13.0,2.82,11772.0,523.03,471.13,2020
2020-01-14,NASDAQ,1114.61,1159.9799999999998,1184.19,1073.42,225651570.0,-3.99,4.97,10.36,7.75,78.0,13560.0,2918.0,1.16,104.2,55.23,1775.845,455.97,1844.0,5.25,24.0,97.36,3256.0,770.68,643.61,2020
2020-01-15,NASDAQ,4851.24,4876.86,4904.75,4849.04,181540597.0,-3.91,6.43,5.2,5.32,54.0,4450.0,4737.0,1.08,80.78,82.01,1742.93,420.91,5959.0,2.76,5.0,22.23,5926.0,541.41,482.6,2020
2020-01-16,S&P 500,1161.4,1205.47,1230.89,1112.44,605813951.0,-0.24,3.85,11.92,1.79,98.0,26983.0,3920.0,1.43,104.8,98.99,1941.52,458.71,9666.0,8.64,24.0,27.96,12129.0,143.39,107.39,2020
2020-01-17,Dow Jones,3286.98,3252.7,3318.48,3226.27,340572196.0,3.72,7.75,6.64,8.42,95.0,12074.0,2008.0,1.1,87.77,65.57499999999999,1997.56,296.9,7427.0,6.93,6.0,68.75,9482.0,787.72,651.21,2020
2020-01-18,S&P 500,3290.43,3288.68,3304.99,3246.02,905897706.0,-1.53,7.75,11.16,9.46,68.0,23191.0,4709.0,1.02,111.36,32.16,1239.07,347.56,1743.0,5.46,47.0,62.27,8650.0,2115.16,1794.61,2020
2020-01-19,S&P 500,4957.8,4995.93,4998.5,3253.56,623155908.0,-2.04,0.4,7.95,5.07,61.0,20046.0,2776.0,1.1,100.12,112.75,2198.86,435.45,9930.0,6.71,24.0,77.48,5747.0,320.58,295.05,2020
2020-01-20,S&P 500,3288.49,3302.54,3347.15,3261.1,980711894.0,-4.21,6.04,4.1,5.61,55.0,23317.0,2755.0,1.35,80.83,78.32,1769.21,436.68,8769.0,0.08,37.0,50.34,8067.0,943.39,798.53,2020
2020-01-21,NASDAQ,4658.19,4640.11,4674.41,4591.14,542333878.0,-0.54,9.16,4.1,3.46,55.0,20009.0,4638.0,1.22,82.26,46.97,1861.16,439.92,9225.0,0.93,24.0,92.55,9795.0,877.23,729.1,2020
2020-01-22,S&P 500,2087.8,2124.76,2153.18,2085.18,82664194.0,1.42,6.08,3.24,1.09,88.0,15880.0,2525.0,1.39,140.0,60.23,2338.39,441.06,9225.0,0.82,45.0,96.8,8613.0,1685.83,1385.27,2020
2020-01-23,NASDAQ,1474.84,1509.9,1535.0099999999998,1452.09,748100619.0,6.62,4.22,8.73,5.64,89.0,1055.0,1233.0,0.86,85.14,86.27,1824.52,236.52,1962.0,0.83,20.0,68.97,3162.0,1229.24,1047.31,2020
2020-01-24,S&P 500,4982.52,4935.77,5001.52,4924.17,772552027.0,-3.84,4.22,3.6,3.86,69.0,8991.0,4400.0,0.96,88.125,112.31,1729.93,236.52,4483.0,9.83,46.0,87.47,1427.0,967.18,1047.31,2020
2020-01-25,NASDAQ,4066.11,4102.99,4119.62,4031.43,791602086.0,1.95,9.69,14.98,6.82,92.0,2279.0,3686.0,0.99,91.11,33.89,2134.26,419.15,5999.0,6.54,24.0,50.34,8756.0,2209.07,1897.02,2020
2020-01-26,Dow Jones,1313.82,1288.65,1322.39,1284.78,65244116.0,2.37,8.86,14.98,7.71,91.0,16360.0,2982.0,0.99,113.35,93.51,1041.99,486.76,6279.0,1.83,41.0,8.25,14338.0,1889.08,1590.49,2020
2020-01-27,Dow Jones,3951.71,3972.92,4002.67,3949.32,842264610.0,8.42,0.39,10.2,3.83,87.0,27451.0,587.0,1.34,125.85,70.11,1749.11,182.0,6295.0,8.95,35.0,27.23,3904.0,367.37,1590.49,2020
2020-01-28,S&P 500,3702.65,3734.59,3761.89,3690.9,980585820.0,3.27,5.15,12.72,7.93,87.0,5037.0,858.0,1.04,106.74,46.71,2013.03,207.91,5021.0,4.41,24.0,23.65,12885.0,466.31,374.07,2020
2020-01-29,NASDAQ,4708.44,4699.179999999999,4751.14,4656.14,115546552.0,-3.9,2.75,5.44,0.71,64.0,18670.0,133.0,1.43,92.34,23.31,998.98,485.04,7387.0,7.54,5.0,25.02,13766.0,133.69,111.52,2020
2020-01-30,Dow Jones,4501.95,4526.39,4570.1,4480.72,292136127.0,-0.21,7.99,4.52,1.77,92.0,6002.0,258.0,1.04,99.1,85.92,1369.12,111.33,793.0,9.91,24.0,99.07,6655.0,1298.79,1103.31,2020
2020-01-31,S&P 500,2215.79,2259.33,2309.12,2186.6,868362188.0,-3.17,9.78,7.38,8.71,92.0,13865.0,2117.0,1.04,116.31,50.71,891.61,236.78,7209.0,3.95,11.0,22.33,13544.0,422.04,380.2,2020
2020-02-01,S&P 500,1505.06,1468.1,1539.34,1457.66,86383568.0,0.88,7.43,14.29,2.4,55.0,8474.0,3672.0,1.45,135.81,40.97,1096.49,424.44,7209.0,8.68,44.0,79.02,6813.0,657.7,529.76,2020
2020-02-02,Unknown,3542.58,3589.89,3638.37,3509.09,161201417.0,9.86,1.98,5.0,0.89,116.0,28207.0,4980.0,0.9,96.68,31.23,1633.37,164.76,1071.0,2.32,34.0,6.69,5532.0,2009.97,1671.76,2020
2020-02-03,S&P 500,2370.36,2349.94,2410.04,2345.13,401483876.0,9.86,4.27,10.93,3.98,101.0,24961.0,455.0,0.9,121.4,78.82,1593.5,441.29,7669.0,5.97,30.0,31.53,14828.0,549.89,421.45,2020
2020-02-04,NASDAQ,2586.21,2586.11,2610.04,2584.22,104344224.0,2.85,5.98,4.66,7.65,95.0,24324.0,4991.0,0.855,147.25,52.84,2000.76,296.94,489.0,3.63,11.0,78.63,8720.0,2233.54,1882.96,2020
2020-02-05,Dow Jones,3830.89,3824.67,3841.38,2213.913333333333,127972537.0,-3.68,7.08,13.14,1.03,61.0,17207.0,3265.0,0.81,103.58,72.45,1426.27,245.92,9293.0,4.2,17.0,78.12,12575.0,231.6,183.32,2020
2020-02-06,Dow Jones,4802.13,4771.51,4814.25,1843.6066666666666,487813508.0,0.58,7.08,14.66,2.87,102.0,6521.0,4237.0,1.16,137.24,51.83,2449.4,279.8,9293.0,8.37,49.0,48.22,1141.0,1283.21,1086.26,2020
2020-02-07,Dow Jones,1481.79,1518.07,1557.44,1473.3,576519938.0,-2.72,9.59,4.31,2.87,107.0,26367.0,2274.0,1.1,112.63,31.21,2024.47,184.8,4880.0,0.24,26.0,77.69,14637.0,1322.3,1107.39,2020
2020-02-08,NASDAQ,1281.97,1283.16,1296.86,1248.75,126426523.0,3.75,1.16,12.19,8.72,63.0,9071.0,3061.0,0.9,108.89,62.12,1553.17,493.78,4880.0,3.95,42.0,14.45,5990.0,376.39,298.07,2020
2020-02-09,Unknown,2596.14,2580.01,2620.53,2573.16,744281933.0,4.09,0.76,4.55,4.47,53.0,9071.0,133.0,1.44,120.02,93.03,1988.56,402.32,1908.0,3.88,44.0,62.24,1484.0,2251.12,1879.78,2020
2020-02-10,S&P 500,4783.7,4761.51,4826.04,4733.27,909440976.0,7.68,9.57,4.91,7.56,101.0,9861.0,4485.0,1.2,101.97,123.94,2429.05,201.22,5236.0,5.79,24.0,74.7,1291.0,2216.73,1885.65,2020
2020-02-11,NASDAQ,3001.6,3025.12,3029.68,2981.45,374773321.0,2.76,1.45,2.2,6.01,113.0,2339.0,4485.0,1.26,139.48,78.85,1573.77,446.86,1232.0,9.21,27.0,17.73,1214.0,1750.52,1452.78,2020
2020-02-12,Unknown,3646.67,3654.83,3674.76,3618.79,719721254.0,2.76,3.66,6.86,3.62,80.0,20875.0,3682.0,0.83,98.81,33.76,1305.46,457.12,135.0,4.16,40.0,69.58,10072.0,1750.52,214.66,2020
2020-02-13,Dow Jones,1532.04,1565.7,1586.9,1505.55,972655848.0,5.23,3.05,2.46,3.17,80.0,3034.0,1108.0,1.19,98.91,60.23,2339.4,112.15,3214.0,5.09,43.0,66.59,12656.0,1561.74,1310.76,2020
2020-02-14,Dow Jones,4783.88,4761.7,4786.4400000000005,4758.95,990547967.0,4.96,6.41,7.93,2.25,61.0,22917.0,2079.0,0.99,127.78,145.54,1641.36,439.55,231.0,9.12,8.0,32.12,547.0,794.59,669.38,2020
2020-02-15,Unknown,4881.03,4888.61,4905.25,4867.28,354740866.0,-4.21,4.74,2.51,4.77,74.0,26477.0,674.0,1.06,98.84,54.59,1767.96,206.5,8265.0,2.98,15.0,96.25,6391.0,466.48,371.93,2020
2020-02-16,NASDAQ,3676.88,3666.71,3712.58,3643.15,487813508.0,9.57,6.71,4.6,8.33,104.0,26477.0,1007.0,1.07,113.64,83.985,1065.24,197.3,544.0,6.09,23.0,53.31,3716.0,2117.26,1778.45,2020
2020-02-17,NASDAQ,3675.51,3708.47,3723.3,3632.54,535296017.0,5.23,6.22,9.07,8.23,84.0,19144.0,1007.0,1.16,83.67,113.38,945.07,384.12,9998.0,4.34,31.0,26.98,7959.0,1266.14,1082.71,2020
2020-02-18,Dow Jones,1273.41,1278.03,1279.97,1264.68,428951149.0,5.23,4.07,6.63,5.65,86.0,13200.0,2316.0,0.8,149.0,45.89,924.57,178.97,6245.0,3.58,0.0,76.54,7554.0,311.13,280.54,2020
2020-02-19,NASDAQ,2193.09,2191.33,2229.67,2165.72,62295595.0,6.18,4.11,12.43,1.33,65.0,21209.0,327.0,1.14,128.67,119.76,1233.19,158.49,6017.0,5.51,24.0,50.34,7554.0,919.08,754.96,2020
2020-02-20,NASDAQ,1890.7,1853.58,1890.86,1836.66,239223334.0,3.19,9.18,7.85,1.33,89.0,16618.0,2277.0,1.15,116.34,119.5,1124.3,292.58,844.0,6.68,5.0,50.34,5667.0,124.79,96.0,2020
2020-02-21,NASDAQ,3394.25,3348.47,3428.71,3335.43,928728009.0,1.02,4.83,2.54,5.195,63.0,19771.0,3741.0,0.81,129.22,66.67,2032.9,159.67,1612.0,6.68,10.0,21.09,5525.0,124.79,106.09,2020
2020-02-22,NASDAQ,3388.62,3384.69,3404.15,3345.03,817028769.0,9.67,1.28,5.82,3.52,78.0,4400.0,406.0,1.47,94.68,104.82,1473.12,108.94,4342.0,6.68,43.0,89.35,5525.0,1975.89,1704.02,2020
2020-02-23,Dow Jones,2021.35,1979.12,2061.65,1959.09,661034046.0,-2.82,1.28,12.21,7.47,93.0,10144.0,805.0,1.47,113.05,79.01,1773.46,310.73,4342.0,1.93,16.0,3.34,3899.0,1163.6,1704.02,2020
2020-02-24,S&P 500,6876.625,2765.17,2802.91,2743.56,476911692.0,-2.3,9.98,13.76,1.92,116.0,27831.0,1919.0,1.35,130.24,134.85,2440.98,259.26,9247.0,4.17,14.0,4.32,2867.0,1868.33,1600.96,2020
2020-02-25,NASDAQ,4871.05,4857.59,4920.49,4826.79,95898331.0,7.74,9.98,13.29,3.17,53.0,10885.0,1476.0,1.01,128.31,43.25,834.01,344.13,8896.0,0.52,24.0,50.34,11220.0,1487.09,1252.52,2020
2020-02-26,NASDAQ,1460.58,1436.21,1494.66,1398.87,241743565.0,-1.44,9.32,6.43,6.61,73.0,21236.0,3226.0,0.89,104.38,88.72,2041.56,177.97,8896.0,3.94,20.0,54.99,4844.0,185.63,168.34,2020
2020-02-27,NASDAQ,2231.08,2275.69,2309.64,2209.73,312934218.0,-4.2,3.34,6.03,2.04,87.0,29208.0,3350.0,1.41,143.06,135.45,959.84,316.53,1906.0,0.09,2.0,32.87,4376.0,1999.98,1661.38,2020
2020-02-28,NASDAQ,3409.8,3382.67,3423.29,3371.87,813927266.0,-3.67,7.94,13.88,8.79,65.0,4652.0,3814.0,0.9,129.35,134.9,1220.54,428.75,6537.0,9.77,44.0,19.33,8584.0,2004.64,1684.15,2020
2020-02-29,Dow Jones,3638.04,3655.4,3689.74,3614.85,150799874.0,4.74,8.69,14.71,9.98,65.0,16520.0,1000.0,0.81,116.64,124.58,805.66,428.75,7894.0,9.77,7.0,63.3,7514.0,546.65,450.96,2020
2020-03-01,NASDAQ,3125.82,3092.23,3174.36,3071.24,726832992.0,9.49,3.08,9.6,9.8,116.0,9857.0,2247.0,1.25,126.27,136.01,1469.88,447.66,9891.0,4.24,33.0,37.68,1120.0,2053.0,1723.09,2020
2020-03-02,Dow Jones,3242.71,3202.45,3256.72,3184.29,785916329.0,3.86,1.73,9.6,5.195,110.0,20253.0,2437.0,1.31,119.71,128.515,2142.32,338.75,8341.0,2.85,23.0,13.26,9223.0,2137.02,1806.84,2020
2020-03-03,NASDAQ,1045.21,1025.03,1069.8,1021.99,953482659.0,2.52,8.24,3.25,7.5,118.0,10522.0,4482.0,1.4,113.15,121.02,1993.79,261.29,9255.0,9.4,43.0,50.34,6442.0,1051.96,918.26,2020
2020-03-04,S&P 500,2669.58,2714.06,2750.18,2656.46,230956476.0,6.97,5.31,12.47,9.12,105.0,20868.0,897.0,0.95,106.59,29.6,1480.69,232.37,6805.0,5.93,43.0,6.87,6550.0,120.34,142.89,2020
2020-03-05,Dow Jones,1507.3,1533.14,2632.48,1486.23,944861899.0,-2.77,2.46,4.72,0.84,79.0,26481.0,4623.0,1.47,93.01,95.28,815.9,354.97,4997.0,1.24,9.0,98.13,13659.0,2198.69,1878.83,2020
2020-03-06,NASDAQ,2495.68,2471.95,2514.78,2468.93,697643295.0,-0.65,8.93,4.72,3.0,104.0,26481.0,850.0,1.02,95.52,66.48,1355.58,190.82,8080.0,8.53,42.0,88.99,14545.0,753.02,619.48,2020
2020-03-07,Dow Jones,1439.45,1399.92,1465.13,1387.24,438794194.0,5.22,3.13,4.83,9.73,70.0,7084.0,850.0,1.13,120.72,37.68,1772.99,305.79,5983.0,4.99,6.0,7.02,5627.0,428.12,619.48,2020
2020-03-08,Dow Jones,3920.89,3968.1,3995.38,3909.19,293529309.0,-4.86,3.13,3.04,2.16,89.0,7480.0,4830.0,1.03,129.87,40.269999999999996,1058.45,172.58,1808.0,8.28,17.0,53.99,5726.0,1345.34,1153.44,2020
2020-03-09,S&P 500,2137.1,2153.32,2179.35,2126.35,550504857.0,-0.11,5.07,13.44,1.19,115.0,10300.0,3415.0,1.03,141.99,42.86,1080.1,423.03,7273.0,8.91,45.0,25.51,8715.0,2004.05,1678.94,2020
2020-03-10,Dow Jones,4396.39,4427.62,4456.08,4368.39,297063703.0,4.64,5.37,4.47,0.75,107.0,19768.0,591.0,1.04,109.95,26.87,1110.92,265.58,7705.0,7.14,24.0,24.46,11982.0,1254.81,1076.73,2020
2020-03-11,Dow Jones,2192.26,2214.97,2223.64,2148.44,492208082.0,2.34,9.01,11.86,5.94,107.0,8439.0,2831.0,0.86,141.22,92.74,2118.14,206.71,7705.0,1.31,25.0,67.86,285.0,1257.94,1085.45,2020
2020-03-12,NASDAQ,3718.48,3759.7,3768.21,3717.37,676018814.0,-1.92,8.83,11.86,4.5,54.0,3254.0,1344.0,1.46,148.94,124.52,1882.585,303.92,4736.0,7.39,24.0,92.16,13321.0,2279.86,1913.77,2020
2020-03-13,Unknown,4582.76,4540.61,4594.77,4513.61,963348499.0,4.59,6.01,9.08,6.81,83.0,2381.0,4629.0,1.31,96.63,40.78,1647.03,180.15,335.0,2.72,4.0,80.95,7695.0,1453.1,1207.56,2020
2020-03-14,Unknown,3763.54,3754.11,3807.1,3730.68,540626660.0,-0.18,6.91,11.94,4.67,90.0,19163.0,1995.0,1.24,84.17,38.29,1927.68,205.4,4309.0,2.72,28.0,17.71,11333.0,452.04,404.92,2020
2020-03-15,S&P 500,3001.11,3371.6549999999997,3044.73,2974.83,90028713.0,-2.84,2.32,2.96,7.25,61.0,7821.0,3773.0,1.0,93.25,124.95,1805.79,106.15,613.0,2.72,24.0,26.73,5778.0,1403.06,1185.69,2020
2020-03-16,S&P 500,2976.85,2989.2,3005.25,2933.73,327327506.0,-2.96,2.32,2.96,7.28,59.0,27494.0,587.0,1.17,90.14,50.33,1735.99,418.01,9125.0,1.79,10.0,34.42,8255.0,1520.25,1185.69,2020
2020-03-17,NASDAQ,4808.25,4823.03,4858.87,4799.59,833087042.0,-2.59,5.44,7.67,9.39,112.0,10049.0,4623.0,1.26,136.12,57.975,1853.4650000000001,158.34,3839.0,8.93,24.0,32.07,1889.0,194.9,1185.69,2020
2020-03-18,Dow Jones,1051.59,1083.87,1104.72,1048.47,33550620.0,7.43,1.03,7.67,6.84,59.0,12385.0,3929.0,1.39,121.57,65.62,1970.94,122.39,6757.0,0.31,16.0,45.31,8975.0,535.51,442.74,2020
2020-03-19,S&P 500,3248.76,3243.65,3267.14,3199.45,980521154.0,-3.99,0.63,7.67,3.82,105.0,20898.0,843.0,1.09,107.02,132.55,2085.05,393.67,6384.0,1.88,7.0,80.45,8975.0,613.4,521.75,2020
2020-03-20,S&P 500,3111.4750000000004,3834.61,3911.21,3822.53,479606411.0,2.71,7.13,9.71,7.9,81.0,5600.0,843.0,0.84,94.61,58.58,1966.33,458.94,8671.0,8.14,26.0,99.85,5099.0,1237.03,1044.45,2020
2020-03-21,NASDAQ,2974.19,3016.88,3018.34,2950.95,838041984.0,-0.06,0.29,8.28,5.81,75.0,22803.0,1232.0,0.8566666666666667,82.2,59.08,2060.57,360.85,1178.0,8.23,12.0,47.83,6598.0,146.51,125.56,2020
2020-03-22,S&P 500,2294.12,2306.75,2339.2,2293.91,257141310.0,1.23,7.43,8.58,2.8,86.0,27473.0,2033.0,0.8733333333333333,90.33,100.84,2030.07,489.3,5961.0,0.65,7.0,40.06,9455.0,1320.85,1104.32,2020
2020-03-23,NASDAQ,4865.67,4839.55,4871.42,4808.46,929319142.0,-1.95,1.89,13.11,9.11,109.0,16053.0,777.0,0.89,138.52,78.33,1621.29,395.15,1729.0,0.77,24.0,63.86,10799.0,1320.85,854.29,2020
2020-03-24,NASDAQ,1334.1,1378.79,1401.31,1288.67,839212064.0,-3.88,0.17,13.11,6.07,109.0,26024.0,4114.0,1.0,137.93,20.65,1992.81,477.64,204.0,3.37,34.0,81.77,5829.0,1730.35,1454.23,2020
2020-03-25,S&P 500,1413.06,1394.34,1445.33,1370.29,461987815.0,-1.55,0.17,13.85,0.82,101.0,24422.0,1867.0,0.9450000000000001,95.62,71.71,1273.72,204.09,204.0,0.45,25.0,91.19,4138.0,2043.98,1741.05,2020
2020-03-26,Dow Jones,3029.65,3013.23,3053.49,3007.82,355650433.0,-2.68,7.39,2.64,3.44,77.0,27629.0,1867.0,0.89,120.5,140.97,1322.89,204.56,6979.0,7.71,11.0,86.84,14525.0,1415.57,1218.58,2020
2020-03-27,NASDAQ,4825.17,4808.82,4862.59,4797.4,487813508.0,-2.42,2.51,8.36,3.44,87.0,1768.0,248.0,1.22,145.65,83.41,2407.52,162.25,2125.0,0.9,18.0,5.55,13160.0,795.86,691.23,2020
2020-03-28,S&P 500,2192.21,4448.336666666666,2240.85,2142.9,999977078.0,6.05,8.58,12.2,6.89,101.0,16353.0,1943.0,1.14,130.31,35.87,1939.075,240.43,2244.0,6.05,47.0,23.06,1797.0,994.97,858.82,2020
2020-03-29,Dow Jones,4133.55,4087.853333333333,4143.97,4091.3,487813508.0,-4.22,9.84,4.2,3.66,74.0,10243.0,4325.0,1.18,83.42,87.6,1470.63,240.43,3077.0,7.31,27.0,50.34,14861.0,332.83,273.74,2020
2020-03-30,Dow Jones,3730.47,3727.37,3768.61,3725.14,109311569.0,9.63,0.43,12.87,2.58,74.0,4989.0,3177.0,1.34,89.21,139.33,1188.57,127.67,6730.0,7.52,9.0,45.94,11468.0,2055.31,1728.85,2020
2020-03-31,NASDAQ,4225.61,4225.85,4273.28,4182.55,305825400.0,8.72,6.84,12.08,7.85,119.0,21766.0,860.0,1.36,105.78,143.94,1087.12,358.04,3724.0,7.91,45.0,0.31,4968.0,722.6,598.33,2020
2020-04-01,Dow Jones,3857.7,3895.64,3942.1,3814.72,480276550.0,4.41,3.38,7.94,7.85,114.0,21766.0,2744.0,0.8,128.02,136.91333333333333,877.76,344.49,8635.0,7.46,24.0,5.47,14050.0,722.6,1389.62,2020
2020-04-02,NASDAQ,2434.31,2434.91,2437.15,2385.63,526559262.0,-3.97,2.82,2.29,8.46,66.0,28778.0,2744.0,1.11,143.0,129.88666666666666,1400.51,457.79,8855.0,5.02,3.0,68.13,8001.0,2088.73,1759.69,2020
2020-04-03,S&P 500,4787.02,4830.46,4844.35,4743.48,849354748.0,-2.92,0.71,5.05,4.12,82.0,10542.0,4205.0,0.82,114.56,122.86,1143.07,423.54,7629.0,5.91,24.0,72.71,14564.0,2066.53,1737.62,2020
2020-04-04,S&P 500,4433.37,4426.82,4436.3,4415.4,227390164.0,3.62,8.99,2.83,3.37,67.0,5915.0,4988.0,0.97,120.23,36.0,2448.44,190.94,5104.0,5.7,24.0,92.81,5968.0,349.6,288.22,2020
2020-04-05,NASDAQ,2567.44,2601.07,2639.81,2540.76,65609985.0,2.82,2.61,11.48,7.42,112.0,20987.0,4227.0,1.04,84.42,92.1,1394.41,347.23,1970.0,0.92,39.0,28.38,8895.0,473.01,368.14,2020
2020-04-06,Unknown,2260.96,2288.08,2306.88,2251.6,866433478.0,6.59,6.03,10.13,2.07,105.0,20987.0,3216.0,1.49,113.26,64.61,957.4,112.39,5034.0,6.57,28.0,56.34,9565.0,236.58,190.42,2020
2020-04-07,S&P 500,4638.19,4639.17,4684.39,4604.24,637756421.0,2.6,5.69,10.4,7.82,111.0,20007.0,1523.0,1.3,134.71,37.12,1070.24,394.7,7977.0,6.88,22.0,31.18,5935.0,1906.56,1570.53,2020
2020-04-08,NASDAQ,1381.44,3048.39,1397.68,1327.14,842227808.0,-3.14,9.64,5.59,9.66,115.0,19015.0,2643.0,1.48,114.98,36.83,1404.75,156.72,1657.0,9.65,24.0,77.77,3663.0,627.28,556.38,2020
2020-04-09,Dow Jones,1479.56,1457.61,1525.82,1450.07,591781813.0,0.39,5.82,3.05,7.67,62.0,27993.0,4757.0,1.06,114.2,36.57,2301.68,489.91,5434.0,9.65,20.0,24.28,7597.0,216.9,155.79,2020
2020-04-10,S&P 500,1883.41,1847.8,1894.12,1821.2,580621779.0,-0.73,1.39,13.26,8.65,78.0,14091.0,3724.0,1.13,86.26,36.31,1026.69,166.87,3208.0,2.84,16.0,49.1,10215.0,1975.3,1666.62,2020
2020-04-11,NASDAQ,3287.09,3285.15,3330.08,3032.175,281377679.0,-0.73,1.39,11.01,8.35,95.0,12068.0,3724.0,1.15,134.37,63.98,2075.2,101.03,9710.0,1.25,24.0,27.22,2983.0,1641.73,1666.62,2020
2020-04-12,S&P 500,4293.09,4336.08,4381.27,4243.150000000001,801605176.0,2.72,6.24,11.01,5.22,111.0,27060.0,3219.0,1.35,98.15,94.21,2408.4,296.41,3594.0,9.28,43.0,25.29,7704.0,1861.51,1564.33,2020
2020-04-13,S&P 500,2700.91,2746.14,2749.89,2666.32,557588767.0,8.09,6.81,8.24,2.41,111.0,28840.0,3902.0,1.01,144.5,58.709999999999994,1755.58,201.04,4410.0,9.28,46.0,41.29,11815.0,333.37,275.48,2020
2020-04-14,Unknown,1504.01,1473.12,1521.79,1425.72,873473407.0,-3.53,8.68,11.44,6.52,118.0,8351.0,4838.0,0.9,144.67,23.21,853.58,343.54,7907.0,9.28,24.0,43.11,3620.0,352.16,292.93,2020
2020-04-15,Dow Jones,3085.84,3073.67,3120.17,3023.9300000000003,487813508.0,5.05,9.25,2.31,9.07,117.0,22035.0,4388.0,0.88,100.91,22.27,1766.53,160.48,9496.0,2.83,39.0,55.58,3620.0,352.16,689.04,2020
2020-04-16,NASDAQ,1830.16,1825.14,1831.24,1787.8200000000002,147868343.0,6.74,6.15,13.43,3.87,115.0,21306.0,2153.0,1.37,120.68,21.33,1754.59,160.48,9951.0,7.59,3.0,55.53,12665.0,670.03,551.69,2020
2020-04-17,Dow Jones,4215.22,4198.63,4221.0,4174.31,82998337.0,5.01,4.54,10.1,9.29,51.0,21306.0,2809.0,1.12,105.16,114.91,1516.885,160.48,5975.0,3.66,24.0,45.12,7106.0,1507.19,1265.4,2020
2020-04-18,NASDAQ,2486.96,2531.53,2552.86,2466.52,798382704.0,9.06,2.86,13.7,4.52,87.0,10164.0,2809.0,1.24,140.69,141.25,1279.18,210.51,1734.0,6.1,43.0,10.05,7521.0,2273.05,1943.78,2020
2020-04-19,NASDAQ,4631.6,4591.62,4644.51,4573.44,407991932.0,4.17,9.04,10.38,9.31,117.0,22296.0,2809.0,1.31,127.59,92.01,1944.49,270.76,5004.0,6.2,24.0,26.77,9862.0,1963.58,1639.81,2020
2020-04-20,NASDAQ,4222.6,4226.26,4256.43,3030.46,430574417.0,-3.26,4.95,3.24,4.49,75.0,21934.0,4393.0,1.09,100.06,139.78,1416.0,471.03,2421.0,2.64,32.0,78.44,12900.0,578.04,521.37,2020
2020-04-21,S&P 500,1538.31,1501.57,1561.78,1487.48,334239844.0,4.18,9.11,3.24,7.9,119.0,16287.0,4802.0,0.94,95.25,132.62,1440.97,471.03,9186.0,3.71,33.0,70.16,1041.0,2001.84,1698.33,2020
2020-04-22,NASDAQ,2779.41,2763.13,1290.4850000000001,2714.11,10704081.0,-4.25,6.75,2.27,7.24,90.0,13868.0,2250.0,1.15,136.64,59.12,1102.11,337.38,8057.0,8.75,28.0,10.68,12387.0,1867.77,1539.23,2020
2020-04-23,NASDAQ,1017.45,986.11,1019.19,950.33,895413349.0,-4.25,9.53,13.2,2.69,56.0,7775.0,3006.0,1.37,101.44,48.535,916.53,231.58,4352.0,5.87,24.0,3.05,11773.0,603.3,484.39,2020
2020-04-24,NASDAQ,3227.14,3197.11,3261.53,3193.02,708338822.0,5.93,8.27,8.48,8.55,58.0,16726.0,2251.0,1.4,100.41,37.95,1459.47,231.58,7205.0,6.89,38.0,39.44,11773.0,2194.3,1843.68,2020
2020-04-25,NASDAQ,1520.32,1505.54,1553.87,1461.53,331689340.0,7.04,0.22,10.61,4.81,96.0,27181.0,925.0,0.89,101.67,81.29,1785.6,486.7,5615.0,1.0,30.0,26.27,9790.0,833.33,714.67,2020
2020-04-26,NASDAQ,4912.88,4933.67,4969.47,4868.46,93940210.0,8.38,4.7,11.75,7.28,114.0,8191.0,2294.0,1.2,89.31,102.94666666666667,2140.38,486.7,1955.0,2.7,30.0,96.22,9790.0,2088.26,1776.47,2020
2020-04-27,NASDAQ,4004.71,4035.78,4076.86,3984.78,405682035.0,6.4,4.7,13.88,6.84,101.0,20178.0,3536.0,1.41,139.89,124.60333333333332,2473.44,486.7,8731.0,8.54,28.0,34.03,3011.0,2048.92,1702.65,2020
2020-04-28,Unknown,3946.14,2666.065,3963.04,3911.82,997193100.0,5.25,6.46,2.99,7.1,76.0,24618.0,3257.0,1.23,137.46,146.26,2042.36,335.58,1157.0,3.41,35.0,53.25,13547.0,2145.07,1801.39,2020
2020-04-29,Dow Jones,1268.07,1296.35,1322.97,1218.59,949020239.0,-0.13,0.71,2.99,1.05,119.0,12252.0,2564.0,1.13,97.44,60.57,2046.18,282.38,2999.0,3.41,20.0,29.69,11256.0,1669.16,1379.3,2020
2020-04-30,Dow Jones,3923.28,1236.49,3964.59,3891.7,374017896.0,8.46,4.88,5.08,3.12,100.0,29309.0,2827.0,1.01,138.06,120.59,1873.135,352.21,2889.0,6.36,7.0,14.28,4485.0,1235.73,1062.06,2020
2020-05-01,S&P 500,1161.14,1176.63,1187.8,1137.16,487813508.0,-3.05,7.17,12.16,0.84,77.0,18119.0,951.0,1.41,133.75,138.1,1700.09,227.95,2889.0,3.41,24.0,46.97,10386.0,1233.46,1036.67,2020
2020-05-02,NASDAQ,1045.21,1025.03,1069.8,1021.99,953482659.0,2.52,8.24,3.25,7.5,118.0,10522.0,4482.0,1.4,135.64,121.02,1993.79,261.29,9255.0,9.4,43.0,50.34,6442.0,1988.84,1677.79,2020
2020-05-03,NASDAQ,3077.54,3101.61,3122.35,2438.8,103968425.0,-3.23,1.42,14.51,8.58,88.0,17980.0,4556.0,0.87,137.53,134.75,1793.36,120.23,5897.0,0.46,4.0,64.06,6442.0,1030.3,868.5,2020
2020-05-04,NASDAQ,3891.26,3901.51,3906.55,3855.61,931967282.0,-3.36,9.43,6.44,9.8,101.0,16718.0,3462.0,1.11,139.42,131.59,1429.67,359.42,5288.0,6.87,17.0,63.57,14238.0,632.01,490.34,2020
2020-05-05,S&P 500,2380.33,2386.52,2407.87,2344.22,29148419.0,3.76,3.24,2.72,1.62,78.0,23197.0,333.0,1.47,103.56,74.39,1144.22,213.15,1347.0,2.83,22.0,41.44,5371.0,2052.94,1716.53,2020
2020-05-06,NASDAQ,3671.22,3671.68,1876.005,3661.88,986247139.0,-2.35,9.75,2.58,9.18,78.0,23197.0,3687.0,0.87,130.42,30.89,1067.09,318.51,3761.0,2.83,18.0,94.62,4821.0,1788.31,1485.13,2020
2020-05-07,S&P 500,1330.95,1336.86,1344.14,1300.67,231875716.0,3.84,6.75,12.41,7.06,66.0,13741.0,2543.0,0.99,103.78,21.52,2075.28,440.45,7784.0,2.92,9.0,2.61,11887.0,1713.74,1449.63,2020
2020-05-08,S&P 500,4157.17,4121.73,4197.88,4100.04,8875728.0,9.51,6.75,9.04,4.46,119.0,27885.0,2573.0,1.06,106.34,102.3,1394.83,326.65,4051.0,2.92,27.0,82.4,8993.0,1820.18,1529.64,2020
2020-05-09,S&P 500,1222.42,1258.6,1292.8,1213.09,653638914.0,4.57,2.52,14.96,3.71,114.0,20484.0,2573.0,0.89,81.13,76.78999999999999,1202.2,114.79,5356.0,6.77,45.0,61.96,9073.0,891.61,741.31,2020
2020-05-10,S&P 500,2419.59,2399.9300000000003,2419.84,2360.98,851288655.0,4.57,0.88,9.62,7.06,115.0,7651.0,870.0,0.96,98.95,51.279999999999994,1499.21,239.94,2822.0,2.62,6.0,57.35,14428.0,2251.23,1916.05,2020
2020-05-11,S&P 500,1057.26,1086.76,1126.13,1050.95,720867564.0,8.31,0.88,7.92,0.85,61.0,22989.0,870.0,1.2,143.33,25.77,1796.22,299.47,9499.0,6.17,24.0,67.27,11838.0,189.25,149.82,2020
2020-05-12,S&P 500,2976.85,2989.2,3005.25,2933.73,327327506.0,-2.96,0.88,7.92,7.28,59.0,27494.0,587.0,1.17,90.14,50.33,1735.99,418.01,9125.0,1.79,10.0,34.42,8255.0,1347.67,1142.81,2020
2020-05-13,NASDAQ,1898.63,1862.05,1941.28,1816.41,736653328.0,1.2,8.46,11.01,4.9,83.0,4089.0,4834.0,1.18,117.88,132.65,824.7,180.54,7206.0,3.61,18.0,85.21,11893.0,1347.67,1373.49,2020
2020-05-14,NASDAQ,3477.56,3442.62,3505.47,2945.95,254666303.0,8.71,1.68,8.86,2.62,55.0,6425.0,4834.0,1.14,92.34,80.265,2097.22,465.34,175.0,5.64,48.0,7.59,8243.0,871.08,714.05,2020
2020-05-15,NASDAQ,4137.62,4120.55,4166.54,4075.49,380049604.0,7.64,7.16,4.92,9.37,109.0,16956.0,145.0,1.2,142.99,27.88,1219.48,199.71,3267.0,4.55,19.0,50.34,13322.0,2210.58,1867.45,2020
2020-05-16,Dow Jones,3264.07,3270.19,3313.29,3242.5,422026654.0,7.32,4.29,10.26,9.37,84.0,13854.0,1913.0,1.14,117.7,141.48,2065.68,172.06,2217.0,6.87,8.0,78.9,3537.0,218.37,174.8,2020
2020-05-17,NASDAQ,3409.8,3382.67,3423.29,3371.87,813927266.0,-3.67,7.94,13.88,8.79,65.0,4652.0,3814.0,0.9,129.35,134.9,1220.54,428.75,6537.0,9.77,44.0,19.33,8584.0,218.37,1845.73,2020
2020-05-18,S&P 500,4558.08,4515.87,4577.09,4486.15,207892001.0,-2.17,0.51,11.59,8.79,80.0,14247.0,3671.0,1.1,80.92,114.74,1772.59,359.54,4819.0,7.91,11.0,55.81,7839.0,1570.01,1324.62,2020
2020-05-19,S&P 500,4805.96,4771.09,4841.45,4737.58,563923205.0,-1.73,0.51,8.15,6.3,104.0,24839.0,3671.0,1.12,103.63,54.41,960.02,380.95,7890.0,7.3,24.0,88.78,8741.0,1338.34,1107.86,2020
2020-05-20,Unknown,2876.16,2871.88,2880.2,2848.57,487813508.0,-3.26,9.25,14.6,3.8,108.0,21845.0,1243.0,1.21,130.42,23.07,2238.55,349.34,7444.0,8.35,28.0,2.12,14856.0,349.5,311.13,2020
2020-05-21,NASDAQ,2673.56,2690.3,2705.03,2668.96,929204805.0,-3.08,2.0,5.45,8.71,111.0,13714.0,3264.0,1.1949999999999998,122.11,106.01,2311.98,221.83,1789.0,8.23,24.0,65.01,12966.0,1173.58,983.61,2020
2020-05-22,Dow Jones,1273.76,1235.44,1317.28,1192.34,86910001.0,8.84,7.0,10.44,7.29,117.0,10296.0,4236.0,1.18,113.52,61.98,2385.41,298.72,3033.0,8.75,24.0,66.01,2200.0,342.73,266.88,2020
2020-05-23,NASDAQ,3376.97,3389.29,3421.07,3367.92,37447149.0,5.54,8.3,2.75,4.92,100.0,8810.0,3248.0,1.02,95.61,36.37,2412.54,495.88,2957.0,7.99,34.0,23.21,8103.0,1571.66,1305.59,2020
2020-05-24,S&P 500,3536.42,3580.41,3600.31,3495.58,958356686.0,-0.85,3.01,10.58,1.75,54.0,19546.0,1226.0,1.24,87.76,38.89,2060.9,296.65,5532.0,3.59,24.0,91.71,8933.0,1571.66,1305.59,2020
2020-05-25,Unknown,2597.33,2611.81,3679.04,2559.58,168430275.0,-0.85,3.2,2.8,1.75,53.0,19546.0,1226.0,1.07,87.3,56.17,1458.81,149.8,9541.0,4.92,45.0,49.13,1428.0,436.62,367.22,2020
2020-05-26,S&P 500,3685.92,3707.92,3757.77,3663.53,47418028.0,2.48,6.89,11.35,5.26,101.0,17693.0,1518.0,1.11,119.33,73.45,1969.35,352.63,6129.0,9.28,26.0,8.9,10858.0,1818.09,1561.26,2020
2020-05-27,NASDAQ,2371.72,2342.72,2374.49,2309.22,270387168.0,6.0,8.27,10.68,8.97,99.0,19575.0,1847.0,1.19,81.73,146.7,1531.83,456.65,4239.0,2.88,3.0,28.76,11101.0,269.44,214.9,2020
2020-05-28,NASDAQ,1114.61,1159.9799999999998,1184.19,1073.42,225651570.0,-3.99,4.97,10.36,7.75,78.0,13560.0,2918.0,1.16,104.2,55.23,1787.155,455.97,1844.0,5.25,24.0,97.36,3256.0,2256.79,1908.51,2020
2020-05-29,S&P 500,4100.94,4129.97,4161.26,4051.69,887258963.0,0.59,7.29,10.36,6.93,70.0,13560.0,888.0,0.87,143.74,132.32,2042.48,456.73,7574.0,5.52,14.0,50.34,10728.0,1851.97,1567.76,2020
2020-05-30,NASDAQ,2270.2,2258.1,2305.98,2220.37,189542286.0,8.47,1.29,9.22,6.9,118.0,12461.0,4988.0,1.05,134.64,126.85,2245.79,388.04,6242.0,3.49,46.0,90.35,7740.0,2064.63,1714.69,2020
2020-05-31,S&P 500,4162.04,4181.38,4213.88,4125.73,882697483.0,0.89,2.22,5.5,2.48,59.0,12461.0,2089.0,1.34,96.77,104.09,2312.46,370.8,8541.0,4.35,9.0,73.14,2992.0,226.8,191.81,2020
2020-06-01,Dow Jones,3930.8050000000003,2806.26,2850.4,2731.09,857142914.0,0.45,5.52,10.71,7.1,83.0,28088.0,2225.0,1.03,138.96,81.33,2379.13,489.08,4127.0,4.35,18.0,55.85,11388.0,226.8,1213.62,2020
2020-06-02,S&P 500,3699.57,2112.085,3746.07,3698.08,402114063.0,6.33,0.12,11.06,9.19,58.0,18664.0,3943.0,1.27,82.79,74.51,1802.28,489.08,2624.0,4.32,33.0,62.02,3383.0,1778.03,1463.42,2020
2020-06-03,NASDAQ,1379.67,1417.91,1432.61,1353.27,853776093.0,6.33,9.72,7.64,9.16,79.0,11212.0,2753.0,1.46,88.35,43.2,1624.16,489.08,2365.0,7.01,21.0,80.94,10197.0,1074.66,929.99,2020
2020-06-04,Dow Jones,3830.89,3824.67,3841.38,2064.115,127972537.0,-3.68,7.08,13.14,1.03,61.0,17207.0,3265.0,0.81,103.58,72.45,1426.27,245.92,9293.0,4.2,17.0,78.12,12575.0,1074.66,1649.47,2020
2020-06-05,Dow Jones,2788.22,2818.02,2833.85,2774.96,230689263.0,-4.2,9.6,4.95,6.12,104.0,17207.0,187.0,1.18,85.67,128.25,1961.72,174.3,3327.0,6.42,39.0,31.58,11807.0,656.83,1649.47,2020
2020-06-06,S&P 500,2588.06,2591.61,2601.67,2564.075,589016916.0,8.92,9.6,12.48,4.83,81.0,25423.0,919.0,1.13,87.15,81.59,1412.02,391.22,2930.0,8.37,43.0,96.96,5885.0,233.7,190.67,2020
2020-06-07,NASDAQ,2392.38,2387.67,2425.59,2353.19,801450405.0,5.6,0.76,2.22,1.08,59.0,24899.0,4053.0,1.44,99.88,42.84,1267.86,391.22,2481.0,7.83,22.0,34.76,9159.0,146.57,126.62,2020
2020-06-08,NASDAQ,1690.1,1649.9,1710.84,1616.2,580203240.0,-3.85,6.24,9.48,4.25,59.0,15942.0,2174.0,1.38,99.95,100.89,992.12,153.36,3356.0,3.74,24.0,92.32,8566.0,1681.95,126.62,2020
2020-06-09,NASDAQ,4856.07,4844.7,4858.469999999999,4829.43,380207802.0,-1.85,5.55,9.69,7.13,98.0,8716.0,4611.0,0.93,124.88,91.36,1619.85,487.46,797.0,8.82,48.0,70.05,7633.0,2231.23,1873.31,2020
2020-06-10,NASDAQ,5175.924999999999,2043.91,2070.83,2035.7,103405247.0,-1.46,4.98,11.76,7.13,116.0,22640.0,2150.0,0.91,94.78,96.15,1845.02,148.06,5874.0,4.5,29.0,70.16,10723.0,989.81,842.07,2020
2020-06-11,NASDAQ,1351.15,1340.52,1375.1,1325.31,970616878.0,1.48,5.35,6.32,8.09,111.0,1496.0,1387.0,0.87,145.47,57.09,1743.65,226.37,3011.0,4.99,31.0,64.08,9583.0,989.81,390.53,2020
2020-06-12,Unknown,4402.46,4428.68,4477.67,4373.74,322996389.0,2.76,8.39,8.36,9.91,52.0,26395.0,614.0,0.92,102.76,47.72,996.15,226.37,9055.0,9.85,2.0,89.79,3953.0,2134.0,1792.8,2020
2020-06-13,S&P 500,8800.925,3500.13,3532.15,3453.77,487813508.0,4.88,3.22,13.57,5.195,71.0,7186.0,4221.0,1.19,118.25,97.56,967.28,254.57,2970.0,8.26,31.0,31.63,9873.0,303.0,276.72,2020
2020-06-14,Dow Jones,2255.87,2274.0,2289.43,2255.48,8408040.0,0.4,5.05,11.46,1.18,81.0,7186.0,341.0,1.14,134.25,83.45,2248.72,260.22,6851.0,8.04,33.0,92.69,703.0,791.35,677.22,2020
2020-06-15,S&P 500,1060.44,1059.09,1073.11,1740.78,857291740.0,-3.74,6.16,12.7,1.18,92.0,14071.0,341.0,0.86,115.26,104.55,1839.78,401.1,9003.0,4.97,4.0,41.32,6164.0,876.53,771.22,2020
2020-06-16,S&P 500,1248.15,1289.58,1302.23,1226.08,680266012.0,-0.52,8.97,7.49,1.23,103.0,9719.0,541.0,0.94,118.73,81.72666666666666,1870.16,124.29,9887.0,2.61,4.0,85.0,6897.0,876.53,1298.34,2020
2020-06-17,Dow Jones,3315.23,3329.75,3356.83,3299.05,637988164.0,-1.97,8.77,5.69,5.39,108.0,22776.0,1237.0,1.37,99.59,58.90333333333333,1659.0,214.43,5649.0,0.24,40.0,93.9,3265.0,333.47,302.23,2020
2020-06-18,Dow Jones,2368.43,2375.66,2425.24,2324.7,487813508.0,5.23,4.39,11.24,2.28,110.0,20380.0,4220.0,1.41,89.8,36.08,1333.75,214.43,4947.0,8.69,33.0,60.67,5470.0,2224.67,302.23,2020
2020-06-19,Dow Jones,3461.19,3459.39,3473.3,3432.95,62531772.0,0.64,9.28,14.6,1.69,68.0,21532.0,655.0,1.46,127.6,39.45,1008.5,451.02,5104.0,2.5,35.0,24.31,2447.0,2051.3,1719.0,2020
2020-06-20,Dow Jones,2652.69,2901.645,2674.08,2624.96,270151756.0,5.5,8.58,9.73,1.47,93.0,12160.0,4101.0,1.44,93.38,70.36,1317.48,379.57,7733.0,4.65,8.0,21.11,1884.0,2176.92,1816.23,2020
2020-06-21,S&P 500,2306.56,2343.9,2358.95,2293.12,527615271.0,6.01,2.42,10.46,1.99,101.0,28422.0,2311.0,0.96,120.38,107.5,1809.72,124.45,948.0,5.72,16.0,44.61,10554.0,343.78,287.04,2020
2020-06-22,NASDAQ,1155.92,1133.9,1179.03,1085.97,763060649.0,8.41,4.82,11.56,4.4,101.0,28422.0,819.0,1.16,90.86,98.78,1388.83,330.22,153.0,4.6,11.0,47.85,403.0,1925.66,1658.32,2020
2020-06-23,NASDAQ,4095.97,4144.38,4167.94,4050.9,46105783.0,-2.09,3.82,14.81,5.98,97.0,10737.0,1558.0,0.97,129.37,136.89,1292.08,330.22,3412.0,4.6,33.0,56.74,12302.0,1812.17,1514.14,2020
2020-06-24,Dow Jones,4991.28,4970.55,5023.04,4936.05,587454130.0,-3.44,1.89,6.54,2.3,106.0,10300.0,2731.0,0.92,109.45,79.14999999999999,1667.63,288.8,6405.0,9.73,8.0,33.25,11498.0,1092.31,932.86,2020
2020-06-25,S&P 500,4491.44,4490.08,4506.5,4471.89,102783790.0,5.6,6.48,3.89,5.05,54.0,24690.0,4497.0,1.3,92.39,21.41,1994.09,288.8,5492.0,0.79,24.0,50.34,1589.0,1056.56,880.66,2020
2020-06-26,Unknown,2199.77,4432.05,2251.08,2172.48,821955517.0,6.33,3.01,9.11,7.69,64.0,2858.0,1135.0,1.49,125.57,70.735,1183.47,281.65,9439.0,8.15,15.0,33.69,6592.0,1558.46,1292.14,2020
2020-06-27,NASDAQ,4352.62,4374.02,4419.93,4318.54,879354696.0,6.33,7.07,11.5,3.36,87.0,12729.0,1590.0,1.07,100.67,120.06,1783.18,316.39,2025.0,9.19,25.0,85.06,6561.0,245.37,208.92,2020
2020-06-28,NASDAQ,1460.58,1436.21,1494.66,1398.87,241743565.0,-1.44,9.32,6.43,6.61,73.0,21236.0,3226.0,0.89,104.38,88.72,2041.56,177.97,2025.0,3.94,20.0,54.99,4844.0,245.37,598.55,2020
2020-06-29,Unknown,2719.94,2759.57,2786.11,2709.74,931437512.0,0.8,9.27,4.35,6.77,111.0,14190.0,2151.0,0.97,84.92,26.47,1146.54,395.03,267.0,9.25,21.0,64.33,10055.0,1828.74,1551.97,2020
2020-06-30,Dow Jones,2723.94,2674.85,2766.57,2640.42,272709529.0,8.57,8.03,6.87,9.54,105.0,7374.0,2151.0,1.08,127.85,110.16,1643.54,429.42,434.0,7.32,11.0,47.25,14202.0,2090.67,1551.97,2020
2020-07-01,Dow Jones,3482.64,3459.32,3532.42,3425.72,758619276.0,8.57,5.06,13.6,9.63,51.0,1247.0,3248.0,1.25,114.51,109.225,1168.95,429.42,2401.0,0.98,43.0,39.26,3609.0,166.73,131.73,2020
2020-07-02,Dow Jones,1120.42,1144.51,1172.11,1089.67,118399525.0,8.57,2.52,11.32,6.22,74.0,13109.0,1365.0,0.93,98.75,108.29,1014.72,304.12,2494.0,4.88,29.0,3.73,2729.0,1376.74,1168.64,2020
2020-07-03,Dow Jones,4291.94,4317.57,4354.88,4278.31,339757126.0,-3.33,7.09,5.19,8.09,110.0,14353.0,3877.0,1.16,82.99,120.125,2234.23,322.0,1267.0,5.03,35.0,98.57,8916.0,2149.36,1789.27,2020
2020-07-04,NASDAQ,3000.45,2967.13,3024.91,2965.47,540677211.0,-0.97,2.09,6.24,9.06,112.0,13832.0,2775.0,1.16,116.38,131.96,1438.58,488.12,8291.0,2.57,25.0,64.66,11152.0,516.16,440.36,2020
2020-07-05,Dow Jones,4175.74,2593.38,4192.71,4151.94,17404064.0,6.7,7.48,9.62,0.85,50.0,2294.0,3801.0,0.85,116.92,83.635,938.67,164.16,7430.0,1.22,7.0,76.27,10439.0,516.16,780.5,2020
2020-07-06,NASDAQ,2960.14,2219.63,2271.79,2198.57,597120493.0,9.52,1.21,5.53,8.2,110.0,19959.0,2030.0,1.06,95.81,35.31,2090.89,396.99,145.0,2.05,46.0,24.34,4421.0,1772.86,1500.84,2020
2020-07-07,Dow Jones,1744.54,1743.33,1755.26,1700.52,373281577.0,1.49,2.42,11.24,5.53,107.0,4179.0,2735.0,1.09,119.05,43.88,2025.68,331.17,6398.0,4.1,4.0,51.21,6654.0,692.39,582.41,2020
2020-07-08,Dow Jones,2578.29,2619.45,2666.79,2534.91,783996011.0,0.53,6.32,3.44,5.87,91.0,14927.0,4103.0,1.28,84.36,66.42,1482.62,227.24,2672.0,4.06,27.0,18.42,7784.0,1089.32,934.04,2020
2020-07-09,Dow Jones,3566.02,3566.45,3591.61,3518.07,945419965.0,6.19,8.15,9.01,3.27,113.0,5639.0,316.0,1.33,133.93,84.21,1625.66,355.74,3357.0,4.56,24.0,15.46,7044.0,1860.01,1570.82,2020
2020-07-10,NASDAQ,1825.01,1841.36,1849.81,1796.95,236977902.0,7.8,4.34,9.01,3.27,113.0,8405.0,1659.0,1.47,95.13,91.63,851.17,355.74,1719.0,4.96,24.0,50.34,5901.0,1401.97,1217.53,2020
2020-07-11,NASDAQ,3523.69,3567.77,3593.93,3495.43,174949137.0,2.94,2.87,13.38,7.1,110.0,24197.0,4234.0,0.99,127.96,29.46,1018.16,355.74,3951.0,7.96,49.0,59.5,2625.0,303.57,1217.53,2020
2020-07-12,NASDAQ,1474.84,1509.9,1535.0099999999998,1452.09,748100619.0,6.62,4.22,8.73,5.64,89.0,1055.0,1233.0,0.86,85.14,84.5,1824.52,236.52,1962.0,0.83,20.0,68.97,3162.0,1410.71,1190.34,2020
2020-07-13,S&P 500,3567.28,3599.79,3614.22,3560.24,540004828.0,5.66,6.9,14.51,6.25,69.0,14254.0,1233.0,1.36,121.31,139.54,1335.42,442.88,9105.0,7.6,44.0,12.22,12477.0,431.42,372.56,2020
2020-07-14,Dow Jones,1701.97,1682.14,1708.36,1650.21,613795847.0,2.02,6.71,13.74,8.31,71.0,7728.0,3733.0,1.06,130.86,80.095,1453.19,424.73,9105.0,3.03,20.0,46.38,8553.0,1964.91,1678.18,2020
2020-07-15,NASDAQ,1334.1,1378.79,1401.31,1288.67,839212064.0,-3.88,0.17,13.74,6.07,71.0,26024.0,4114.0,1.0,137.93,20.65,1992.81,477.64,204.0,3.37,34.0,81.77,5829.0,110.75,85.71,2020
2020-07-16,NASDAQ,4295.16,4250.66,4298.41,4203.4,487813508.0,1.54,6.79,3.41,1.63,99.0,25104.0,3424.0,1.34,107.6,79.76,2376.49,233.52,753.0,4.81,24.0,68.93,529.0,1482.67,1248.78,2020
2020-07-17,S&P 500,1207.96,1196.32,1217.28,1193.11,802801350.0,0.29,6.79,3.99,1.63,118.0,25104.0,1954.0,1.47,144.14,103.14,1801.99,133.89,9969.0,3.33,11.0,14.16,11943.0,1381.46,1165.23,2020
2020-07-18,Dow Jones,2813.93,1780.77,1816.59,1732.07,810252860.0,2.76,4.64,13.02,4.83,69.0,4192.0,3441.0,0.98,84.12,63.91,2262.87,209.87,2142.0,2.65,24.0,33.59,1292.0,1381.46,214.01,2020
2020-07-19,S&P 500,4419.9,4446.12,4482.2,4409.2,522554817.0,9.03,9.17,2.12,0.87,66.0,13124.0,3455.0,1.05,110.67,84.615,1130.09,275.69,186.0,5.27,42.0,99.99,1922.0,1721.06,1444.27,2020
2020-07-20,NASDAQ,2759.42,2803.64,2808.09,2733.93,34699552.0,1.42,2.14,2.12,0.93,74.0,10626.0,4539.0,1.03,134.42,105.32,1206.65,426.04,5808.0,0.02,24.0,86.15,2019.0,471.39,413.42,2020
2020-07-21,NASDAQ,1843.17,1808.74,1862.94,1778.54,589740236.0,9.28,0.75,2.12,5.26,80.0,7287.0,2053.0,1.38,102.29,89.25999999999999,1158.97,192.37,3929.0,0.56,23.0,48.05,13441.0,846.82,733.75,2020
2020-07-22,S&P 500,3561.9,3524.73,3565.39,3517.15,627503111.0,-4.31,9.85,4.4,5.26,113.0,14017.0,1545.0,0.9,87.88,73.2,2185.65,217.17,8195.0,0.86,28.0,52.48,1367.0,422.02,355.63,2020
2020-07-23,S&P 500,1031.37,1074.99,1108.56,1025.78,784748778.0,2.23,5.81,5.21,8.75,97.0,14017.0,2224.0,1.44,122.29,119.38,1548.18,276.89,2627.0,9.32,24.0,14.33,2790.0,1077.38,922.09,2020
2020-07-24,Dow Jones,3502.6,3547.18,3566.03,3452.73,785248733.0,6.01,9.1,10.55,7.15,118.0,10478.0,3123.0,1.455,106.99,133.34,1301.69,432.42,5104.0,5.32,20.0,2.97,13997.0,535.19,414.74,2020
2020-07-25,S&P 500,4288.41,4296.09,3005.87,4265.89,475226213.0,-1.83,0.45,12.07,6.79,72.0,8723.0,1555.0,1.47,113.02,58.52,1689.57,443.2,9155.0,5.32,24.0,29.52,214.0,2019.65,1686.99,2020
2020-07-26,S&P 500,2380.89,2420.28,2445.71,2377.49,634108113.0,8.19,3.54,5.79,5.72,60.0,21807.0,4692.0,1.11,146.1,126.6,1262.25,106.48,7488.0,5.64,10.0,42.67,10296.0,2092.77,1786.03,2020
2020-07-27,Dow Jones,1250.76,2376.315,1294.63,1227.4,392675462.0,9.18,1.65,12.0,9.77,96.0,26911.0,3941.0,1.32,145.5,57.32,884.45,353.03,8523.0,5.64,24.0,43.2,12678.0,1361.24,1786.03,2020
2020-07-28,S&P 500,2369.79,2332.35,2409.07,2289.26,572721525.0,5.33,1.88,5.57,9.77,97.0,26911.0,804.0,1.01,114.19,56.24,1839.24,448.4,8132.0,0.89,44.0,50.34,10333.0,612.88,494.95,2020
2020-07-29,S&P 500,2440.2,2417.62,2462.66,2412.61,761896227.0,6.8,9.97,5.57,3.28,108.0,5663.0,2272.0,0.98,146.99,60.18,2072.92,210.04,3980.0,7.92,12.0,67.44,11287.0,612.88,880.03,2020
2020-07-30,Dow Jones,4743.75,4746.96,4759.62,4726.8,487813508.0,1.99,1.55,7.32,8.23,93.0,11725.0,3644.0,0.95,85.14,64.12,1752.09,207.19,8079.0,1.93,37.0,88.72,5482.0,2178.4,1804.56,2020
2020-07-31,S&P 500,3471.475,3463.16,4761.31,4703.52,547540938.0,-1.66,0.5,5.28,4.18,116.0,21548.0,1079.0,1.24,128.61,68.06,1039.88,260.63,3113.0,0.23,0.0,71.73,443.0,516.6,419.57,2020
2020-08-01,NASDAQ,2199.2,2179.36,2241.46,4217.1,370884086.0,4.55,8.6,4.26,7.59,95.0,14102.0,3102.0,1.25,112.92,99.43,1371.28,463.16,8978.0,2.62,6.0,82.64,3561.0,1639.9,1410.62,2020
2020-08-02,Unknown,3763.54,3754.11,3807.1,3730.68,540626660.0,-0.18,6.91,11.94,4.67,90.0,19163.0,1995.0,1.24,84.17,38.29,1927.68,205.4,4309.0,2.62,28.0,17.71,11333.0,1639.9,638.61,2020
2020-08-03,NASDAQ,1227.53,1238.85,1277.5,1215.68,74416113.0,4.2,6.91,8.09,4.46,111.0,27959.0,2854.0,1.26,107.2,64.7,1784.28,276.14,9174.0,6.62,9.0,50.34,8181.0,2107.78,1795.69,2020
2020-08-04,NASDAQ,2567.44,2601.07,2639.81,2540.76,65609985.0,2.82,2.61,11.48,7.42,112.0,20987.0,4227.0,1.04,84.42,92.1,1394.41,347.23,1970.0,0.92,39.0,28.38,8895.0,1336.8,1151.78,2020
2020-08-05,Dow Jones,1902.895,2389.1,2477.52,2347.73,383839111.0,0.34,5.33,12.81,3.33,108.0,22875.0,4688.0,1.08,89.47,63.39,2130.34,338.89,1970.0,0.03,24.0,17.0,13248.0,900.05,775.79,2020
2020-08-06,Dow Jones,1238.35,1258.8,1302.81,1225.48,194953245.0,3.09,1.02,6.01,7.21,103.0,18890.0,4922.0,1.01,138.36,102.17,904.02,392.99,5463.0,3.57,32.0,71.76,2314.0,105.67,81.37,2020
2020-08-07,Unknown,3730.13,3730.5,3779.65,3682.6,487813508.0,-0.77,3.32,6.84,5.99,58.0,5801.0,3688.0,1.04,134.66,47.55,965.015,392.99,2971.0,8.26,24.0,56.7,4364.0,1123.87,971.8,2020
2020-08-08,S&P 500,3153.58,3169.52,3209.28,3114.05,445744840.0,-4.12,1.69,5.0,8.4,59.0,28922.0,3805.0,1.45,97.03,109.92,1026.01,262.59,9539.0,8.26,2.0,12.81,7994.0,1767.52,1476.81,2020
2020-08-09,NASDAQ,3153.33,3190.92,3216.49,3144.57,581804076.0,2.59,3.15,10.24,2.31,103.0,26783.0,1883.0,1.24,118.865,20.77,884.35,360.04,8789.0,5.04,24.0,45.26,7994.0,476.95,380.06,2020
2020-08-10,Dow Jones,4345.77,4367.4,4389.01,4327.7,697041969.0,4.44,6.34,8.24,9.9,79.0,14128.0,3025.0,1.25,140.7,108.2,1218.54,360.04,9441.0,4.69,39.0,88.89,10421.0,1769.57,1475.81,2020
2020-08-11,S&P 500,4102.325000000001,3640.01,3648.88,3564.91,41304034.0,1.96,6.36,8.27,3.15,106.0,8907.0,1903.0,1.25,106.16,64.8,1484.1,351.79,4714.0,9.2,47.0,29.27,8652.0,147.47,153.02,2020
2020-08-12,Unknown,3858.88,2846.62,3903.78,3848.58,487813508.0,1.49,5.34,12.38,6.65,116.0,17390.0,4545.0,1.02,142.24,111.26,1906.1499999999999,351.79,2731.0,9.13,32.0,33.26,8870.0,2114.1,1772.54,2020
2020-08-13,Dow Jones,2056.25,2053.23,2689.565,2050.72,459080033.0,4.84,4.42,11.92,8.06,73.0,12141.0,2022.0,1.01,98.62,126.89,2328.2,230.27,9095.0,8.13,26.0,86.65,6034.0,1096.72,946.81,2020
2020-08-14,S&P 500,1466.33,1449.16,1475.35,1431.1999999999998,218462476.0,6.58,2.31,3.01,3.16,95.0,27226.0,1946.0,1.185,117.08,125.83500000000001,1727.18,192.97,4731.0,3.96,30.0,70.91,9265.0,1096.72,503.8,2020
2020-08-15,Dow Jones,4669.94,4710.96,4758.85,4649.98,271905808.0,3.82,0.39,2.52,6.01,87.0,18465.0,2618.0,1.36,126.72,124.78,1155.69,489.87,7762.0,2.2,7.0,63.48,3885.0,1643.55,1402.78,2020
2020-08-16,Dow Jones,1230.93,1198.38,1253.63,1187.77,589853701.0,0.64,3.06,9.26,3.33,81.0,12031.0,3766.0,1.23,99.2,30.96,1588.5,331.71,9031.0,9.73,24.0,4.28,4517.0,1246.69,1051.05,2020
2020-08-17,S&P 500,3213.48,3233.81,3281.09,3197.71,362908423.0,-0.02,3.06,8.12,7.24,113.0,20204.0,4380.0,1.1,82.23,30.13,981.44,269.06,9732.0,9.01,46.0,4.81,8435.0,705.54,582.3,2020
2020-08-18,S&P 500,2550.6,2509.74,2584.94,2488.82,909724741.0,1.6,9.96,3.11,2.8,67.0,12974.0,503.0,1.18,120.51,59.2,1135.56,430.04,5004.0,4.94,40.0,35.57,255.0,1111.76,926.68,2020
2020-08-19,NASDAQ,3287.09,3285.15,3330.08,2719.8900000000003,281377679.0,1.6,9.96,11.01,8.35,95.0,12068.0,503.0,1.15,134.37,63.98,2075.2,101.03,9710.0,1.25,24.0,27.22,2983.0,1267.49,1034.02,2020
2020-08-20,S&P 500,2970.14,3012.99,3019.22,2950.96,969528470.0,-4.32,9.96,2.26,7.4,67.0,15403.0,4881.0,0.82,138.09,71.03999999999999,1674.49,101.03,5304.0,8.11,35.0,87.1,10548.0,1757.11,1484.87,2020
2020-08-21,NASDAQ,1781.83,1736.76,1826.34,1692.35,663095194.0,5.09,8.0,14.55,3.75,77.0,8601.0,1309.0,1.04,148.15,78.1,2384.07,378.96,5304.0,7.64,45.0,8.57,6991.0,1068.96,910.15,2020
2020-08-22,NASDAQ,2900.4,2597.01,2968.21,2890.19,866551873.0,5.79,6.31,5.93,8.28,98.0,5214.0,3582.0,0.81,90.83,78.82,1671.14,353.89,4695.0,2.62,30.0,64.92,512.0,218.49,182.21,2020
2020-08-23,Unknown,3501.73,3457.26,3549.21,3441.78,201358276.0,3.49,3.18,11.41,4.44,109.0,1369.0,631.0,0.86,140.37,60.28,1435.06,264.08,1994.0,7.49,16.0,3.13,9586.0,595.4,535.14,2020
2020-08-24,S&P 500,3637.69,3641.46,3669.6,3605.97,399796348.0,-2.11,7.2,8.68,6.94,53.0,25025.0,4204.0,1.33,127.57,77.42,865.58,451.47,4529.0,1.24,5.0,48.82,2816.0,595.4,756.6,2020
2020-08-25,S&P 500,2549.1,2499.14,2596.22,2463.3,476461623.0,1.29,2.5,10.05,6.5,64.0,11609.0,3468.0,1.09,141.1,140.5,1850.45,397.66,1287.0,8.33,43.0,90.07,6312.0,1956.92,1638.06,2020
2020-08-26,Dow Jones,3253.58,3298.34,3312.61,3230.64,979649682.0,-1.77,7.09,11.16,2.88,89.0,4989.0,3468.0,0.94,123.46,119.62,2371.36,389.53,1386.0,3.17,9.0,57.83,8060.0,1458.78,1218.07,2020
2020-08-27,Dow Jones,4227.86,4203.58,4255.67,4191.61,215015883.0,0.18,4.16,14.2,7.12,72.0,11118.0,3065.0,1.185,134.7,98.74,2070.12,408.08,1386.0,6.66,44.0,8.54,5871.0,616.05,514.05,2020
2020-08-28,NASDAQ,1157.08,1148.69,1173.49,1121.0499999999995,275911936.0,5.83,9.77,9.65,9.16,58.0,20212.0,2637.0,1.43,105.16,81.32,1492.02,136.77,9849.0,6.97,32.0,23.74,9331.0,639.56,571.48,2020
2020-08-29,NASDAQ,3820.16,3786.63,3830.88,3754.43,840241245.0,1.13,1.24,9.32,4.35,117.0,10723.0,1479.0,1.43,127.74,56.87,1705.09,158.96,2001.0,5.32,14.0,98.31,347.0,639.56,1757.86,2020
2020-08-30,Unknown,2800.23,2758.185,2814.9,2796.99,506691593.0,2.61,6.89,13.3,7.5,117.0,21698.0,604.0,0.8,99.38,32.42,943.64,158.96,6404.0,3.25,18.0,35.87,347.0,799.15,647.19,2020
2020-08-31,S&P 500,1708.33,1729.74,1757.71,1670.6,487813508.0,9.25,1.91,10.51,5.14,94.0,9969.0,2865.0,1.39,142.68,38.085,1235.42,230.09,8269.0,5.22,35.0,45.8,11056.0,506.68,445.31,2020
2020-09-01,S&P 500,4275.48,1642.94,4285.589999999999,4217.77,819946952.0,5.98,2.17,14.31,2.78,118.0,9969.0,1635.0,1.38,142.01,43.75,1966.63,304.13,3620.0,8.12,24.0,28.8,10020.0,2114.31,1786.15,2020
2020-09-02,Dow Jones,1560.1,1556.14,1589.49,4262.47,43125522.0,-0.12,2.17,9.12,2.78,87.0,9969.0,1968.0,1.1199999999999999,136.01,47.11,1701.55,498.18,6398.0,4.91,36.0,39.84,8156.0,1950.89,1786.15,2020
2020-09-03,Dow Jones,4352.92,4397.11,4424.49,4307.17,404101434.0,3.0,1.05,11.47,6.29,115.0,29554.0,1041.0,0.86,96.21,50.47,2074.31,156.42,7827.0,2.08,13.0,62.5,11569.0,1601.95,1371.36,2020
2020-09-04,NASDAQ,1239.77,1191.61,1270.39,1191.4,758335252.0,-3.32,3.29,5.91,1.7,51.0,15598.0,4736.0,1.25,128.86,53.83,1913.55,205.36,7800.0,4.37,38.0,8.47,10930.0,1193.33,995.16,2020
2020-09-05,Dow Jones,2436.83,2410.39,2466.63,1195.98,182890777.0,4.0,4.69,11.86,1.7,119.0,14033.0,1498.0,1.07,136.18,57.19,2355.57,409.71,6463.0,2.93,45.0,71.56,3556.0,1518.38,1295.73,2020
2020-09-06,Dow Jones,2436.83,2410.39,2466.63,1200.5600000000002,182890777.0,4.0,4.69,11.86,1.7,119.0,14033.0,1498.0,1.07,136.18,57.19,2355.57,409.71,6463.0,2.93,45.0,71.56,3556.0,1053.39,906.64,2020
2020-09-07,S&P 500,1273.8,1230.97,1298.99,1205.14,211344475.0,4.0,1.19,2.85,2.61,107.0,16649.0,1168.0,1.29,117.59,39.83,880.8,212.77,5584.0,3.18,25.0,88.78,13615.0,569.45,454.46,2020
2020-09-08,NASDAQ,2776.17,2762.84,2808.31,2741.66,436032239.0,9.47,1.19,4.58,9.56,75.0,16903.0,1496.0,1.17,148.17,86.37,905.97,268.47,249.0,9.78,25.0,50.34,3346.0,1537.47,1275.95,2020
2020-09-09,Dow Jones,4313.88,4277.22,4314.78,4273.04,814209600.0,5.46,8.9,9.82,9.52,72.0,7139.0,407.0,0.9,140.24,132.65,1420.46,372.68,4489.0,2.54,7.0,74.96,6411.0,934.25,1275.95,2020
2020-09-10,Dow Jones,2876.43,2847.61,2906.95,2805.4999999999995,487813508.0,5.48,1.78,12.93,6.2,86.0,12817.0,983.0,0.92,141.57,45.82,1971.25,455.47,2074.0,8.44,24.0,72.24,6851.0,183.16,134.04,2020
2020-09-11,NASDAQ,4078.99,4112.85,4146.77,4073.85,975733242.0,4.49,8.38,7.9,1.39,96.0,21619.0,3772.0,1.31,87.18,33.99,1477.48,111.86,1174.0,8.2,5.0,30.21,4922.0,486.41,381.02,2020
2020-09-12,S&P 500,4518.41,4169.35,4544.61,4479.7,248573473.0,1.76,0.73,3.43,2.79,108.0,25103.0,3320.0,1.07,88.68,22.16,983.71,209.63,2468.0,1.48,6.0,21.11,14320.0,104.99,105.72,2020
2020-09-13,NASDAQ,4209.61,4225.85,4226.62,4198.96,875341690.0,-2.47,3.37,2.52,7.41,50.0,11215.0,3093.0,0.91,113.06,51.49333333333333,1270.65,148.14,6994.0,6.39,24.0,7.2,14320.0,1892.84,1627.91,2020
2020-09-14,NASDAQ,1930.02,1887.56,1950.94,1880.09,191184244.0,2.59,0.78,12.15,9.75,87.0,671.0,3093.0,1.05,144.19,80.82666666666667,858.43,482.7,2872.0,1.34,26.0,10.36,5503.0,1892.84,1627.91,2020
2020-09-15,Dow Jones,2723.94,2674.85,2766.57,2640.42,272709529.0,8.57,8.03,6.87,9.54,105.0,7374.0,3093.0,1.08,127.85,110.16,1643.54,429.42,434.0,7.32,11.0,47.25,14202.0,85.91,84.62,2020
2020-09-16,NASDAQ,4851.07,4804.97,4855.56,4769.27,562588422.0,2.73,8.22,11.61,5.66,77.0,6430.0,416.0,1.19,143.02,102.73,1370.35,318.01,3606.0,7.32,33.0,29.53,14147.0,237.5,215.6,2020
2020-09-17,S&P 500,2731.09,4452.035,2733.36,2700.02,893552825.0,-3.4,4.96,5.33,5.79,69.0,6430.0,129.0,0.99,99.57,117.2,1353.34,135.05,3003.0,3.51,37.0,57.53,887.0,382.62,309.85,2020
2020-09-18,NASDAQ,4132.65,4099.1,4150.09,4070.03,487813508.0,9.76,7.36,8.94,5.47,56.0,6430.0,4794.0,1.205,131.88,139.45,1482.45,351.56,8503.0,4.97,27.0,21.84,8133.0,2294.38,1948.88,2020
2020-09-19,NASDAQ,3262.98,3271.08,3312.78,3255.97,823566558.0,5.76,9.93,5.08,6.01,55.0,13780.0,3019.0,1.42,81.28,134.92,1013.12,464.49,9736.0,8.05,11.0,62.17,3267.0,1260.42,1040.56,2020
2020-09-20,S&P 500,2225.25,2232.9,2241.44,2188.03,938275278.0,9.47,8.98,7.39,9.2,51.0,1623.0,4214.0,1.24,128.24,79.37,1974.75,145.74,7136.0,6.25,42.0,87.24,6146.0,1283.61,1083.09,2020
2020-09-21,S&P 500,2542.05,2513.15,2564.55,2488.36,881107674.0,4.37,9.7,8.09,4.98,93.0,23237.0,2005.0,1.27,143.9,86.71,1677.42,444.67,6070.0,2.55,24.0,15.1,12510.0,1520.38,1283.31,2020
2020-09-22,Unknown,3542.58,3589.89,3638.37,3509.09,161201417.0,9.86,1.98,5.0,0.89,116.0,28207.0,4980.0,0.9,96.68,31.23,1633.37,164.76,1071.0,2.32,34.0,6.69,5532.0,1499.36,1259.0,2020
2020-09-23,NASDAQ,1930.02,1887.56,1950.94,1880.09,191184244.0,2.59,0.78,12.15,9.75,87.0,671.0,4980.0,1.05,144.19,31.41,858.43,482.7,2872.0,1.34,26.0,10.36,5503.0,1561.02,1323.26,2020
2020-09-24,S&P 500,1250.26,1260.96,1290.62,1245.8,567299987.0,0.01,1.9,13.07,2.33,100.0,5714.0,1551.0,1.01,141.12,31.59,2041.47,148.82,8274.0,8.28,3.0,7.53,10782.0,269.57,232.0,2020
2020-09-25,NASDAQ,2441.9,2407.12,1325.985,2394.38,399317031.0,7.82,8.38,10.71,3.03,97.0,5714.0,2886.0,1.12,130.07,104.2,2055.92,275.71,3203.0,5.56,24.0,10.13,11536.0,1967.17,1645.39,2020
2020-09-26,NASDAQ,1320.42,1319.74,1361.35,1311.53,878191381.0,5.86,1.41,11.59,0.96,97.0,24097.0,2105.0,1.145,115.0,120.85499999999999,1091.27,275.71,3671.0,2.23,41.0,35.15,11098.0,1347.1,1120.62,2020
2020-09-27,S&P 500,1526.75,1503.02,1574.01,1475.15,487813508.0,-0.41,9.79,3.39,3.79,54.0,14172.0,2200.0,1.17,124.94,137.51,1179.5,414.37,248.0,6.11,41.0,24.96,7199.0,1258.09,1054.3,2020
2020-09-28,S&P 500,4518.41,2337.1099999999997,4544.61,4479.7,248573473.0,1.76,0.73,3.43,2.79,108.0,25103.0,3320.0,1.07,88.68,22.16,983.71,209.63,2468.0,1.48,6.0,21.11,14320.0,1626.75,1351.83,2020
2020-09-29,S&P 500,3979.42,3171.2,3173.78,3098.31,79191199.0,5.51,3.58,10.35,8.93,86.0,13038.0,3052.0,0.95,89.11,80.845,2181.67,147.0,2627.0,1.26,42.0,24.68,6687.0,1632.41,1382.72,2020
2020-09-30,S&P 500,3440.43,3398.26,3448.76,3379.47,15512058.0,-3.72,0.16,5.24,9.78,68.0,23685.0,1637.0,0.83,124.44,139.53,912.12,454.44,3751.0,1.89,11.0,61.9,6479.0,1112.78,1382.72,2020
2020-10-01,S&P 500,3754.53,3768.35,3782.81,3748.57,247744138.0,1.41,5.3,12.13,9.78,118.0,877.0,4499.0,1.12,85.04,142.825,1375.88,454.44,122.0,8.11,39.0,86.54,3386.0,140.82,140.48,2020
2020-10-02,S&P 500,1912.94,1872.7,1923.68,1835.44,624125424.0,6.2,7.86,10.53,8.46,77.0,4936.0,3449.0,1.49,87.0,146.12,1692.55,425.07,3670.0,3.89,20.0,57.41,9651.0,97.97,73.07,2020
2020-10-03,Dow Jones,2398.03,2386.0,2402.98,2338.74,926087447.0,-1.44,2.61,10.72,2.19,114.0,11269.0,4982.0,1.48,113.06,97.41,939.75,289.69,5752.0,6.01,9.0,50.34,13292.0,1788.73,1512.54,2020
2020-10-04,Dow Jones,3484.13,4502.48,4514.53,4480.29,812175360.0,3.53,4.27,8.05,8.4,95.0,18180.0,3560.0,0.98,87.51,90.67,2315.59,225.71,1862.0,6.01,24.0,34.37,2294.0,999.59,799.46,2020
2020-10-05,Dow Jones,4570.23,2908.0049999999997,4616.61,4553.63,487813508.0,9.8,5.11,12.35,4.63,58.0,26781.0,1408.0,1.25,83.6,83.93,1029.53,168.17,7625.0,4.71,46.0,57.91,14497.0,2285.15,1954.5,2020
2020-10-06,NASDAQ,1265.78,1313.53,1340.07,1219.68,547854448.0,2.67,7.04,14.84,1.11,57.0,19511.0,1016.0,1.46,139.58,131.52,1361.86,251.58,6813.0,4.42,26.0,90.45,13817.0,885.86,706.32,2020
2020-10-07,S&P 500,3287.98,3241.86,1586.295,3193.14,781775862.0,1.35,2.94,4.67,7.28,56.0,25689.0,4337.0,1.49,111.81,84.86,1344.15,198.88,6534.0,5.43,24.0,50.34,4871.0,1496.41,1249.06,2020
2020-10-08,Dow Jones,1794.58,1756.51,1832.52,1736.3,586770808.0,-0.1,7.74,2.55,5.195,119.0,6801.0,4532.0,0.93,144.64,111.65,2237.77,222.47,2740.0,6.18,33.0,81.69,6855.0,1814.97,1527.37,2020
2020-10-09,NASDAQ,2337.6,2354.3,2399.18,2302.95,492435743.0,6.35,7.74,10.22,5.195,119.0,20578.0,4532.0,1.2,81.44,103.74,1210.91,213.45,9869.0,5.48,11.0,51.54,2584.0,419.35,380.11,2020
2020-10-10,S&P 500,3071.84,3118.67,3133.14,3065.97,154028808.0,-4.9,5.46,8.53,1.27,55.0,15765.0,4993.0,1.24,86.97,108.17,1376.87,147.79,2203.0,0.95,46.0,31.78,3558.0,342.7,380.11,2020
2020-10-11,Dow Jones,3920.035,2426.09,2452.07,2339.01,951768962.0,7.76,0.75,11.08,1.12,53.0,789.0,3935.0,0.84,127.57,142.44,1717.16,393.41,6961.0,2.9,21.0,67.22,9548.0,1461.52,1234.72,2020
2020-10-12,NASDAQ,4768.23,3701.905,4792.09,4726.05,346441005.0,-2.78,4.34,10.68,8.62,83.0,15613.0,342.0,1.2,117.38,52.14,1496.4,419.12,5802.0,2.9,14.0,50.34,8395.0,1404.63,1155.53,2020
2020-10-13,S&P 500,4936.44,4977.72,4991.88,4935.53,215374897.0,1.06,5.03,2.35,8.62,63.0,16440.0,3646.0,1.22,101.5,142.32,2217.76,287.8,1087.0,3.36,24.0,7.67,5132.0,1162.73,986.7,2020
2020-10-14,S&P 500,4323.665,4297.81,4332.72,4242.08,21583027.0,7.12,6.68,13.63,8.62,66.0,4737.0,4023.0,0.85,112.97,124.43,1681.23,139.91,5378.0,7.34,33.0,94.91,14832.0,250.87,206.05,2020
2020-10-15,S&P 500,3710.89,3712.35,3756.92,3674.93,395421030.0,-3.8,9.32,7.59,7.61,108.0,24948.0,536.0,1.26,128.55,40.09,1144.7,212.94,1840.0,8.82,32.0,2.15,3392.0,1605.62,1337.44,2020
2020-10-16,S&P 500,4544.73,4589.05,4591.8,4539.03,66827525.0,-1.39,4.33,12.19,4.19,54.0,29253.0,702.0,1.07,128.95,55.225,1231.0900000000001,387.19,1840.0,5.38,42.0,50.86,8643.0,1663.89,1410.45,2020
2020-10-17,Dow Jones,2652.69,3254.91,2674.08,2624.96,270151756.0,5.5,8.58,9.73,1.47,93.0,12160.0,4101.0,1.44,93.38,70.36,1317.48,379.57,7733.0,4.65,8.0,21.11,1884.0,1663.89,1015.4,2020
2020-10-18,S&P 500,1915.5,1920.77,2285.055,1891.33,470966438.0,-1.94,5.72,9.61,5.94,95.0,24214.0,836.0,1.02,109.52,68.71,1474.78,468.67,3644.0,1.71,13.0,68.08,1884.0,1540.26,1274.17,2020
2020-10-19,NASDAQ,1862.96,1894.25,1896.03,1831.48,438678890.0,-2.35,0.45,10.85,5.94,74.0,5958.0,472.0,1.06,105.24,61.46333333333333,2414.2,468.67,3644.0,3.25,36.0,31.51,7500.0,1597.55,1350.29,2020
2020-10-20,S&P 500,4745.12,4769.46,4816.09,4744.44,487813508.0,2.76,0.24,13.93,2.57,109.0,8311.0,4670.0,0.82,128.75,54.21666666666666,2146.99,133.73,7860.0,8.03,14.0,33.58,14234.0,797.43,679.05,2020
2020-10-21,NASDAQ,4658.19,4640.11,4674.41,4591.14,542333878.0,-0.54,9.16,13.93,3.46,109.0,20009.0,4638.0,1.22,82.26,46.97,1861.16,439.92,9225.0,0.93,24.0,92.55,9795.0,786.5,659.04,2020
2020-10-22,Dow Jones,1126.98,1119.42,1131.97,1108.11,603755343.0,-0.54,9.16,7.14,5.67,113.0,15189.0,3182.0,1.48,127.6,83.93,1019.0,115.83,9225.0,9.24,31.0,30.74,2044.0,786.5,1287.97,2020
2020-10-23,NASDAQ,2185.43,2141.14,2224.67,2113.2,113169924.0,2.96,7.94,13.1,1.42,63.0,17150.0,1241.0,0.84,124.38,43.44,1434.995,170.95,4154.0,5.63,24.0,99.39,13920.0,354.17,290.03,2020
2020-10-24,NASDAQ,3753.62,3789.96,3794.47,3733.28,493537197.0,-1.67,4.45,8.16,0.99,113.0,17150.0,175.0,1.27,141.14,30.54,1850.99,188.96,1873.0,2.89,24.0,50.34,9344.0,2176.95,1853.22,2020
2020-10-25,NASDAQ,1833.26,1870.34,1910.64,1820.73,820119028.0,0.59,4.66,6.06,2.95,83.0,21560.0,3290.0,1.2349999999999999,137.32,41.72,1426.46,362.0,1950.0,8.24,7.0,18.9,6970.0,887.04,764.43,2020
2020-10-26,Dow Jones,3195.49,3208.41,3232.13,3168.32,857269900.0,0.59,7.12,7.93,3.83,107.0,5256.0,3290.0,1.2,95.63,33.815,2222.42,475.51,5880.0,2.63,3.0,35.16,2174.0,2217.1,1861.28,2020
2020-10-27,S&P 500,2715.78,2675.26,2750.55,2672.61,639755589.0,-4.48,7.12,5.05,4.25,75.0,3259.0,2769.0,0.95,99.75999999999999,25.91,2215.01,131.64,462.0,4.46,34.0,99.78,5583.0,2217.1,414.32,2020
2020-10-28,NASDAQ,3127.49,3152.46,3164.58,3085.41,352945265.0,-4.48,8.71,8.93,3.43,62.0,21865.0,2769.0,0.87,103.89,21.27,2171.97,475.02,559.0,1.89,40.0,17.19,5599.0,1104.04,961.9,2020
2020-10-29,S&P 500,3822.34,3829.46,3859.21,3772.85,71694394.0,9.62,7.6,10.19,5.28,104.0,26556.0,2646.0,1.05,133.82,145.26,1336.29,134.25,1430.0,8.03,24.0,13.55,5993.0,1104.04,1883.58,2020
2020-10-30,NASDAQ,1739.35,1776.89,1808.58,1724.48,501740949.0,-2.02,3.72,12.66,7.21,58.0,9723.0,3270.0,0.93,128.44,109.86,2131.95,293.16,4178.0,5.72,15.0,79.02,1582.0,431.29,333.64,2020
2020-10-31,NASDAQ,4003.08,4018.62,4044.04,3966.64,487813508.0,8.13,7.09,10.32,5.96,69.0,28277.0,678.0,0.98,123.06,98.24,1537.66,415.53,7473.0,9.86,24.0,37.28,11514.0,132.85,127.1,2020
2020-11-01,NASDAQ,3397.2,3401.49,3403.35,3385.9,623944358.0,1.36,4.23,4.74,5.96,74.0,28277.0,4994.0,1.38,118.51,76.05,2025.84,286.75,2775.0,6.83,16.0,45.19,10997.0,416.8,389.65,2020
2020-11-02,S&P 500,3492.84,3505.33,3508.24,3488.93,884722593.0,-3.25,4.24,6.01,6.36,103.0,2842.0,2346.0,1.19,106.96,127.43,2157.76,325.85,2190.0,6.87,26.0,24.99,3878.0,326.67,251.43,2020
2020-11-03,S&P 500,3685.92,3707.92,3757.77,3663.53,47418028.0,2.48,6.89,11.35,5.26,101.0,17693.0,1518.0,1.11,119.33,73.45,1969.35,352.63,6129.0,9.28,26.0,8.9,10858.0,1992.47,1675.95,2020
2020-11-04,S&P 500,1505.06,1468.1,1539.34,1457.66,86383568.0,0.88,7.43,14.29,2.4,55.0,8474.0,3672.0,1.45,135.81,57.665000000000006,1096.49,424.44,6129.0,8.68,44.0,79.02,6813.0,2117.37,1767.97,2020
2020-11-05,NASDAQ,1987.43,1959.89,2035.09,1940.21,310003006.0,4.44,9.74,3.68,8.9,110.0,23950.0,3405.0,1.4,106.05,41.88,1676.17,367.3,3014.0,6.35,26.0,19.65,13864.0,1547.88,1294.67,2020
2020-11-06,Unknown,2251.63,2218.52,2272.77,2211.07,616684222.0,3.17,8.36,4.08,0.98,110.0,11523.0,2267.0,1.32,126.125,144.59,1146.94,495.22,3014.0,7.56,24.0,42.25,10914.0,2318.74,1946.21,2020
2020-11-07,Dow Jones,1270.01,1232.69,1306.8,1204.83,686005061.0,8.07,5.35,11.52,6.87,75.0,29171.0,1123.0,1.04,146.2,84.32,2445.75,145.66,7980.0,7.4,46.0,42.63,748.0,736.67,638.81,2020
2020-11-08,Dow Jones,1313.82,1288.65,1322.39,1284.78,65244116.0,2.37,8.86,11.52,7.71,91.0,16360.0,2982.0,0.99,113.35,93.51,1041.99,486.76,6279.0,1.83,41.0,8.25,14338.0,2264.84,1913.07,2020
2020-11-09,Unknown,1287.1,1279.79,1330.78,1259.08,661521519.0,-1.61,8.65,3.64,6.01,115.0,16360.0,1207.0,1.31,93.25,52.16,1790.35,376.43,9423.0,1.83,4.0,93.78,1297.0,1324.14,1125.1,2020
2020-11-10,Dow Jones,1313.82,1288.65,1322.39,1284.78,65244116.0,2.37,8.86,3.64,7.71,91.0,16360.0,2982.0,0.99,113.35,93.51,1041.99,486.76,6279.0,1.83,41.0,8.25,14338.0,2109.51,1790.32,2020
2020-11-11,NASDAQ,3181.73,3166.43,3209.32,3130.55,487813508.0,7.2,5.06,13.58,4.56,76.0,26856.0,4788.0,1.13,138.5,96.67,2231.79,486.76,3936.0,4.64,25.0,69.36,9535.0,705.69,605.71,2020
2020-11-12,NASDAQ,3840.97,4037.75,3881.38,3830.16,487813508.0,-3.24,5.87,13.58,1.23,78.0,21750.0,2648.0,1.08,147.64,52.93,975.07,486.76,5251.0,6.14,4.0,34.78,8331.0,1763.97,1498.24,2020
2020-11-13,S&P 500,4872.26,4909.07,4956.51,4859.44,226502791.0,9.29,5.31,7.29,6.53,98.0,10381.0,2025.0,0.95,110.43,68.07,2117.67,163.54,2483.0,1.89,37.0,16.02,8331.0,2024.33,1726.57,2020
2020-11-14,Dow Jones,4705.53,4733.12,4745.73,4674.14,307124555.0,8.95,6.38,3.14,6.53,92.0,27632.0,856.0,0.9,120.565,99.74,862.65,194.96,414.0,7.34,22.0,38.57,6830.0,864.23,724.27,2020
2020-11-15,Dow Jones,2152.74,2115.25,2189.7,2107.04,276814087.0,5.86,2.82,14.35,5.195,98.0,12239.0,856.0,0.9,130.7,21.21,1802.88,418.75,9663.0,4.46,1.0,17.93,744.0,611.17,488.49,2020
2020-11-16,NASDAQ,4464.41,4492.81,4538.91,1550.29,799331226.0,-4.08,1.39,14.35,7.2,71.0,20336.0,4252.0,1.29,81.19,30.63,2002.8,318.29,581.0,9.78,17.0,75.35,5925.0,811.25,695.23,2020
2020-11-17,NASDAQ,1030.66,994.1,1072.73,993.54,354842446.0,6.34,5.64,5.3,7.2,50.0,27759.0,3026.0,1.5,108.2,40.05,956.98,318.29,1429.0,1.04,24.0,34.17,2334.0,2281.81,1905.25,2020
2020-11-18,Dow Jones,4553.61,4575.21,4581.7300000000005,4529.85,880553429.0,4.59,1.37,3.87,1.98,68.0,5403.0,564.0,1.26,98.75,59.445,1108.39,400.39,1429.0,7.59,21.0,77.0,9094.0,423.5,330.9,2020
2020-11-19,NASDAQ,4482.75,4435.86,4523.54,3471.2300000000005,495853024.0,0.87,7.02,8.44,1.5,65.0,15703.0,1402.0,1.04,111.69,78.84,1225.09,317.15,1429.0,5.6,20.0,55.33,9094.0,1691.32,1387.89,2020
2020-11-20,S&P 500,2440.2,2417.62,2462.66,2412.61,761896227.0,6.8,9.97,8.44,3.28,108.0,5663.0,2272.0,1.08,146.99,73.26333333333334,2072.92,210.04,3980.0,7.92,12.0,67.44,11287.0,360.64,335.32,2020
2020-11-21,S&P 500,3754.53,3768.35,3782.81,3748.57,247744138.0,1.41,5.3,12.13,6.81,118.0,877.0,2272.0,1.12,85.04,67.68666666666667,1375.88,423.18,122.0,8.11,39.0,86.54,11287.0,259.11,213.21,2020
2020-11-22,S&P 500,4737.73,4775.56,4816.06,4691.35,248747814.0,1.41,8.8,8.72,8.96,109.0,7385.0,1109.0,1.04,142.91,62.11,1013.56,279.99,8490.0,3.42,31.0,44.18,11756.0,1647.3,1407.43,2020
2020-11-23,NASDAQ,3478.1,3443.79,3516.96,3573.755,757891108.0,2.85,7.52,4.63,1.78,118.0,25954.0,2724.0,1.19,136.59,45.83,917.69,279.99,7990.0,2.19,9.0,28.63,5185.0,2210.1,1873.68,2020
2020-11-24,Dow Jones,2519.01,2494.33,2522.45,2456.16,727941463.0,2.85,9.12,12.97,7.19,109.0,8604.0,2724.0,1.34,91.26,130.59,1591.97,449.37,8414.0,2.95,13.0,81.03,11401.0,2262.01,1918.05,2020
2020-11-25,Dow Jones,2675.495,2426.09,2452.07,2339.01,951768962.0,7.76,0.75,11.08,1.12,53.0,789.0,3935.0,0.84,127.57,142.44,1717.16,393.41,6961.0,2.9,21.0,67.22,9548.0,526.67,1918.05,2020
2020-11-26,S&P 500,2831.98,3206.455,2851.41,2767.51,372601384.0,0.75,4.84,13.42,9.38,84.0,20394.0,3935.0,0.95,139.91,86.905,2132.52,413.56,1501.0,3.02,22.0,72.43,9514.0,526.67,513.36,2020
2020-11-27,NASDAQ,3967.91,3986.82,3990.53,3937.27,900326412.0,-0.48,3.73,6.29,1.63,94.0,24495.0,4345.0,1.31,131.07,31.37,1694.24,279.87,5954.0,6.28,24.0,84.65,12051.0,766.36,631.3,2020
2020-11-28,Unknown,2492.49,2474.52,2501.94,2433.68,901878412.0,7.75,5.95,3.85,8.93,94.0,9344.0,1867.0,1.34,144.3,88.16,807.52,392.42,7156.0,1.94,28.0,50.34,8272.0,1250.52,1069.82,2020
2020-11-29,NASDAQ,4797.09,4808.51,4848.43,4785.34,369106174.0,7.38,3.3,14.73,1.04,80.0,14750.0,1239.0,1.06,107.96,144.95,1109.72,328.11,7685.0,8.93,17.0,50.34,2407.0,1185.45,987.75,2020
2020-11-30,Dow Jones,4465.69,4502.82,4543.54,4444.66,218331312.0,7.46,1.33,14.58,8.13,78.0,6908.0,2277.0,1.09,88.48,112.72,1350.81,295.35,3430.0,8.93,36.0,69.8,13749.0,1743.34,1431.59,2020
2020-12-01,NASDAQ,3308.8,3310.32,3336.1800000000003,3296.6,896031933.0,4.86,8.65,4.48,8.13,61.0,7557.0,2913.0,1.5,127.51,61.23,1218.66,331.64,2018.0,7.26,37.0,82.05,13749.0,1231.19,1055.02,2020
2020-12-02,Dow Jones,3848.06,3888.94,4090.9300000000003,3829.67,804925991.0,3.26,7.01,7.26,3.85,52.0,14523.0,1589.0,1.37,120.03,39.42,1521.04,294.49,3015.0,1.22,0.0,50.67,6515.0,698.48,564.24,2020
2020-12-03,S&P 500,4839.16,4798.63,4845.68,4768.26,619730922.0,3.26,7.89,2.72,9.15,111.0,7808.0,3960.0,1.22,84.38,37.26,2252.85,286.81,5106.0,9.77,19.0,6.41,3407.0,1844.14,1546.19,2020
2020-12-04,NASDAQ,3923.48,3885.11,3973.17,3875.69,677605002.0,6.27,5.8,11.45,3.86,87.0,28005.0,493.0,0.98,140.49,86.5,1490.62,221.0,7121.0,0.37,12.0,45.19,6396.0,770.83,659.2,2020
2020-12-05,NASDAQ,2389.37,2343.52,2413.03,2310.0,3991992.0,9.66,7.42,11.54,4.15,93.0,4179.0,424.0,0.91,98.43,113.38,2170.79,277.72,6698.0,6.03,2.0,62.21,14990.0,956.3,816.5,2020
2020-12-06,NASDAQ,1481.55,1495.36,2643.08,1441.52,993699493.0,5.71,7.76,7.64,4.94,111.0,18518.0,1743.0,1.12,136.73,97.64,1982.87,246.4,2994.0,7.55,24.0,3.41,14990.0,408.86,354.49,2020
2020-12-07,Unknown,2831.72,2786.93,2873.13,2757.31,25100496.0,-4.6,0.42,8.85,9.75,74.0,2826.0,2701.0,1.26,126.26,81.9,1458.31,480.15,2994.0,8.95,47.0,80.76,8637.0,2134.41,1799.63,2020
2020-12-08,S&P 500,3567.28,3599.79,3614.22,3560.24,540004828.0,5.66,6.9,14.51,6.25,69.0,14254.0,2701.0,1.36,121.31,139.54,1335.42,442.88,9105.0,7.6,44.0,12.22,12477.0,350.23,283.05,2020
2020-12-09,NASDAQ,2199.2,2179.36,2241.46,3611.81,370884086.0,4.55,8.6,4.26,7.59,95.0,14102.0,3102.0,1.25,112.92,99.43,1371.28,463.16,8978.0,2.62,6.0,82.64,3561.0,1372.74,1144.99,2020
2020-12-10,S&P 500,3707.76,3666.8,3754.4,3663.38,604964940.0,-1.9,4.98,4.07,7.59,93.0,8918.0,4764.0,1.1,146.14,55.01,2310.05,409.95,2306.0,0.71,22.0,85.51,3561.0,305.24,259.69,2020
2020-12-11,NASDAQ,1904.5,1932.3,1963.74,1880.61,934279544.0,3.18,4.98,7.23,4.27,104.0,21882.0,2237.0,1.49,125.96,134.59,1225.86,154.5,583.0,2.54,46.0,36.11,14059.0,305.24,933.06,2020
2020-12-12,Dow Jones,2787.8599999999997,4575.98,4576.27,4495.47,791402242.0,-1.57,6.02,7.23,6.13,54.0,21404.0,3808.0,1.34,108.81,82.74000000000001,906.25,498.71,9465.0,7.83,16.0,97.05,14770.0,2244.23,1881.19,2020
2020-12-13,NASDAQ,3671.22,3671.68,3102.945,3661.88,986247139.0,-2.35,9.75,2.58,9.18,78.0,21404.0,3687.0,0.87,130.42,30.89,1067.09,318.51,3761.0,7.83,18.0,94.62,4821.0,700.69,562.35,2020
2020-12-14,S&P 500,1614.76,1624.01,1629.62,1573.25,808384605.0,6.21,4.22,2.58,5.34,100.0,6825.0,3792.0,0.99,143.94,71.97,1964.71,386.29,7675.0,6.09,22.0,14.05,4821.0,854.24,712.81,2020
2020-12-15,Dow Jones,1560.1,1556.14,1589.49,2353.74,43125522.0,-0.12,4.22,9.12,5.34,87.0,6825.0,1968.0,1.1099999999999999,136.01,67.74,1701.55,498.18,6398.0,4.91,36.0,39.84,8156.0,854.24,712.81,2020
2020-12-16,NASDAQ,3188.18,3154.01,3213.51,3134.23,422313361.0,-2.64,8.81,12.37,1.54,105.0,23966.0,1084.0,1.23,91.79,63.51,1314.89,373.73,9959.0,0.87,41.0,4.05,1302.0,1789.72,1526.34,2020
2020-12-17,NASDAQ,2951.34,2906.63,2976.58,2874.76,902088147.0,-2.18,1.5,12.12,7.09,105.0,13056.0,1737.0,1.47,95.63,59.28,2142.89,351.52,3460.0,1.04,47.0,33.97,4885.0,2172.04,1868.68,2020
2020-12-18,S&P 500,4979.28,4950.42,5012.69,4918.34,864677896.0,-2.18,2.72,5.19,3.91,111.0,2861.0,4861.0,1.17,99.71,55.05,1005.04,325.02,4121.0,8.84,16.0,89.24,3060.0,1075.08,929.86,2020
2020-12-19,Dow Jones,2666.26,2653.84,2704.03,2632.97,316181922.0,-2.18,6.66,12.04,8.11,111.0,17220.0,152.0,1.19,143.27,59.4,1046.07,297.66,8403.0,0.91,46.0,63.02,236.0,349.07,311.59,2020
2020-12-20,NASDAQ,1989.36,3030.025,1999.51,2992.97,419577830.0,-0.96,0.08,9.92,0.88,71.0,22336.0,2643.0,1.5,148.65,33.12,1291.36,232.06,5355.0,0.91,3.0,31.37,236.0,1510.1,1284.19,2020
2020-12-21,Dow Jones,3387.64,3406.21,3435.7,3352.97,823166670.0,8.48,0.65,11.69,5.72,90.0,13106.0,3976.0,1.2,120.125,137.74,1758.4,247.36,8580.0,6.85,38.0,90.79,11884.0,1716.5,1445.2,2020
2020-12-22,Dow Jones,3672.93,4093.99,3720.18,4090.45,20453370.0,2.72,5.89,7.19,9.83,61.0,24490.0,1420.0,1.1,91.6,81.42,2225.44,245.28,8703.0,6.42,41.0,50.34,10818.0,2182.73,1445.2,2020
2020-12-23,S&P 500,3958.2200000000003,3128.57,4004.6600000000003,3074.99,3380201.0,6.99,2.59,12.98,8.85,50.0,10997.0,3607.0,1.44,97.98,61.53,1450.2,161.9,9944.0,6.1,12.0,99.38,10818.0,1578.45,1326.34,2020
2020-12-24,NASDAQ,4243.51,4273.59,4289.14,4215.49,238420545.0,-1.41,3.58,6.69,5.99,61.0,3898.0,1523.0,1.22,82.13,41.64,1657.63,119.01,4596.0,1.53,23.0,21.6,4749.0,1328.94,1087.51,2020
2020-12-25,NASDAQ,1513.3,1522.56,1565.02,1501.52,365621497.0,-1.01,0.03,5.98,9.95,65.0,21952.0,3872.0,1.0,88.7,21.32,920.74,311.3,6373.0,3.74,24.0,21.69,736.0,1935.16,1597.42,2020
2020-12-26,NASDAQ,3186.71,3185.93,3198.21,3174.39,65348931.0,8.54,0.8,10.88,5.195,106.0,27411.0,3095.0,0.92,114.92,129.5,1641.67,103.19,1458.0,1.58,1.0,9.15,101.0,336.21,287.42,2020
2020-12-27,Unknown,3858.88,3336.585,3903.78,3848.58,487813508.0,1.49,5.34,12.38,6.65,116.0,17390.0,4545.0,1.02,142.24,111.26,1783.54,103.19,2731.0,9.13,32.0,33.26,8870.0,881.43,723.23,2020
2020-12-28,Dow Jones,3454.42,3487.24,3520.2000000000003,3430.36,876540616.0,-2.03,2.33,11.07,6.84,92.0,21478.0,3727.0,1.26,113.04,123.65,1925.41,103.19,8187.0,4.63,2.0,34.42,4332.0,1884.99,1612.68,2020
2020-12-29,S&P 500,3760.19,3750.21,3764.18,3716.07,104752635.0,6.55,2.62,3.63,6.84,103.0,5274.0,2910.0,1.46,103.91666666666667,28.79,1607.81,259.97,9299.0,2.76,33.0,55.62,9440.0,1884.99,1764.39,2020
2020-12-30,NASDAQ,2084.39,2080.46,2110.25,2032.57,722973054.0,2.37,3.81,3.63,4.05,74.0,23347.0,3128.0,0.98,94.79333333333334,78.52000000000001,1310.12,197.04,5984.0,8.24,25.0,96.58,12476.0,1603.93,1356.39,2020
2020-12-31,Dow Jones,2788.22,2818.02,2833.85,2774.96,230689263.0,-4.2,9.6,4.95,6.12,104.0,23347.0,187.0,1.18,85.67,128.25,1961.72,174.3,3327.0,6.42,39.0,31.58,11807.0,784.77,676.39,2020
2021-01-01,S&P 500,4704.78,4739.07,4743.26,4658.67,457540906.0,5.43,4.43,11.43,2.57,101.0,28073.0,2301.0,1.42,92.64,98.945,1921.97,365.34,646.0,1.33,12.0,46.91,14063.0,1274.03,1074.64,2021
2021-01-02,NASDAQ,4853.44,4893.77,4921.52,2929.025,509198030.0,7.06,2.86,11.43,4.51,79.0,4052.0,4725.0,0.88,106.92,69.64,2481.17,309.1,9006.0,5.66,25.0,87.32,1536.0,1691.21,1413.44,2021
2021-01-03,Dow Jones,1215.32,1225.26,1254.24,1199.38,569022834.0,4.45,3.31,11.48,1.89,54.0,19177.0,4725.0,0.88,86.29,47.985,1397.69,131.2,9006.0,7.58,41.0,44.23,2826.0,1905.51,1646.58,2021
2021-01-04,S&P 500,1495.38,1449.16,1512.94,1404.43,406159516.0,-1.74,0.19,8.6,7.92,56.0,19037.0,3306.0,1.12,126.35,26.33,2128.98,463.17,4170.0,2.56,7.0,88.94,9596.0,1682.49,1646.58,2021
2021-01-05,Dow Jones,3966.26,3955.74,4008.37,3912.93,521564105.0,-0.3,5.77,8.6,1.78,83.0,28042.0,405.0,1.27,107.895,81.95500000000001,1544.44,443.32,4409.0,1.85,31.0,90.2,4802.0,2072.24,1731.29,2021
2021-01-06,NASDAQ,4915.92,4930.94,4964.82,4883.56,237633386.0,8.98,5.41,4.99,2.66,86.0,22334.0,2759.0,1.47,89.44,137.58,1741.815,490.47,4711.0,2.08,2.0,15.44,2270.0,2072.24,1462.49,2021
2021-01-07,NASDAQ,4666.54,4642.62,4699.69,4612.37,267039958.0,6.18,3.87,12.13,6.55,103.0,18913.0,4021.0,1.41,83.35,94.16,1939.19,490.47,9800.0,1.3,6.0,71.93,241.0,1196.54,988.07,2021
2021-01-08,NASDAQ,2714.81,2700.96,2734.38,2692.72,626208766.0,-3.6,2.35,13.75,9.74,90.0,15766.0,1269.0,1.23,106.92,67.65,2462.46,472.53,9800.0,4.78,37.0,89.02,11189.0,739.36,635.43,2021
2021-01-09,Dow Jones,1155.83,1179.99,2219.885,1121.91,200723355.0,-3.42,2.9,4.75,2.01,90.0,2984.0,1613.0,1.18,96.58,63.88,967.7,263.83,5523.0,2.37,24.0,65.99,2370.0,1074.81,900.95,2021
2021-01-10,NASDAQ,1679.52,1683.33,1705.39,1635.4,577801069.0,-3.82,4.82,6.37,1.02,61.0,13755.0,2501.0,0.87,149.33,60.11,885.9300000000001,267.81,1873.0,2.37,4.0,72.65,4579.0,277.14,251.77,2021
2021-01-11,S&P 500,2003.87,2046.13,2094.78,1965.1,299234285.0,-3.82,6.24,3.13,2.17,67.0,21528.0,846.0,1.24,149.77,106.93,804.16,148.43,5290.0,7.38,17.0,65.85,13524.0,239.57,251.77,2021
2021-01-12,S&P 500,1949.73,1985.52,2016.09,1903.1,964898980.0,6.25,8.37,3.89,7.82,104.0,3839.0,1822.0,1.42,85.12,105.54,1808.76,148.43,7746.0,2.29,13.0,2.82,11772.0,214.32,165.76,2021
2021-01-13,NASDAQ,3051.5,3008.74,3100.13,2999.27,872219987.0,6.69,4.04,6.1,1.17,86.0,8597.0,2389.0,1.4,109.17,145.87,1484.38,302.29,2946.0,2.29,1.0,56.36,13818.0,2009.78,165.76,2021
2021-01-14,Dow Jones,2914.11,2933.04,2375.9750000000004,2905.62,471386157.0,8.2,5.31,3.11,4.73,82.0,26782.0,4016.0,0.95,133.22,116.745,1614.85,384.92,323.0,6.45,8.0,96.71,11222.0,2205.62,1839.9,2021
2021-01-15,Dow Jones,1587.69,1634.42,1651.8200000000002,1540.4,827525017.0,5.45,2.49,6.42,9.98,107.0,19082.0,4313.0,1.08,92.99,87.62,2410.45,391.92,6682.0,9.07,14.0,69.04,12549.0,1076.08,904.24,2021
2021-01-16,Dow Jones,2155.87,2143.98,2158.63,2131.62,121404635.0,4.1,8.05,9.67,7.86,56.0,11766.0,4809.0,0.93,141.97,141.3,1048.47,410.65,6073.0,6.52,1.0,8.24,3025.0,417.52,330.14,2021
2021-01-17,NASDAQ,3510.68,3510.25,3524.71,3495.96,883333386.0,2.76,0.25,6.82,7.86,73.0,3908.0,4809.0,0.99,131.66,32.29,1682.64,323.53,6737.0,6.52,13.0,13.0,3025.0,1308.98,1071.43,2021
2021-01-18,Dow Jones,1039.64,1015.84,1048.77,999.43,490905400.0,4.54,0.68,6.82,1.86,53.0,28279.0,2013.0,1.25,81.66,122.11,1817.35,363.9,1268.0,0.34,29.0,25.03,12379.0,974.09,795.56,2021
2021-01-19,NASDAQ,4955.36,4925.0,4990.85,4901.77,820266741.0,9.84,6.39,11.32,2.56,119.0,6635.0,4281.0,0.95,85.15,109.55,2441.24,167.06,1166.0,4.93,25.0,52.57,497.0,2038.19,1730.41,2021
2021-01-20,NASDAQ,1559.95,1550.42,1578.47,1544.81,580274450.0,8.03,0.73,2.81,5.195,58.0,11636.0,604.0,1.16,88.64,36.33,2414.97,363.79,1139.0,7.82,22.0,12.96,1798.0,1264.22,1045.7,2021
2021-01-21,NASDAQ,3547.61,3584.32,3632.16,3520.34,117653925.0,3.17,2.88,9.35,6.07,61.0,8459.0,1799.0,1.31,117.14,81.39,2243.4,440.06,4864.0,7.82,26.0,50.99,3474.0,1145.64,950.36,2021
2021-01-22,NASDAQ,1934.27,1936.09,2794.96,1899.41,602459830.0,4.05,1.53,2.07,4.18,54.0,8459.0,2660.0,1.33,118.15,127.03,1956.88,114.98,1795.0,1.38,28.0,69.89,8621.0,1374.73,1132.27,2021
2021-01-23,S&P 500,4799.95,1944.75,1957.76,1871.12,763931037.0,1.87,3.91,6.77,9.54,119.0,18316.0,3089.0,1.14,98.95,26.31,1541.26,425.0,4263.0,8.04,42.0,94.03,10646.0,1079.27,930.41,2021
2021-01-24,S&P 500,3455.88,3485.4300000000003,3524.3,3453.11,984177095.0,-0.82,0.07,4.61,5.12,65.0,22436.0,1796.0,1.29,128.95,101.0,2332.48,124.77,2097.0,3.77,24.0,16.93,3427.0,2180.47,1846.38,2021
2021-01-25,Dow Jones,4995.57,4965.92,5023.56,4945.36,116117648.0,5.61,5.99,4.62,5.37,56.0,17891.0,640.0,1.07,116.54,71.28,1488.77,181.19,4741.0,5.94,2.0,74.0,5077.0,817.69,706.19,2021
2021-01-26,S&P 500,4210.34,4238.69,4278.1,4188.7,67206738.0,-1.06,3.54,11.51,6.37,54.0,6503.0,600.0,0.91,100.44,41.56,2294.81,225.99,1334.0,2.7,19.0,30.62,9931.0,296.6,282.57,2021
2021-01-27,Unknown,2804.96,2778.62,2834.22,2764.93,657295964.0,-3.75,5.16,6.93,1.54,53.0,4083.0,1671.0,1.31,95.42,89.68,872.41,225.99,785.0,7.72,2.0,62.56,10686.0,299.02,229.7,2021
2021-01-28,NASDAQ,2041.15,2024.37,2084.82,1993.99,857325709.0,2.76,9.86,2.04,1.54,78.0,5582.0,4961.0,0.99,102.46,126.06,1788.29,195.5,8105.0,6.61,29.0,73.78,11925.0,2024.82,1725.97,2021
2021-01-29,NASDAQ,3313.97,3301.96,3357.71,3255.2,330664719.0,-1.6,2.82,9.73,4.57,58.0,4604.0,170.0,1.42,135.52,58.61,2383.16,149.15,9465.0,7.68,3.0,85.92,10817.0,370.45,346.66,2021
2021-01-30,NASDAQ,4576.38,4547.46,4622.23,4498.11,670822510.0,9.49,9.72,9.73,5.41,116.0,22267.0,477.0,0.83,99.96,136.33,1791.98,206.82,9583.0,6.69,9.0,30.12,10537.0,769.1,346.66,2021
2021-01-31,NASDAQ,3364.52,3359.33,3383.2,3327.58,213965847.0,-3.54,4.03,7.52,1.2,97.0,24611.0,1802.0,1.45,93.36,52.67,1055.62,120.52,455.0,0.23,43.0,18.87,9113.0,431.69,393.36,2021
2021-02-01,S&P 500,2149.64,2102.98,2165.92,2091.99,868834302.0,-2.06,9.97,12.95,2.75,78.0,12444.0,1896.0,1.2,136.88,106.93,1371.49,308.13,347.0,5.53,12.0,83.65,976.0,1350.74,1139.93,2021
2021-02-02,NASDAQ,2900.4,2042.58,2968.21,2890.19,866551873.0,5.79,6.31,5.93,8.28,98.0,5214.0,3582.0,0.81,90.83,78.82,1671.14,353.89,4695.0,2.62,30.0,64.92,512.0,1585.47,1355.4,2021
2021-02-03,S&P 500,1998.18,1982.18,2044.31,1966.44,385306746.0,5.79,2.2,8.2,4.56,99.0,22293.0,3440.0,1.43,113.71,84.88999999999999,2210.08,405.49,1596.0,2.21,24.0,86.37,10688.0,1558.61,1314.06,2021
2021-02-04,S&P 500,4415.14,4366.83,4443.46,4333.5,334803748.0,3.73,7.24,3.97,5.38,105.0,3488.0,1037.0,0.93,127.16,90.96,1924.9850000000001,154.16,1174.0,1.51,23.0,17.29,4162.0,1593.4,1369.2,2021
2021-02-05,Dow Jones,1888.3,1911.49,1915.11,1848.8,388910296.0,0.89,8.85,13.42,6.19,66.0,23388.0,3758.0,1.32,120.09,33.66,1639.89,115.41,7552.0,0.58,45.0,11.68,3093.0,1844.9,1565.03,2021
2021-02-06,NASDAQ,1890.7,1853.58,1890.86,1836.66,239223334.0,3.19,9.18,7.85,6.19,89.0,16618.0,2277.0,1.15,116.34,119.5,1124.3,292.58,844.0,6.68,5.0,50.34,5667.0,2061.47,1565.03,2021
2021-02-07,S&P 500,2262.51,2287.26,2327.8,2261.4500000000003,339585355.0,4.7,7.7,7.85,2.55,60.0,7479.0,3504.0,0.99,102.8,85.07,2494.57,404.62,8524.0,7.23,48.0,74.11,3107.0,1834.62,1557.96,2021
2021-02-08,S&P 500,4811.26,4839.530000000001,4886.22,1930.89,80072697.0,4.7,6.08,5.97,6.13,107.0,20945.0,2186.0,1.33,144.91,30.22,1669.285,280.39,5367.0,8.79,11.0,50.34,3107.0,493.69,400.81,2021
2021-02-09,Dow Jones,1663.0,1627.61,1674.53,1600.33,831246356.0,-2.41,6.1,4.12,9.64,89.0,23541.0,1899.0,0.87,118.03,82.13,844.0,192.23,6087.0,6.32,24.0,34.9,13889.0,253.69,214.48,2021
2021-02-10,S&P 500,2672.58,2124.7599999999998,2710.04,2639.32,226599798.0,-1.22,7.73,10.54,4.03,67.0,22648.0,4487.0,1.29,139.23,112.53,1200.495,278.07,2456.0,7.26,24.0,69.69,425.0,1888.37,1561.86,2021
2021-02-11,NASDAQ,2590.45,2621.91,2669.57,2550.03,334594984.0,-1.56,6.01,10.54,9.77,58.0,26374.0,2072.0,0.86,110.66,148.9,1556.99,181.54,8428.0,1.91,27.0,99.9,13527.0,1050.34,1561.86,2021
2021-02-12,NASDAQ,2418.91,2440.95,2484.62,2417.08,143062233.0,5.97,0.14,11.42,0.96,103.0,21673.0,4448.0,1.29,139.86,39.76,1884.14,101.28,3276.0,5.58,2.0,16.06,12072.0,1381.9,1145.68,2021
2021-02-13,NASDAQ,2865.24,2835.99,2907.56,2821.4,342021362.0,-0.72,2.17,11.42,3.56,109.0,27968.0,253.0,1.1,122.6,56.209999999999994,2105.58,148.52,1743.0,1.68,24.0,56.62,12888.0,2196.43,1145.68,2021
2021-02-14,NASDAQ,3638.02,3652.94,3702.92,3612.05,659848992.0,9.9,0.23,14.46,4.19,66.0,8559.0,4716.0,0.86,87.7,72.66,944.39,211.06,3667.0,3.58,12.0,16.7,14564.0,1698.51,1414.15,2021
2021-02-15,NASDAQ,3932.0,3898.47,3953.07,3879.66,645146424.0,-1.47,0.46,5.1,1.52,80.0,10873.0,187.0,1.41,103.43,45.33,1608.52,211.06,3665.0,6.2,44.0,30.31,12337.0,495.13,415.2,2021
2021-02-16,S&P 500,1307.92,1306.95,1319.34,1285.1,92541351.0,2.76,5.98,9.33,5.195,102.0,22570.0,4717.0,1.48,114.83,72.38,2272.65,211.06,6426.0,5.29,34.0,8.55,11448.0,918.08,764.37,2021
2021-02-17,S&P 500,3538.33,3514.57,3547.88,3473.26,487813508.0,7.82,8.11,2.61,3.02,102.0,11814.0,4717.0,1.06,89.5,99.43,1075.76,342.41,4884.0,8.57,24.0,40.62,7782.0,918.08,1343.79,2021
2021-02-18,NASDAQ,1024.19,1031.89,1057.61,1011.45,237951227.0,5.76,1.99,8.29,3.01,102.0,27386.0,3391.0,1.17,118.92,68.57,2092.72,481.5,9023.0,8.57,3.0,40.56,13416.0,179.37,127.85,2021
2021-02-19,Dow Jones,1291.61,1269.52,1335.7,1247.92,185409396.0,-2.64,5.43,4.21,7.38,59.0,24563.0,333.0,0.98,127.51,123.13,2148.25,113.45,6459.0,7.91,23.0,55.85,12045.0,1533.99,1306.97,2021
2021-02-20,Dow Jones,1840.8449999999998,1058.04,1071.23,1001.09,128278582.0,0.53,8.96,14.67,4.85,53.0,28854.0,4427.0,1.24,130.46,99.76,1529.08,102.18,4979.0,7.59,48.0,50.34,8027.0,1437.16,1306.97,2021
2021-02-21,NASDAQ,2390.08,2382.71,2421.34,2366.53,398078649.0,9.64,5.48,12.28,6.35,79.0,15971.0,4427.0,1.22,121.47,79.14,909.91,394.62,871.0,7.59,43.0,5.04,8562.0,2002.55,1676.88,2021
2021-02-22,Dow Jones,3516.25,2449.84,2490.64,2446.14,801296174.0,5.23,6.55,7.64,1.83,74.0,18202.0,3984.0,1.45,136.21,37.18,1556.37,402.35,7509.0,3.37,24.0,36.1,10237.0,1813.44,1541.92,2021
2021-02-23,S&P 500,4642.42,4622.04,4683.28,4582.35,133875295.0,1.13,2.74,2.95,4.3,69.0,1754.0,3127.0,1.45,127.58,144.01,1397.15,159.24,278.0,0.26,21.0,73.26,10237.0,561.85,472.3,2021
2021-02-24,NASDAQ,3399.7,4512.04,4571.08,4489.64,487813508.0,2.07,2.74,5.81,7.06,98.0,9343.0,3733.0,1.45,81.5,23.66,2411.79,253.8,9862.0,7.68,34.0,34.77,11335.0,1650.93,1373.16,2021
2021-02-25,Dow Jones,2156.98,2151.45,2163.5,2109.88,487813508.0,-3.36,7.08,11.43,9.62,101.0,5027.0,3151.0,1.26,130.2,49.56,1522.48,322.53,9862.0,3.29,11.0,99.67,5613.0,1966.66,1650.59,2021
2021-02-26,Unknown,1737.84,1777.93,1808.25,1714.02,10925557.0,2.19,0.79,6.63,8.53,95.0,22173.0,2275.0,0.84,134.785,44.035,2220.89,303.47,6200.0,5.56,24.0,19.35,6564.0,453.79,353.96,2021
2021-02-27,Unknown,3864.2,3837.41,3907.18,3829.03,730151888.0,-0.96,7.59,10.58,6.23,94.0,2338.0,915.0,0.91,139.37,38.51,1700.49,373.65,4089.0,2.36,29.0,87.32,3257.0,2093.31,1769.08,2021
2021-02-28,S&P 500,4419.9,4446.12,4482.2,4409.2,522554817.0,9.03,9.17,2.12,0.87,66.0,13124.0,3455.0,1.05,110.67,89.565,1130.09,275.69,186.0,5.27,42.0,99.99,1922.0,2182.93,1855.23,2021
2021-03-01,NASDAQ,1000.91,964.88,3718.335,917.17,487813508.0,2.02,6.33,5.73,2.29,54.0,6529.0,1843.0,1.22,111.42,140.62,1040.56,118.22,4870.0,5.87,22.0,95.98,7692.0,1330.17,1116.91,2021
2021-03-02,Dow Jones,2944.52,2928.32,2954.47,2917.55,778484798.0,3.92,3.82,3.26,6.9,115.0,5986.0,3438.0,1.02,144.71,111.39,2140.45,208.21,7347.0,6.68,5.0,91.05,6932.0,1016.38,842.27,2021
2021-03-03,Dow Jones,2716.6666666666665,4560.22,4613.51,4513.83,66241413.0,2.57,6.48,11.52,3.0,99.0,2839.0,3304.0,1.1,109.05,100.2,1873.8,435.45,1284.0,7.7,35.0,58.56,11042.0,506.73,440.86,2021
2021-03-04,Unknown,2488.8133333333335,2764.24,2802.07,2744.87,512849042.0,-1.36,2.19,4.05,2.0,54.0,10074.0,3596.0,0.83,111.155,102.51,1365.43,435.45,8690.0,4.88,24.0,71.89,14113.0,1883.08,440.86,2021
2021-03-05,Unknown,2260.96,2288.08,2306.88,2251.6,866433478.0,6.59,6.03,10.13,2.07,105.0,10074.0,3216.0,1.49,113.26,79.14,957.4,112.39,5034.0,6.57,28.0,56.34,9565.0,1663.84,440.86,2021
2021-03-06,NASDAQ,3728.77,3756.78,3776.17,3723.19,237171903.0,-0.22,6.86,12.04,9.94,53.0,7338.0,4440.0,0.93,106.2,55.77,1647.7,269.64,5107.0,5.3,45.0,28.87,3475.0,762.57,625.03,2021
2021-03-07,Dow Jones,1160.24,2427.06,1169.91,1119.71,800865853.0,0.02,3.33,7.79,6.72,91.0,17430.0,3223.0,1.35,107.69,126.42,1534.31,269.64,4386.0,4.19,9.0,22.66,10833.0,1703.1,1429.58,2021
2021-03-08,Dow Jones,1130.64,1097.34,1180.22,1068.76,596318935.0,0.87,5.44,12.63,3.72,112.0,12671.0,3261.0,1.38,137.85,122.75,1420.92,480.15,7222.0,3.95,14.0,36.47,10662.0,407.46,371.11,2021
2021-03-09,S&P 500,3720.45,3716.23,3727.36,3701.78,487813508.0,-4.17,5.44,11.3,0.91,105.0,7826.0,673.0,0.91,102.24,147.32,1852.14,176.69,9461.0,4.06,3.0,98.17,10369.0,2283.42,1941.63,2021
2021-03-10,NASDAQ,2990.16,3026.86,3031.5999999999995,2950.0,598413816.0,0.93,8.15,13.31,8.86,75.0,790.0,255.0,1.34,123.63,142.52,1575.02,331.4,9039.0,4.06,21.0,99.01,9597.0,835.98,697.99,2021
2021-03-11,Dow Jones,7102.155,4153.97,4213.0,4149.97,365454685.0,-0.14,2.89,3.99,1.7,99.0,3408.0,151.0,1.43,148.54,67.89,1434.97,429.17,6242.0,2.3,26.0,18.27,9613.0,2226.75,1870.84,2021
2021-03-12,Dow Jones,11214.15,4450.599999999999,4532.26,4410.455,487813508.0,0.04,1.73,5.06,5.0,109.0,3988.0,2220.0,1.01,124.97,135.38,2496.39,206.54,3625.0,8.27,35.0,37.51,4971.0,2260.78,1925.01,2021
2021-03-13,Dow Jones,4730.22,4716.88,4774.72,4670.94,871699083.0,3.11,6.5,2.05,9.37,107.0,28675.0,3205.0,1.01,101.4,94.13,1448.32,417.79,8136.0,4.74,27.0,76.72,2156.0,523.15,437.42,2021
2021-03-14,S&P 500,1749.65,4240.015,1794.91,4197.09,779928276.0,8.64,7.72,6.78,7.37,52.0,20993.0,800.0,0.915,119.52,118.625,2339.23,464.43,4531.0,0.41,6.0,68.46,9685.0,109.22,125.44,2021
2021-03-15,NASDAQ,3769.97,3763.15,3789.81,3723.24,963052845.0,6.16,4.3,7.65,8.55,59.0,18614.0,2793.0,0.82,90.39,143.12,1448.27,476.5,345.0,4.55,44.0,13.51,11544.0,336.74,295.67,2021
2021-03-16,NASDAQ,1907.09,1905.1,1907.2,1889.19,627744851.0,1.93,9.2,2.95,0.71,90.0,18614.0,4902.0,1.04,96.82,77.0,803.75,407.23,109.0,3.79,24.0,36.67,4927.0,652.85,558.58,2021
2021-03-17,S&P 500,4397.79,4378.77,4435.65,3272.8450000000003,154220453.0,1.26,7.57,14.05,0.68,95.0,28614.0,1443.0,1.26,82.91,91.26,1808.29,472.18,4786.0,4.96,29.0,0.35,9425.0,771.24,665.27,2021
2021-03-18,S&P 500,4721.59,4701.91,4749.5,4656.5,125725420.0,4.87,3.16,5.82,4.86,88.0,11392.0,3678.0,1.48,126.56,30.37,2066.33,150.63,4397.0,9.08,24.0,25.67,11276.0,2120.83,1818.22,2021
2021-03-19,NASDAQ,1890.7,1853.58,1890.86,1836.66,239223334.0,3.19,9.18,7.85,4.86,89.0,16618.0,2277.0,1.15,116.34,119.5,1124.3,292.58,844.0,6.68,5.0,50.34,5667.0,1475.15,1223.24,2021
2021-03-20,Dow Jones,2376.37,2352.04,2424.12,2313.89,487813508.0,2.19,9.48,11.71,9.03,93.0,28789.0,2277.0,0.94,139.06,132.81,1065.11,457.91,955.0,3.3,42.0,2.72,1326.0,817.88,670.91,2021
2021-03-21,S&P 500,1912.94,1872.7,1923.68,1835.44,624125424.0,6.2,7.86,10.53,8.46,77.0,4936.0,3449.0,1.49,87.0,146.12,1692.55,425.07,3670.0,3.89,20.0,57.41,9651.0,2206.63,1861.26,2021
2021-03-22,Dow Jones,3210.0,3166.61,3230.14,3149.8,942751050.0,5.34,4.22,9.51,6.91,52.0,21431.0,2135.0,1.24,141.05,36.97,1064.6,377.81,6146.0,5.36,24.0,63.85,7898.0,1527.14,1295.39,2021
2021-03-23,NASDAQ,3856.13,3834.03,3460.2,3805.08,104815798.0,-2.41,9.04,3.16,8.78,71.0,20849.0,694.0,1.03,138.55,148.53,947.8899999999999,264.78,5974.0,7.15,35.0,7.05,5208.0,1371.15,1163.42,2021
2021-03-24,NASDAQ,3647.11,3599.05,3690.26,3582.34,649039642.0,6.68,3.84,7.89,8.78,81.0,27807.0,3383.0,0.92,122.06,146.52,831.18,132.75,3255.0,0.4,24.0,76.29,7937.0,1637.81,1388.86,2021
2021-03-25,Dow Jones,1537.1,1574.57,1582.79,1515.51,484907672.0,-3.9,5.89,7.95,0.79,101.0,18984.0,3357.0,1.185,108.87,103.09,990.54,284.43,3255.0,7.18,43.0,56.18,117.0,638.6,532.74,2021
2021-03-26,NASDAQ,3294.25,3267.09,3324.98,3237.43,274066900.0,-2.43,5.89,8.7,7.11,90.0,21313.0,382.0,1.45,98.58,46.93,1509.0,256.18,4867.0,7.18,27.0,48.44,12795.0,2279.05,1924.29,2021
2021-03-27,S&P 500,3770.13,3803.56,3826.18,3735.84,876685750.0,1.47,5.89,4.73,4.91,109.0,5056.0,181.0,1.26,101.95,48.34,2303.34,132.7,5455.0,1.77,40.0,69.94,13961.0,2225.92,1881.61,2021
2021-03-28,S&P 500,2355.29,2346.39,2369.04,2324.05,552197220.0,2.67,8.67,5.25,1.91,112.0,19931.0,951.0,1.04,146.89,73.61,874.58,407.33,2353.0,4.06,24.0,52.65,6617.0,2170.0,1818.37,2021
2021-03-29,Dow Jones,8814.6,3569.9,3594.28,3500.75,318071955.0,2.67,3.37,8.34,2.53,87.0,20620.0,1931.0,1.205,131.09,56.685,2471.57,110.58,9480.0,4.84,0.0,50.2,10375.0,2263.36,1889.89,2021
2021-03-30,NASDAQ,3702.35,3665.17,3730.24,3652.73,456410225.0,0.01,6.74,2.32,6.38,112.0,1377.0,1970.0,1.37,122.01,39.76,1193.6,283.57,1682.0,6.37,29.0,73.49,12851.0,1204.75,975.91,2021
2021-03-31,NASDAQ,2189.16,2179.51,2235.28,2131.89,588423680.0,4.27,6.96,6.62,2.69,108.0,1179.0,1224.0,0.98,96.01,52.59,1023.45,297.12,3545.0,1.77,11.0,32.28,248.0,609.48,529.92,2021
2021-04-01,Dow Jones,4396.39,4427.62,4456.08,4368.39,297063703.0,4.64,5.37,4.47,0.75,107.0,19768.0,591.0,1.04,109.95,26.87,1110.92,265.58,7705.0,7.14,24.0,24.46,11982.0,2186.41,1843.23,2021
2021-04-02,Dow Jones,2124.02,2146.55,2191.55,2099.25,525894776.0,-0.79,9.99,11.64,5.09,105.0,13749.0,602.0,1.38,101.13,23.61,1745.81,287.64,9599.0,3.2,36.0,57.81,7492.0,2036.91,1690.07,2021
2021-04-03,Dow Jones,4678.12,4687.66,4689.75,4673.12,619709839.0,-2.63,6.23,7.46,6.98,78.0,2842.0,2278.0,1.36,100.16,31.29,1370.99,362.9,4044.0,7.69,24.0,90.97,2176.0,1540.94,1285.59,2021
2021-04-04,Dow Jones,4984.63,4962.42,4985.04,4944.41,219803638.0,6.95,0.33,8.85,8.49,100.0,21486.0,1793.0,1.26,148.09,139.36,996.17,283.34,9277.0,4.12,19.0,2.41,2571.0,1285.11,1054.65,2021
2021-04-05,Unknown,1840.43,1830.79,1842.9,1791.74,782052119.0,-3.85,6.87,9.98,1.07,89.0,19620.0,4586.0,0.86,95.24,147.13,1110.2533333333333,405.39,9277.0,4.81,28.0,97.25,10884.0,419.39,354.15,2021
2021-04-06,S&P 500,2672.58,2657.54,2710.04,2639.32,226599798.0,-1.22,7.73,10.54,4.03,67.0,22648.0,4487.0,1.29,139.23,112.53,1224.3366666666666,278.07,2456.0,7.26,24.0,69.69,425.0,1666.12,1409.22,2021
2021-04-07,NASDAQ,3525.68,3484.29,3541.06,3435.79,544512316.0,4.5,7.27,9.11,1.95,85.0,3862.0,752.0,1.5,122.32,133.7,1338.42,246.11,4247.0,7.18,43.0,50.34,494.0,1279.44,1082.14,2021
2021-04-08,Dow Jones,1344.13,2967.375,1345.55,1325.03,669838142.0,-3.28,6.19,2.44,8.21,87.0,24148.0,2477.0,1.3,138.69,112.225,2274.37,460.67,4316.0,6.8,24.0,90.03,9452.0,1649.75,1401.4,2021
2021-04-09,Dow Jones,2488.33,2450.46,2513.09,2413.64,304022190.0,-0.03,9.19,10.59,3.92,75.0,24921.0,4825.0,1.1,106.25,90.75,2472.21,272.17,6316.0,9.73,3.0,50.62,696.0,928.65,759.16,2021
2021-04-10,NASDAQ,4673.59,4716.95,4748.2,4667.98,433958286.0,4.61,3.77,5.07,5.9,67.0,23285.0,1908.0,1.0,106.9,111.77,2402.34,404.47,9500.0,0.05,13.0,72.93,14144.0,1889.7,1608.52,2021
2021-04-11,Dow Jones,1375.43,1364.04,1421.5,1336.35,39372961.0,7.0,2.36,8.62,5.91,101.0,28887.0,4987.0,1.16,133.6,101.83666666666666,1811.67,360.46,5043.0,7.47,10.0,14.24,13709.0,590.26,509.91,2021
2021-04-12,S&P 500,1466.33,1449.16,1475.35,1431.1999999999998,218462476.0,6.58,2.31,3.01,3.16,95.0,27226.0,1946.0,1.2349999999999999,117.08,91.90333333333334,1727.18,192.97,4731.0,3.96,30.0,70.91,9265.0,1035.76,897.76,2021
2021-04-13,S&P 500,2856.38,2865.75,2866.35,2809.98,864195807.0,2.76,5.95,10.43,7.38,115.0,17527.0,3020.0,1.31,85.7,81.97,2134.8,272.19,1411.0,4.5,24.0,13.33,9265.0,1828.53,1563.53,2021
2021-04-14,Dow Jones,1193.45,1183.08,1221.73,1180.86,798802929.0,9.07,9.45,4.42,7.14,104.0,11357.0,3788.0,1.32,91.05,50.03,2202.19,433.26,9251.0,5.27,14.0,15.93,9265.0,1358.11,1125.34,2021
2021-04-15,Dow Jones,2013.09,1998.09,2028.58,1951.89,474446743.0,9.59,9.82,9.96,3.31,109.0,19261.0,4826.0,0.88,134.35,124.32,2489.07,220.16,2772.0,4.13,19.0,47.57,13992.0,1908.03,1608.49,2021
2021-04-16,S&P 500,1039.92,1082.76,1108.85,1036.04,487813508.0,3.4,7.48,9.96,3.47,55.0,6545.0,1816.0,0.96,106.98,146.01,1586.74,330.91,1129.0,7.56,24.0,6.87,5265.0,903.28,1608.49,2021
2021-04-17,S&P 500,1808.06,1844.57,1859.83,1797.59,631074167.0,5.85,0.94,13.83,8.58,64.0,14940.0,1816.0,1.04,84.56,142.65,1698.57,274.24,8219.0,5.17,24.0,32.41,9358.0,903.28,241.97,2021
2021-04-18,S&P 500,3806.95,3757.88,3832.58,3755.55,456544406.0,2.07,8.11,5.97,8.46,92.0,26157.0,1711.0,0.84,140.24,49.82,2374.88,207.28,4402.0,0.63,28.0,50.34,3525.0,398.84,241.97,2021
2021-04-19,S&P 500,2447.68,2423.44,2449.32,2416.2000000000003,894455497.0,-1.02,8.11,10.2,8.91,103.0,9869.0,557.0,0.97,111.06,144.22,2483.62,277.28,7500.0,7.87,43.0,80.73,2130.0,1850.69,1579.86,2021
2021-04-20,Dow Jones,1481.79,1518.07,1557.44,1473.3,576519938.0,-2.72,9.59,4.31,8.91,107.0,26367.0,2274.0,1.1,112.63,31.21,2024.47,184.8,4880.0,0.24,26.0,77.69,14637.0,773.09,665.26,2021
2021-04-21,S&P 500,1457.95,1504.61,1543.9,1449.72,487813508.0,9.22,9.71,9.3,1.03,67.0,23541.0,3143.0,1.03,106.19,148.25,2497.75,391.8,980.0,4.39,38.0,21.54,14427.0,773.09,480.81,2021
2021-04-22,NASDAQ,2477.12,2495.15,2507.44,2449.66,791941160.0,8.54,3.28,9.3,3.63,73.0,27548.0,4826.0,0.91,136.94,50.32,2487.1233333333334,154.29,3329.0,4.39,9.0,19.85,3605.0,1690.82,1434.29,2021
2021-04-23,NASDAQ,2185.43,2141.14,2224.67,2113.2,113169924.0,2.96,7.94,13.1,1.42,63.0,17150.0,1241.0,0.84,124.38,43.44,2476.4966666666664,170.95,4154.0,5.63,24.0,99.39,13920.0,122.99,122.72,2021
2021-04-24,S&P 500,3829.59,3857.06,3871.93,3816.99,281268909.0,2.96,0.44,11.67,0.72,94.0,8188.0,2110.0,1.15,125.09,148.65,2465.87,147.26,2468.0,7.53,42.0,98.11,13578.0,654.25,523.43,2021
2021-04-25,Dow Jones,3057.85,3080.84,3108.52,3030.97,281074173.0,7.51,3.66,11.11,5.65,100.0,8188.0,832.0,1.22,114.75,136.66,2228.34,147.26,9074.0,7.53,34.0,52.82,7096.0,654.25,523.43,2021
2021-04-26,S&P 500,1589.21,1615.42,1616.4,1554.5,125720628.0,-2.68,7.77,2.8,8.1,100.0,5681.0,4327.0,0.95,129.31,109.245,2373.11,169.36,217.0,7.53,24.0,36.83,999.0,886.08,727.65,2021
2021-04-27,Dow Jones,3244.89,3254.06,3268.6499999999996,3210.11,112336516.0,9.75,7.59,2.13,4.51,67.0,3321.0,3139.0,1.33,116.85,81.83,968.31,265.33,2994.0,7.43,24.0,62.46,10659.0,2163.15,1832.87,2021
2021-04-28,Dow Jones,4856.31,4890.68,4920.9,4852.74,820828094.0,4.07,0.18,5.6,9.73,88.0,20295.0,2045.0,1.01,111.64,124.26,1542.44,382.15,8842.0,1.96,24.0,74.31,7950.0,2149.09,1830.6,2021
2021-04-29,NASDAQ,3211.575,1334.19,1350.17,1284.62,604510329.0,8.3,0.18,6.23,6.86,56.0,18147.0,144.0,1.44,149.8,112.56,1321.83,366.41,9007.0,0.02,40.0,42.6,12059.0,1432.76,1207.93,2021
2021-04-30,Dow Jones,3501.32,3494.6,3534.11,3470.4,246584756.0,4.63,9.81,13.59,1.02,56.0,4674.0,2109.0,1.39,134.31,120.25,2063.5,358.21,7037.0,7.48,30.0,32.21,9909.0,1623.17,1354.31,2021
2021-05-01,Dow Jones,2617.16,2631.75,2641.15,2584.49,109384478.0,3.87,5.51,6.51,2.01,50.0,28548.0,2151.0,0.83,113.44,99.38,2054.08,154.84,2412.0,9.41,24.0,8.44,3102.0,725.95,631.46,2021
2021-05-02,NASDAQ,3735.48,1982.625,3749.71,1944.19,762625801.0,1.08,0.02,13.24,3.62,82.0,23844.0,4919.0,1.36,111.74,36.0,2019.27,155.3,7159.0,2.53,38.0,76.62,14565.0,1687.79,1445.19,2021
2021-05-03,NASDAQ,1324.92,1333.5,1377.39,1303.89,497192406.0,0.21,0.1,8.15,3.12,82.0,24109.0,2183.0,1.22,82.98,89.66,1148.85,167.16,9122.0,0.96,24.0,9.65,3051.0,868.42,712.42,2021
2021-05-04,NASDAQ,1664.92,1615.15,1707.87,1591.47,873623164.0,-4.34,3.94,8.01,2.52,117.0,18614.0,375.0,0.91,86.4,68.25,1186.44,319.93,8320.0,4.24,11.0,5.21,4593.0,868.42,712.42,2021
2021-05-05,Dow Jones,5577.95,2250.92,2296.12,2201.52,139447639.0,1.59,6.27,8.54,9.95,96.0,1347.0,3657.0,0.92,125.85,130.78,1232.09,347.08,511.0,4.47,42.0,51.0,13890.0,1843.47,1549.71,2021
2021-05-06,NASDAQ,4482.75,4435.86,4523.54,2703.15,495853024.0,0.87,7.02,8.44,1.5,65.0,15703.0,1402.0,1.04,111.69,78.84,1225.09,317.15,511.0,5.6,20.0,55.33,13890.0,1199.33,1037.79,2021
2021-05-07,NASDAQ,4574.645,3247.84,3301.35,3204.78,863411105.0,9.56,2.72,14.18,3.02,116.0,22739.0,2292.0,0.92,134.49,123.67,2127.68,341.46,8085.0,2.81,18.0,47.84,10171.0,1035.59,1037.79,2021
2021-05-08,NASDAQ,4666.54,4642.62,4699.69,4612.37,267039958.0,6.18,3.87,12.13,6.55,103.0,18913.0,4021.0,1.41,83.35,94.16,1939.19,341.46,9800.0,1.3,6.0,71.93,241.0,1035.59,1933.66,2021
2021-05-09,NASDAQ,2477.12,2495.15,2507.44,2449.66,791941160.0,8.54,3.28,12.13,3.63,73.0,27548.0,4826.0,0.91,136.94,50.32,1505.13,154.29,3329.0,1.3,9.0,19.85,3605.0,695.19,597.3,2021
2021-05-10,Dow Jones,1277.58,1268.38,1312.8,1263.82,649683078.0,3.12,9.85,6.72,6.22,77.0,7106.0,1651.0,0.8,129.57,51.4,1071.07,122.54,8318.0,0.65,4.0,80.09,10110.0,1908.98,1615.73,2021
2021-05-11,Dow Jones,3177.99,3226.79,3260.17,3169.86,214748510.0,-3.63,7.55,7.08,5.75,61.0,3542.0,1289.0,1.46,124.23,112.15,957.56,362.96,6967.0,0.65,33.0,5.97,10110.0,870.19,733.75,2021
2021-05-12,S&P 500,4787.02,4830.46,4844.35,4743.48,849354748.0,-2.92,0.71,5.05,4.12,82.0,10542.0,4205.0,0.82,114.56,122.86,1143.07,423.54,7629.0,5.91,24.0,72.71,14564.0,2191.2,1847.33,2021
2021-05-13,S&P 500,2637.65,2679.33,2714.24,2622.76,708879217.0,1.41,3.85,13.47,3.1,82.0,28912.0,2825.0,1.31,98.46,69.41,940.13,463.79,5358.0,6.46,24.0,27.95,13374.0,1189.34,1022.98,2021
2021-05-14,NASDAQ,3491.01,3483.72,3502.38,3457.03,487813508.0,7.85,9.06,14.77,8.4,89.0,3043.0,1021.0,0.84,120.92,148.89,2146.11,212.21,7425.0,7.59,10.0,43.01,7407.0,531.65,438.7,2021
2021-05-15,Unknown,2713.83,2702.19,2749.78,3808.7700000000004,487813508.0,7.79,2.51,6.77,6.62,109.0,18772.0,1021.0,1.42,90.11,75.93,1717.71,478.0,7187.0,2.84,24.0,60.71,879.0,990.27,846.11,2021
2021-05-16,Dow Jones,4193.17,4233.33,4280.0,4160.51,6668795.0,-1.49,2.29,7.24,1.49,97.0,2268.0,4235.0,1.08,145.04,55.49,2345.27,442.43,4339.0,1.21,39.0,81.42,7544.0,990.27,784.73,2021
2021-05-17,Dow Jones,1421.57,1470.23,1478.84,1383.91,194994042.0,2.48,0.18,3.7,9.5,109.0,21283.0,4061.0,0.95,116.14,121.2,2021.37,387.16,9767.0,2.03,34.0,78.77,14309.0,1478.69,1228.09,2021
2021-05-18,Dow Jones,2519.01,2494.33,2522.45,2456.16,727941463.0,2.48,9.12,12.97,7.19,109.0,8604.0,4061.0,1.34,91.26,130.59,1591.97,449.37,8414.0,2.95,13.0,81.03,11401.0,1157.79,992.26,2021
2021-05-19,S&P 500,2588.06,2591.61,2601.67,2270.67,589016916.0,8.92,9.12,12.48,4.83,81.0,25423.0,919.0,1.13,87.15,81.59,1412.02,391.22,2930.0,8.37,43.0,96.96,5885.0,2070.25,1740.54,2021
2021-05-20,S&P 500,2087.8,2124.76,2153.18,2085.18,82664194.0,1.42,6.08,3.24,1.09,88.0,15880.0,2525.0,1.39,140.0,60.23,2338.39,441.06,2930.0,0.82,45.0,96.8,8613.0,669.35,590.2,2021
2021-05-21,Dow Jones,3756.35,3759.08,3782.09,3735.98,646880108.0,2.94,4.6,5.01,6.63,100.0,4119.0,1729.0,0.91,145.28,107.71,1222.81,300.53,1197.0,2.81,17.0,52.37,5478.0,258.04,220.68,2021
2021-05-22,Dow Jones,2546.83,2560.16,2605.38,2534.47,133317847.0,7.77,4.6,9.97,0.77,92.0,24467.0,1886.0,1.5,97.2,77.19,2236.99,413.14,877.0,8.61,7.0,36.46,1305.0,1778.74,1531.02,2021
2021-05-23,S&P 500,4521.26,4495.43,4566.33,4491.37,420099334.0,-3.85,1.08,7.8,4.0,102.0,12353.0,4544.0,1.35,124.66,126.94,2255.6,413.14,639.0,5.92,30.0,8.25,7515.0,2005.48,1702.98,2021
2021-05-24,NASDAQ,4487.725,3682.78,3715.13,3632.47,813646468.0,6.19,9.33,3.59,8.35,71.0,12353.0,1791.0,1.03,116.27,61.88,941.76,413.14,8853.0,6.3,24.0,88.08,7995.0,604.94,495.37,2021
2021-05-25,Dow Jones,4454.19,4470.42,4496.109999999999,4434.14,352611255.0,-4.74,3.42,11.38,0.8,84.0,24047.0,1129.0,1.45,125.41,84.9,1711.26,443.17,8853.0,3.48,29.0,18.4,3179.0,1390.74,1193.43,2021
2021-05-26,S&P 500,3021.0199999999995,1735.7,1779.73,3009.925,50428045.0,-4.79,9.7,8.65,8.63,95.0,3390.0,1324.0,0.85,138.05,107.92,1518.65,182.19,5500.0,0.92,47.0,10.25,9706.0,845.76,738.35,2021
2021-05-27,S&P 500,1587.85,1635.85,1641.04,1585.71,101468847.0,0.62,6.99,11.82,8.12,74.0,21273.0,2763.0,1.47,143.2,130.94,1326.04,134.5,5834.0,7.81,5.0,50.87,11726.0,2113.34,1769.46,2021
2021-05-28,Dow Jones,1723.57,1729.31,1749.02,1704.1899999999998,128103576.0,8.04,2.79,10.46,8.12,110.0,16232.0,1059.0,1.36,149.94,146.68,2070.12,105.18,9104.0,3.23,36.0,21.78,14314.0,1891.45,1593.06,2021
2021-05-29,S&P 500,4302.84,4265.75,4343.53,4235.57,325163861.0,8.85,6.22,3.22,6.8,53.0,16232.0,4272.0,0.84,87.68,108.505,2290.2,293.06,9104.0,4.37,31.0,51.19,11498.0,559.32,490.24,2021
2021-05-30,Dow Jones,4512.13,4530.87,2817.075,4489.83,539011100.0,4.69,7.73,10.91,8.71,53.0,6502.0,1602.0,0.95,106.08,70.33,1316.2,295.41,4214.0,1.95,26.0,26.13,10253.0,679.82,573.5,2021
2021-05-31,S&P 500,1250.26,1260.96,1290.62,1245.8,567299987.0,0.01,1.9,13.07,2.33,100.0,5714.0,1551.0,1.01,141.12,31.59,2041.47,148.82,8274.0,8.28,3.0,7.53,10782.0,1515.1,1266.43,2021
2021-06-01,S&P 500,2670.67,2643.35,2702.97,2632.1,851745952.0,1.33,2.59,11.44,2.01,74.0,5443.0,1551.0,0.8,110.775,22.77,1593.01,459.43,9034.0,8.61,1.0,91.18,9652.0,570.56,446.63,2021
2021-06-02,NASDAQ,4375.52,4367.98,4398.31,4327.6,637767926.0,6.51,5.86,7.72,9.25,53.0,23702.0,4031.0,0.9,80.43,51.52,1677.21,186.08,8259.0,8.61,23.0,16.48,2129.0,570.56,1744.45,2021
2021-06-03,NASDAQ,7818.725,3977.9049999999997,3164.58,3945.235,487813508.0,-0.84,8.71,8.93,3.43,62.0,21865.0,918.0,0.87,103.89,21.27,2171.97,475.02,559.0,1.89,40.0,17.19,5599.0,196.9,1744.45,2021
2021-06-04,NASDAQ,3618.6,3587.83,3643.29,3562.87,915187103.0,-3.25,7.19,5.96,8.2,117.0,6467.0,1660.0,1.29,124.28,27.91,1643.72,109.83,8185.0,5.42,18.0,35.92,11223.0,1787.88,1543.67,2021
2021-06-05,NASDAQ,1334.1,1378.79,1401.31,1288.67,839212064.0,-3.88,0.17,5.96,6.07,117.0,26024.0,4114.0,1.0,137.93,20.65,1992.81,477.64,204.0,3.37,34.0,81.77,5829.0,586.43,505.44,2021
2021-06-06,Dow Jones,2984.96,2990.64,3030.46,2978.91,978906610.0,2.76,4.11,5.94,4.36,77.0,22012.0,2909.0,1.44,127.89500000000001,134.84,2351.8,123.47,7739.0,3.37,24.0,33.16,5747.0,1584.48,1314.27,2021
2021-06-07,NASDAQ,7981.45,3238.48,3287.55,3182.54,464915110.0,-1.36,8.05,5.94,4.5,117.0,8730.0,2717.0,1.47,117.86,25.86,1702.6100000000001,251.85,1133.0,7.91,24.0,78.07,8239.0,986.33,817.98,2021
2021-06-08,Dow Jones,1865.33,1868.69,1911.63,1847.5,484868302.0,6.33,9.71,8.53,5.195,56.0,2619.0,4407.0,1.35,109.72999999999999,57.370000000000005,1053.42,325.29,1133.0,7.91,6.0,98.21,5928.0,1030.18,905.24,2021
2021-06-09,NASDAQ,4323.8,4302.48,4352.58,4286.21,966643407.0,7.23,5.57,9.02,4.54,101.0,20356.0,3061.0,0.92,101.6,88.88,2214.45,132.7,9416.0,2.4,24.0,37.62,834.0,307.4,238.03,2021
2021-06-10,Dow Jones,4801.84,3266.1499999999996,4844.89,4712.13,265323656.0,1.37,2.92,10.81,3.46,71.0,13067.0,1996.0,1.41,107.77,120.39,1904.045,246.82,2127.0,5.93,6.0,87.53,1997.0,264.26,232.44,2021
2021-06-11,NASDAQ,2219.0,2229.82,2255.15,2206.56,140581456.0,-0.51,5.35,6.01,5.64,68.0,23033.0,3265.0,0.99,95.33,72.01,1593.64,323.72,7281.0,0.81,34.0,39.22,1997.0,926.78,806.66,2021
2021-06-12,NASDAQ,3859.01,3868.91,3898.460000000001,3854.81,344525735.0,1.97,9.8,4.61,5.64,106.0,8642.0,3586.0,1.0,125.77,114.83,814.01,162.83,845.0,1.39,8.0,2.25,1997.0,1953.5,1643.92,2021
2021-06-13,S&P 500,3414.12,3404.42,3436.37,3382.39,469502118.0,3.43,9.65,6.72,9.17,57.0,8642.0,3949.0,1.04,136.16,111.09333333333333,1579.49,108.36,3548.0,3.93,24.0,0.32,12220.0,800.45,660.33,2021
2021-06-14,Unknown,2596.14,2580.01,2620.53,2573.16,744281933.0,4.09,0.76,4.55,4.47,53.0,8642.0,133.0,1.44,120.02,107.35666666666667,1988.56,402.32,1908.0,3.88,44.0,62.24,1484.0,761.6,647.23,2021
2021-06-15,NASDAQ,4508.36,4487.75,4520.76,4468.29,168464779.0,0.86,6.08,9.94,9.08,63.0,27494.0,4280.0,0.94,120.61,103.62,999.76,224.08,2431.0,5.79,5.0,75.97,3281.0,761.6,797.56,2021
2021-06-16,Unknown,2017.93,1994.96,2057.71,1982.89,778846454.0,5.63,1.45,4.56,3.65,68.0,11514.0,1562.0,1.44,98.22,73.52,1253.4,238.73,8684.0,2.87,31.0,94.97,11573.0,1919.47,1609.71,2021
2021-06-17,NASDAQ,3275.82,3284.35,3294.26,3237.65,638770400.0,2.35,1.45,5.81,0.69,93.0,3643.0,3967.0,0.9,136.59,109.75,2314.91,382.21,3772.0,1.84,49.0,94.51,13893.0,1503.97,1272.64,2021
2021-06-18,S&P 500,3989.78,4021.93,4030.73,3954.27,233230101.0,0.4,2.0,3.84,6.94,77.0,25196.0,2588.0,1.0,145.56,29.37,1298.87,131.84,1064.0,8.56,26.0,31.65,9549.0,876.04,1272.64,2021
2021-06-19,Unknown,2971.28,3000.56,3044.79,2933.2000000000003,50633476.0,5.82,5.66,13.03,2.56,77.0,8114.0,1716.0,1.2,117.94,103.94,1129.6,373.57,338.0,5.35,7.0,9.66,10234.0,1527.86,1275.9,2021
2021-06-20,S&P 500,4621.2,4663.62,4664.06,4616.96,250380148.0,5.82,5.29,12.65,5.195,71.0,25706.0,841.0,1.43,111.15,72.16,1906.07,340.14,9846.0,5.35,2.0,23.58,14282.0,305.81,234.28,2021
2021-06-21,S&P 500,2211.66,2226.0,2262.22,2191.14,278059594.0,2.76,6.45,7.13,8.18,70.0,8297.0,2338.0,1.24,113.9,44.54,1233.82,308.03,1653.0,4.8,35.0,95.64,11797.0,1521.23,1279.35,2021
2021-06-22,Dow Jones,2209.68,3106.48,2233.19,2141.97,868618992.0,8.47,3.67,12.28,5.195,102.0,27983.0,4703.0,1.09,90.5,122.22,2189.65,377.57,9946.0,4.92,2.0,3.88,10620.0,1403.02,1197.46,2021
2021-06-23,Dow Jones,3969.09,3986.96,4029.4,3919.51,944382510.0,3.7,0.58,12.28,5.195,63.0,28758.0,2514.0,0.97,92.00333333333333,148.23,2166.11,320.77,5918.0,9.14,24.0,76.15,5251.0,1403.02,1161.27,2021
2021-06-24,Dow Jones,1871.57,1865.91,1883.65,1836.85,346500909.0,1.62,9.34,12.43,4.71,98.0,11651.0,2514.0,1.25,93.50666666666667,130.28,1093.16,109.24,7226.0,9.14,13.0,68.65,7386.0,1543.57,1310.19,2021
2021-06-25,Dow Jones,2925.11,2945.4,2946.83,2902.74,484026026.0,8.19,6.41,5.58,8.67,98.0,13360.0,1907.0,1.13,95.01,92.82,1105.58,421.33,705.0,0.94,24.0,40.04,3856.0,1191.53,989.21,2021
2021-06-26,Dow Jones,4040.64,4073.76,4082.57,3993.26,99729741.0,9.26,4.37,7.99,7.72,65.0,6144.0,3114.0,1.28,147.29,87.85,1206.0,349.26,4729.0,2.69,14.0,50.34,1489.0,1683.96,1447.19,2021
2021-06-27,NASDAQ,2613.92,3620.7766666666666,2669.72,2573.21,174202562.0,-4.8,0.04,14.2,5.195,119.0,16777.0,1132.0,1.31,101.75,36.4,2125.17,240.34,9105.0,5.37,12.0,23.5,11284.0,313.5,290.15,2021
2021-06-28,Unknown,2199.77,3167.7933333333335,2251.08,2172.48,821955517.0,6.33,3.01,9.11,7.69,64.0,2858.0,1135.0,1.49,125.57,61.595,1183.47,281.65,9439.0,8.15,15.0,33.69,6592.0,169.59,290.15,2021
2021-06-29,Dow Jones,2693.34,2714.81,2732.98,2653.69,672732246.0,6.3,1.31,10.53,1.77,74.0,20366.0,1731.0,0.83,94.67,86.79,2030.68,112.73,9695.0,6.91,1.0,98.5,2455.0,871.95,774.0,2021
2021-06-30,NASDAQ,2337.1633333333334,2792.91,2822.67,2876.0,196862194.0,8.81,3.92,9.24,6.32,51.0,28857.0,3592.0,1.33,137.73,105.34333333333333,2155.8,107.86,8662.0,6.91,26.0,31.21,12112.0,369.06,296.51,2021
2021-07-01,S&P 500,1980.9866666666667,3171.2,3173.78,3098.31,79191199.0,5.51,3.58,10.35,8.93,86.0,13038.0,3052.0,1.2650000000000001,89.11,123.89666666666666,2181.67,147.0,2627.0,1.26,42.0,24.68,6687.0,2085.9,1775.47,2021
2021-07-02,S&P 500,1624.81,1619.38,3226.175,1617.26,328859077.0,-0.46,6.2,13.62,6.88,103.0,27620.0,4195.0,1.2,130.72,142.45,1012.2,487.69,5373.0,1.26,48.0,51.45,7118.0,463.59,398.23,2021
2021-07-03,Dow Jones,3236.24,3234.77,3278.57,3217.54,619466527.0,9.36,8.71,7.56,9.98,103.0,5034.0,4540.0,1.4,116.54,104.05,2170.64,339.09,4587.0,1.33,24.0,18.75,12643.0,1561.61,1299.03,2021
2021-07-04,S&P 500,2197.53,2148.44,2239.77,3485.9849999999997,487813508.0,-2.79,8.84,7.56,5.195,75.0,13116.0,680.0,0.95,131.56,65.65,2310.27,360.03,7073.0,2.75,23.0,35.65,12643.0,449.91,391.74,2021
2021-07-05,NASDAQ,3820.16,3786.63,3830.88,3754.43,840241245.0,1.13,1.24,9.32,4.35,117.0,10723.0,1479.0,1.43,127.74,56.64,1705.09,158.96,2001.0,5.32,14.0,98.31,347.0,948.63,765.94,2021
2021-07-06,NASDAQ,3044.45,2998.29,3067.98,2959.65,177076080.0,-2.76,1.24,7.96,3.51,97.0,7930.0,3329.0,1.03,109.83,47.63,1653.8600000000001,472.89,5444.0,8.46,40.0,50.34,8624.0,2170.54,1799.22,2021
2021-07-07,NASDAQ,3110.71,3062.81,3115.93,3032.09,687812478.0,8.99,1.44,7.96,3.8,67.0,14349.0,3142.0,1.22,81.03,27.73,1602.63,497.68,1235.0,4.06,24.0,16.84,8974.0,279.12,214.58,2021
2021-07-08,S&P 500,2705.59,2675.73,2736.47,2660.66,890545574.0,-0.1,4.05,4.91,5.17,118.0,6573.0,3492.0,1.19,87.01,89.89,2489.82,118.24,7078.0,0.74,36.0,96.5,2216.0,1796.62,214.58,2021
2021-07-09,Dow Jones,4801.84,2562.785,4844.89,4712.13,265323656.0,1.37,2.92,10.81,3.46,71.0,13067.0,1996.0,1.41,107.77,120.39,2023.095,246.82,2127.0,5.93,6.0,87.53,1997.0,609.41,489.65,2021
2021-07-10,Dow Jones,3687.5600000000004,2449.84,2490.64,2446.14,801296174.0,5.23,6.55,7.64,1.83,74.0,18202.0,3984.0,1.45,136.21,37.18,1556.37,402.35,7509.0,3.37,24.0,36.1,10237.0,1435.27,1197.85,2021
2021-07-11,NASDAQ,2573.28,2596.04,2602.47,2553.42,166640905.0,6.67,1.9,7.23,8.77,74.0,18202.0,805.0,1.44,115.3,66.13,1650.23,275.72,7654.0,7.5,3.0,50.34,7273.0,1230.09,1028.43,2021
2021-07-12,NASDAQ,1824.9,3207.26,3248.54,3200.3,309496792.0,6.67,8.51,2.52,6.45,93.0,29725.0,2314.0,0.97,105.15,127.56,1553.77,126.52,312.0,8.71,22.0,2.98,10800.0,2090.81,1751.66,2021
2021-07-13,S&P 500,1076.52,1063.19,1089.84,1038.93,793612307.0,7.83,8.89,3.28,3.56,65.0,7368.0,1402.0,1.15,113.87,147.47,1000.54,103.6,9403.0,8.71,28.0,9.08,533.0,2311.43,1928.16,2021
2021-07-14,NASDAQ,2570.3900000000003,1414.44,1462.85,1408.03,672377355.0,-3.3,6.2,2.15,1.03,84.0,14775.0,1039.0,1.35,95.31,88.1,819.07,498.98,3148.0,5.63,44.0,2.85,875.0,2311.43,926.31,2021
2021-07-15,NASDAQ,4064.26,4050.6,4111.07,4017.24,795334984.0,1.77,4.22,13.53,9.92,102.0,6841.0,1592.0,1.32,81.19,28.73,1162.8,244.92,9009.0,3.97,24.0,50.65,6472.0,1661.27,1384.92,2021
2021-07-16,S&P 500,1809.02,1857.02,3488.535,1769.52,525502241.0,4.93,9.03,12.24,3.79,115.0,3317.0,1934.0,1.2,137.43,103.43,1432.21,114.55,8700.0,3.57,11.0,45.84,1646.0,2081.23,1765.0,2021
2021-07-17,S&P 500,2849.18,2842.95,2866.0,2812.98,429041376.0,-2.03,4.55,10.69,5.35,106.0,12593.0,4822.0,1.02,141.09,139.36,1347.59,139.67,4571.0,3.58,42.0,46.75,1646.0,387.7,334.65,2021
2021-07-18,S&P 500,4302.84,4265.75,4343.53,4235.57,325163861.0,8.85,6.22,3.22,6.8,53.0,12593.0,4272.0,0.84,87.68,103.42000000000002,2290.2,293.06,4571.0,4.37,31.0,51.19,11498.0,357.34,303.27,2021
2021-07-19,Dow Jones,3499.14,3454.65,3522.66,3421.46,274925704.0,2.76,3.37,3.06,4.99,56.0,18513.0,1594.0,1.43,122.02,67.48,2386.13,267.45,3626.0,5.89,47.0,28.5,5445.0,1827.84,1543.37,2021
2021-07-20,Dow Jones,3426.93,3455.6,3503.69,3380.77,46396735.0,8.58,3.74,3.29,9.03,50.0,12771.0,657.0,1.43,125.68,31.54,981.36,369.71,5376.0,0.07,30.0,59.56,10176.0,1523.7,1261.85,2021
2021-07-21,Dow Jones,2209.68,3247.955,2233.19,2141.97,868618992.0,8.47,3.67,12.28,5.195,102.0,27983.0,4703.0,1.09,90.5,122.22,2189.65,377.57,9946.0,4.92,2.0,3.88,10620.0,1593.13,1341.57,2021
2021-07-22,Dow Jones,3017.82,3040.31,3060.77,2971.8,228618577.0,3.26,1.73,2.96,6.11,82.0,27521.0,422.0,0.9,92.27,148.37,2327.91,377.57,5419.0,0.88,1.0,20.3,627.0,1437.08,1205.4,2021
2021-07-23,S&P 500,3685.92,3707.92,3757.77,3663.53,47418028.0,2.48,6.89,11.35,5.26,101.0,17693.0,1518.0,1.11,119.33,73.45,1969.35,352.63,6129.0,9.28,26.0,8.9,10858.0,2033.1,1713.67,2021
2021-07-24,Unknown,3746.36,3726.68,3767.95,3690.19,487813508.0,6.58,5.01,10.64,9.17,75.0,11617.0,2987.0,0.8,93.77,27.68,2407.59,420.34,2566.0,2.2,2.0,50.34,14549.0,1435.37,1713.67,2021
2021-07-25,NASDAQ,2227.11,2275.0,2279.19,2182.81,716678341.0,2.76,6.86,10.97,9.17,103.0,15158.0,1489.0,1.16,112.35,96.65,1858.22,146.13,1452.0,7.13,19.0,82.73,11330.0,1159.23,1713.67,2021
2021-07-26,Dow Jones,4652.17,4656.93,4660.48,4638.07,590020411.0,-0.43,5.75,4.93,4.83,89.0,19115.0,1746.0,1.26,99.67,130.13,1804.65,341.09,9719.0,7.9,47.0,5.05,11330.0,480.14,417.81,2021
2021-07-27,NASDAQ,2453.02,2419.41,2469.02,2408.87,167864291.0,9.01,3.81,8.24,7.06,71.0,24326.0,2011.0,1.43,92.2,111.84,1177.32,451.53,6052.0,9.5,8.0,79.79,1776.0,1220.13,1034.06,2021
2021-07-28,NASDAQ,2180.16,2184.54,2006.6599999999999,2142.24,907047011.0,-2.34,2.77,14.39,5.27,69.0,15035.0,3338.0,0.93,103.71,52.8,2086.79,170.47,7001.0,0.94,33.0,66.6,5662.0,1766.83,1487.71,2021
2021-07-29,NASDAQ,1472.87,1499.87,1544.3,1459.73,776477166.0,-4.7,9.31,13.17,2.09,113.0,15055.0,3712.0,1.17,134.72,58.62,1894.15,432.87,2894.0,0.12,11.0,3.12,11758.0,2197.55,1858.36,2021
2021-07-30,NASDAQ,4137.62,4120.55,4166.54,4075.49,380049604.0,7.64,7.16,4.92,9.37,109.0,16956.0,145.0,1.2,142.99,27.88,1219.48,199.71,3267.0,4.55,19.0,50.34,13322.0,1418.12,1164.81,2021
2021-07-31,NASDAQ,1174.96,1223.99,1262.17,1138.51,425140770.0,8.05,8.22,7.47,3.23,91.0,12131.0,1985.0,1.41,131.06,87.28,1889.44,350.1,8630.0,2.8,25.0,23.75,13657.0,1452.61,1231.93,2021
2021-08-01,Dow Jones,4708.5,4752.16,4762.43,4665.19,530288879.0,9.57,6.52,4.91,3.32,105.0,2300.0,3933.0,1.25,146.95,146.68,2484.28,497.21,4201.0,2.63,35.0,17.27,13274.0,829.28,688.6,2021
2021-08-02,Dow Jones,3286.98,3252.7,3318.48,3226.27,340572196.0,3.72,7.75,6.64,8.42,95.0,12074.0,2008.0,1.1,87.77,105.14,1997.56,296.9,7427.0,6.93,6.0,68.75,9482.0,730.74,618.91,2021
2021-08-03,NASDAQ,3332.52,3372.03,3372.95,3310.58,609083842.0,7.91,0.38,13.7,2.69,56.0,8571.0,581.0,1.47,121.19,49.43,2348.53,437.26,7654.0,3.96,24.0,11.39,2799.0,2007.55,1680.72,2021
2021-08-04,Dow Jones,2501.88,2524.34,2571.51,2497.1,572088966.0,-4.39,0.86,10.9,9.92,106.0,16797.0,3209.0,0.89,92.66,30.63,899.33,357.32,7416.0,5.23,49.0,33.09,407.0,1192.18,1018.66,2021
2021-08-05,NASDAQ,4909.14,4879.17,4943.77,4873.51,63668031.0,-4.12,8.5,8.52,1.2,63.0,16797.0,238.0,1.21,118.94,101.96,950.99,123.3,4173.0,8.91,8.0,69.77,3511.0,2113.55,1786.11,2021
2021-08-06,NASDAQ,2485.87,2506.55,2523.41,2468.63,788283168.0,5.76,6.08,4.05,8.04,63.0,13607.0,4771.0,1.26,145.22,115.88,1357.48,393.06,4548.0,3.64,28.0,60.29,12529.0,1639.6,1374.99,2021
2021-08-07,S&P 500,3353.41,3369.46,3406.94,3322.19,865009615.0,-0.18,4.52,10.04,8.72,104.0,1416.0,335.0,0.81,131.21,136.53,1430.52,467.42,2659.0,6.64,1.0,35.73,7878.0,111.81,77.54,2021
2021-08-08,Dow Jones,3495.99,3517.29,3558.63,3469.44,689475107.0,-1.42,0.72,5.53,2.27,80.0,2053.0,2158.0,0.87,146.95,20.04,1143.08,413.76,6870.0,0.32,44.0,64.11,4034.0,1249.36,1075.56,2021
2021-08-09,Dow Jones,3057.85,3080.84,3108.52,3030.97,281074173.0,7.51,3.66,11.11,5.65,100.0,2053.0,832.0,1.22,114.75,136.66,2228.34,413.76,9074.0,0.32,34.0,52.82,7096.0,200.45,167.28,2021
2021-08-10,Unknown,2063.71,2070.3,2101.0,2016.74,979203354.0,0.42,7.49,10.32,5.65,109.0,11570.0,886.0,1.0150000000000001,97.17,149.33,1993.335,285.97,4054.0,0.12,22.0,66.5,2373.0,1431.6,1198.58,2021
2021-08-11,S&P 500,4637.72,4686.35,4689.69,4589.42,69085137.0,5.63,1.22,14.26,4.02,117.0,1108.0,871.0,0.81,116.8,103.76,1758.33,417.49,7013.0,5.21,43.0,5.25,14245.0,114.82,1198.58,2021
2021-08-12,S&P 500,4958.02,4944.38,5006.67,4931.05,822998514.0,2.14,1.22,6.91,4.5,64.0,22310.0,871.0,1.16,139.84,64.83500000000001,928.85,190.84,7013.0,6.78,24.0,13.83,9015.0,1387.97,1181.56,2021
2021-08-13,S&P 500,2715.78,2675.26,2750.55,2672.61,639755589.0,-4.48,1.22,5.05,4.25,75.0,3259.0,2769.0,0.95,121.03999999999999,25.91,2215.01,131.64,462.0,4.46,34.0,99.78,5583.0,305.39,248.97,2021
2021-08-14,S&P 500,3720.45,3716.23,3727.36,3701.78,487813508.0,-4.17,1.22,11.3,0.91,105.0,7826.0,673.0,0.91,102.24,147.32,1852.14,176.69,9461.0,4.06,3.0,98.17,10369.0,1108.74,933.63,2021
2021-08-15,NASDAQ,1320.42,1319.74,1361.35,1311.53,878191381.0,5.86,1.41,11.59,0.96,105.0,24097.0,2105.0,1.195,115.0,146.14499999999998,1091.27,176.69,3671.0,2.23,41.0,35.15,11098.0,167.4,143.11,2021
2021-08-16,Dow Jones,1076.46,1107.26,1155.06,1057.68,487813508.0,8.61,3.78,7.42,5.83,103.0,9345.0,2765.0,1.48,132.93,144.97,1703.49,114.32,6333.0,3.44,40.0,78.84,6189.0,979.87,825.02,2021
2021-08-17,Dow Jones,3954.39,3910.01,3967.0,3875.6,487813508.0,8.61,7.13,12.71,0.56,103.0,1285.0,3712.0,1.47,94.2,143.79500000000002,1651.8400000000001,312.14,996.0,5.08,15.0,91.96,12901.0,978.69,839.85,2021
2021-08-18,S&P 500,3195.64,3212.58,3239.52,3175.93,487813508.0,6.73,5.9,3.93,0.63,119.0,6907.0,1468.0,1.12,138.65,142.62,1600.19,312.14,6995.0,4.41,3.0,11.08,12901.0,1077.8,921.5,2021
2021-08-19,S&P 500,1640.9,1667.53,1701.39,1638.07,487813508.0,6.01,5.62,3.93,1.07,91.0,14663.0,3354.0,1.26,120.59,59.63,2018.38,395.19,4825.0,7.72,47.0,5.49,12298.0,1931.82,1669.18,2021
2021-08-20,NASDAQ,1155.72,1106.58,1158.94,1088.74,184752785.0,0.67,3.41,9.84,3.53,101.0,28262.0,3844.0,0.96,132.78,131.75,1849.71,339.49,3869.0,7.44,21.0,44.42,1570.0,1832.37,1547.77,2021
2021-08-21,S&P 500,2905.34,2881.17,2910.97,2834.33,72828429.0,-2.52,9.82,5.77,1.72,105.0,24550.0,2271.0,1.04,144.97,121.63,1861.78,339.49,3869.0,2.5,24.0,41.92,7260.0,2220.83,1547.77,2021
2021-08-22,Dow Jones,4523.58,4481.54,4524.85,4474.38,718147297.0,5.97,8.17,11.94,4.9,58.0,22109.0,1861.0,0.98,105.21,130.22,2116.18,273.95,9541.0,9.47,23.0,79.11,11361.0,2220.83,162.81,2021
2021-08-23,S&P 500,2905.34,2881.17,2910.97,2834.33,72828429.0,-2.52,9.82,5.77,1.72,105.0,24550.0,2271.0,1.04,144.97,121.63,1861.78,273.95,9541.0,2.5,24.0,41.92,7260.0,492.78,421.68,2021
2021-08-24,S&P 500,4669.07,4699.51,4704.64,4652.52,487813508.0,-2.29,4.72,6.93,5.66,68.0,16337.0,3136.0,0.86,125.69,123.85,1915.28,396.18,6338.0,9.02,7.0,8.02,10783.0,1401.61,1208.62,2021
2021-08-25,S&P 500,3433.28,3396.45,3453.19,3379.6,688745553.0,1.7,7.71,13.22,7.85,96.0,1871.0,2349.0,1.04,123.12,76.22,1121.56,482.01,8100.0,1.79,48.0,8.34,12962.0,1645.03,1375.12,2021
2021-08-26,NASDAQ,4351.63,4396.42,4400.22,4351.0,311798927.0,2.91,3.97,10.97,5.2,114.0,16450.0,2349.0,1.16,142.07,100.3,1618.36,262.44,2469.0,5.64,27.0,73.51,11781.0,465.1,423.03,2021
2021-08-27,NASDAQ,1962.68,2747.0,1979.9,2707.09,161612157.0,5.01,5.51,14.32,1.1,65.0,28157.0,4589.0,1.2,127.76,65.155,1401.58,228.68,8901.0,5.64,5.0,91.04,6877.0,1275.51,1107.12,2021
2021-08-28,Dow Jones,1101.79,1097.58,1124.29,1063.18,897545642.0,2.76,0.77,2.49,1.14,111.0,15604.0,3634.0,1.08,89.24,30.01,1237.32,278.69,667.0,5.97,37.0,56.99,13407.0,1275.51,1306.3,2021
2021-08-29,S&P 500,4043.41,4067.54,4102.31,4040.21,594050742.0,3.22,0.9,2.05,4.48,118.0,21519.0,3581.0,0.96,105.15,51.14,998.46,411.44,667.0,9.41,29.0,47.12,5650.0,350.18,307.61,2021
2021-08-30,S&P 500,2181.21,2209.36,2237.3,2163.44,219982647.0,6.87,9.65,7.41,3.63,117.0,12544.0,916.0,0.84,103.47,72.27,2485.27,240.14,8119.0,3.75,40.0,46.42,9728.0,1361.44,1137.62,2021
2021-08-31,S&P 500,2074.14,2077.71,2079.75,2041.62,487813508.0,5.78,1.7,4.23,4.94,81.0,2344.0,4642.0,1.0,103.41,93.4,1660.19,114.73,1243.0,1.15,16.0,99.11,11401.0,933.8,797.82,2021
2021-09-01,Dow Jones,1348.37,1346.07,1357.3,1298.36,487813508.0,-1.43,1.7,7.99,4.94,92.0,2101.0,4642.0,1.38,146.58,76.01,835.11,396.92,9364.0,8.1,37.0,26.09,7043.0,1428.63,1198.72,2021
2021-09-02,NASDAQ,1624.83,1643.44,1644.42,1586.72,572888327.0,0.61,4.15,9.71,0.79,53.0,13616.0,2975.0,1.19,112.41,31.51,1905.78,185.75,9436.0,9.33,8.0,42.8,9871.0,669.45,554.9,2021
2021-09-03,S&P 500,1836.74,1810.24,1853.69,1776.34,250102324.0,2.24,5.96,7.35,4.12,100.0,13616.0,3726.0,1.27,119.92,82.895,1979.8,449.72,8822.0,0.67,24.0,81.08,5218.0,181.98,140.85,2021
2021-09-04,NASDAQ,4018.28,4007.43,4053.53,4004.64,280490665.0,4.94,6.46,2.2,8.51,67.0,19099.0,176.0,0.88,101.59,134.28,1453.89,129.33,7282.0,9.26,24.0,46.53,1566.0,1733.15,1484.65,2021
2021-09-05,NASDAQ,3077.54,3101.61,3122.35,3389.8,103968425.0,-3.23,1.42,14.51,8.58,88.0,17980.0,4556.0,0.87,93.63,134.75,1793.36,120.23,5897.0,0.46,4.0,64.06,1566.0,729.95,604.82,2021
2021-09-06,Dow Jones,2788.22,2818.02,2833.85,2774.96,230689263.0,-4.2,9.6,4.95,6.12,104.0,17980.0,187.0,1.18,85.67,128.25,1961.72,174.3,3327.0,6.42,39.0,31.58,11807.0,1803.4,1524.31,2021
2021-09-07,NASDAQ,2690.19,2704.4700000000003,3284.75,2659.87,170138929.0,-4.03,2.24,14.98,5.02,115.0,24427.0,4754.0,1.33,115.39500000000001,125.93,909.99,451.04,3327.0,3.05,1.0,1.93,12932.0,1331.29,1117.74,2021
2021-09-08,S&P 500,3655.16,3690.95,3735.65,3607.51,992784081.0,-4.61,2.24,14.98,5.23,69.0,22031.0,4754.0,1.41,145.12,75.58500000000001,2477.43,262.86,4543.0,3.46,38.0,62.5,3790.0,1762.42,1526.44,2021
2021-09-09,NASDAQ,1949.93,2327.915,2003.18,1905.82,734261468.0,1.81,1.1,14.62,6.31,55.0,22031.0,4571.0,1.41,120.1,25.24,1432.24,431.82,4412.0,2.25,20.0,3.98,13981.0,988.62,839.55,2021
2021-09-10,NASDAQ,1000.91,964.88,3058.115,917.17,487813508.0,2.02,6.33,5.73,2.29,54.0,6529.0,1843.0,1.22,111.42,140.62,1040.56,118.22,4870.0,5.87,22.0,95.98,7692.0,311.64,280.46,2021
2021-09-11,Dow Jones,4077.77,4050.76,4113.05,4021.31,619382488.0,9.11,9.2,10.0,3.32,96.0,27787.0,4286.0,1.27,119.46,110.03,2161.36,382.95,2357.0,5.15,24.0,97.75,3566.0,1966.11,1643.19,2021
2021-09-12,Dow Jones,3335.09,3306.3,3379.77,3285.5,142027096.0,9.46,4.45,8.52,8.98,78.0,7064.0,4956.0,1.05,117.81,114.78,1739.62,435.58,3842.0,7.14,46.0,41.39,2701.0,1813.63,1487.72,2021
2021-09-13,NASDAQ,3156.38,3814.425,3213.96,3153.03,260981264.0,4.38,4.45,14.78,6.27,70.0,19379.0,1989.0,1.32,116.16,119.53,2468.88,112.77,7288.0,2.0,39.0,91.79,14819.0,1760.18,1456.23,2021
2021-09-14,Dow Jones,4278.5,4322.55,4357.57,4254.08,150133579.0,6.48,3.59,8.91,6.94,81.0,14775.0,4402.0,1.39,108.43,101.33,931.07,171.22,4200.0,0.34,24.0,73.25,3175.0,1371.49,1151.22,2021
2021-09-15,S&P 500,2632.61,2658.56,2678.51,2601.24,726595377.0,-2.77,3.37,8.91,8.12,80.0,29987.0,1648.0,1.27,124.46,61.78,1350.34,278.29,7985.0,2.23,7.0,54.91,12405.0,426.43,328.38,2021
2021-09-16,NASDAQ,1405.49,1378.86,1447.15,1351.67,675704817.0,-0.11,1.46,7.65,5.08,115.0,23502.0,1745.0,1.15,99.47,120.24,828.34,376.43,5780.0,6.16,20.0,8.76,4354.0,1028.41,875.63,2021
2021-09-17,Dow Jones,1959.5,1939.6,1968.56,1924.11,631418391.0,-3.55,7.84,7.65,0.57,75.0,11014.0,3398.0,1.03,106.46,44.7,2306.65,104.7,9489.0,1.77,24.0,52.73,14581.0,1854.26,1555.28,2021
2021-09-18,S&P 500,2264.41,2229.46,2307.18,2191.24,236093899.0,3.22,8.85,3.26,5.34,59.0,13061.0,3515.0,1.27,81.8,115.61,2014.09,386.68,9514.0,6.1,1.0,79.41,12231.0,296.52,259.9,2021
2021-09-19,S&P 500,3582.41,3602.96,3644.15,3548.8,8492427.0,3.41,1.9,7.62,4.19,50.0,24053.0,3515.0,1.0,129.63,93.88,940.0,198.47,5945.0,1.98,48.0,1.85,5644.0,867.17,732.9,2021
2021-09-20,S&P 500,1663.1,1631.6799999999998,1711.11,1598.9499999999998,68204720.0,4.28,9.75,4.77,3.99,70.0,15553.0,3329.0,1.09,90.51,65.22,2452.7,307.75,8965.0,2.93,24.0,50.0,8754.0,609.07,519.38,2021
2021-09-21,S&P 500,2572.59,2559.36,2614.61,1491.375,327801348.0,8.22,5.78,6.63,2.53,104.0,28980.0,3470.0,1.48,106.17,87.84,2036.79,428.08,4264.0,2.31,38.0,57.2,5278.0,233.15,171.53,2021
2021-09-22,S&P 500,1421.93,1417.56,2624.645,1383.8,82036433.0,-1.73,9.67,12.07,1.7,64.0,5325.0,1567.0,1.04,117.08,65.39500000000001,2128.27,352.81,1359.0,2.5,39.0,97.84,10613.0,1962.76,1652.96,2021
2021-09-23,S&P 500,2567.64,2598.23,2634.68,2535.77,571913320.0,3.33,9.49,14.55,7.2,112.0,4720.0,3122.0,1.17,105.22,42.95,847.38,246.77,198.0,9.2,16.0,5.22,4998.0,1231.02,1652.96,2021
2021-09-24,Unknown,2644.08,2652.06,2676.81,2596.73,441074308.0,-4.53,7.61,4.73,7.2,115.0,22747.0,3122.0,1.15,114.19,40.63,1305.35,336.8,7452.0,5.76,7.0,72.0,925.0,104.73,1652.96,2021
2021-09-25,S&P 500,4877.29,4908.53,4909.53,4853.11,381186456.0,-4.07,0.9,5.89,8.32,98.0,22488.0,768.0,0.83,113.74,38.31,2050.67,465.36,7724.0,4.24,24.0,12.24,8613.0,1789.64,1652.96,2021
2021-09-26,S&P 500,1264.04,1227.61,1268.82,1179.95,534310806.0,7.51,7.84,14.16,8.33,57.0,10168.0,1454.0,1.41,117.46,32.77,1376.52,364.78,5026.0,4.14,45.0,49.77,9089.0,1282.63,1076.34,2021
2021-09-27,S&P 500,1586.78,1552.5,1617.52,1510.24,245019072.0,-2.78,3.05,14.37,5.21,103.0,24812.0,2365.0,0.92,136.53,132.09,2399.72,212.72,1123.0,4.04,41.0,97.79,5009.0,1523.32,1299.61,2021
2021-09-28,Unknown,4689.74,4660.78,4713.34,4634.75,291655617.0,9.02,0.23,5.52,9.1,109.0,8224.0,595.0,0.97,82.96,98.56,1671.59,452.42,775.0,5.42,22.0,98.88,3095.0,1032.36,886.11,2021
2021-09-29,S&P 500,3852.18,3820.6,3866.64,3804.62,526991525.0,0.08,8.01,14.21,7.89,116.0,1272.0,3716.0,1.05,117.17,37.3,943.46,131.62,8492.0,8.18,24.0,57.99,5556.0,669.24,593.73,2021
2021-09-30,S&P 500,3041.73,3062.49,3096.89,3022.65,88779724.0,1.62,2.96,7.17,1.43,105.0,1725.0,2942.0,0.82,100.6,68.96,1403.91,127.72,7573.0,5.65,16.0,45.69,10250.0,1316.28,1122.76,2021
2021-10-01,Dow Jones,2583.75,2624.31,2635.01,2578.73,676760291.0,5.51,4.66,7.17,6.62,103.0,28837.0,732.0,0.82,112.38,77.17,1823.51,323.65,3963.0,8.05,16.0,11.16,7068.0,1983.74,1672.47,2021
2021-10-02,NASDAQ,1556.79,1528.54,1563.87,1523.51,487813508.0,3.58,4.46,13.18,6.62,111.0,15205.0,4594.0,1.12,102.2,90.33,1949.68,260.52,8959.0,5.77,11.0,31.77,4020.0,1693.64,1426.26,2021
2021-10-03,Dow Jones,3735.47,3782.27,3822.82,3721.93,284688138.0,2.91,6.23,6.27,6.44,89.0,771.0,2251.0,1.14,142.89,64.31,1329.92,127.91,8462.0,9.29,39.0,81.38,12759.0,1008.11,841.81,2021
2021-10-04,Dow Jones,3161.12,3183.36,3209.48,3134.49,108751466.0,0.92,7.85,8.84,3.71,109.0,4562.0,2115.0,1.0,143.04,51.455,2321.02,428.41,6627.0,4.34,10.0,70.13,4345.0,841.09,735.43,2021
2021-10-05,Dow Jones,3317.26,3352.7,3372.54,3295.97,10367922.0,7.49,1.92,10.83,7.11,92.0,22565.0,2115.0,1.46,83.23,38.6,1636.61,248.87,5634.0,9.74,47.0,90.55,11681.0,2105.73,1769.27,2021
2021-10-06,Unknown,2260.96,2288.08,2306.88,2251.6,866433478.0,6.59,6.03,10.13,2.07,105.0,22565.0,3216.0,1.49,113.26,64.925,957.4,112.39,5034.0,6.57,28.0,56.34,9565.0,1218.65,1056.72,2021
2021-10-07,NASDAQ,3788.1,3772.33,3793.06,3729.25,260269328.0,3.28,6.03,7.38,9.49,101.0,27159.0,3639.0,1.41,116.155,91.25,1589.02,161.62,5184.0,2.55,47.0,39.9,7388.0,859.74,1056.72,2021
2021-10-08,Dow Jones,1744.54,1743.33,1755.26,1700.52,373281577.0,1.49,2.42,11.24,5.53,107.0,4179.0,2735.0,1.09,119.05,43.88,2025.68,331.17,6398.0,4.1,4.0,51.21,6654.0,943.43,813.58,2021
2021-10-09,Dow Jones,2983.1349999999998,3722.42,3740.83,3717.13,487813508.0,-2.79,8.08,13.77,3.8,61.0,14980.0,3743.0,0.83,125.99,50.76,2120.575,192.75,2145.0,7.66,31.0,65.87,7509.0,240.84,813.58,2021
2021-10-10,S&P 500,4221.73,4190.41,4238.38,4189.55,966331593.0,-2.79,9.78,7.99,1.01,97.0,23098.0,2428.0,1.23,133.48,69.78,2215.47,264.84,6582.0,1.81,10.0,20.1,11151.0,1765.11,1490.21,2021
2021-10-11,S&P 500,2738.38,2776.15,2815.83,2724.65,803391029.0,8.61,9.09,3.06,4.03,119.0,8982.0,3161.0,0.8,124.65,113.48,1570.51,351.45,7617.0,7.51,18.0,52.1,2218.0,2079.95,1739.4,2021
2021-10-12,S&P 500,4420.12,4432.8,4454.95,4409.29,483117061.0,-3.16,9.15,14.68,3.12,107.0,5151.0,4921.0,1.35,119.64,149.6,1241.15,332.59,9907.0,9.55,15.0,35.46,3448.0,226.14,201.07,2021
2021-10-13,S&P 500,1707.59,1705.89,1733.53,2723.31,549295154.0,-3.32,5.02,10.64,3.49,92.0,25601.0,2859.0,1.26,112.42,111.92,1681.19,339.56,298.0,4.78,24.0,99.95,9546.0,1392.12,1177.49,2021
2021-10-14,Dow Jones,1048.41,1056.49,1074.35,1037.33,943752431.0,-1.1,5.02,5.67,4.7,64.0,14186.0,387.0,1.03,108.84,50.62,1415.34,264.89,1310.0,9.49,8.0,33.39,9171.0,379.2,335.2,2021
2021-10-15,NASDAQ,2817.38,2862.0,2889.21,2804.8,119723911.0,-1.77,3.72,8.99,3.72,64.0,11659.0,4400.0,1.24,83.14,96.48,843.0,122.09,9641.0,6.02,26.0,40.4,4160.0,591.25,504.38,2021
2021-10-16,Dow Jones,3690.81,2452.955,3751.32,3658.09,505246820.0,-2.27,6.06,13.37,1.53,73.0,2395.0,3965.0,1.02,94.74,31.26,1344.01,402.94,9402.0,4.14,7.0,81.55,12703.0,1774.14,1517.24,2021
2021-10-17,NASDAQ,5175.924999999999,2043.91,2070.83,2035.7,103405247.0,-1.46,4.98,11.76,1.53,116.0,22640.0,2150.0,0.91,94.78,96.15,1845.02,148.06,5874.0,4.5,29.0,70.16,10723.0,451.16,374.68,2021
2021-10-18,Dow Jones,3525.23,3526.49,3527.19,3480.48,882279953.0,2.54,4.09,9.38,2.37,80.0,29277.0,4349.0,1.25,117.175,70.63,2004.31,148.06,9760.0,8.21,31.0,12.86,3190.0,123.38,80.86,2021
2021-10-19,S&P 500,2522.07,2551.2,2557.02,2517.32,255295291.0,-2.56,8.33,6.26,1.58,75.0,29277.0,3546.0,1.09,139.57,62.35,1237.47,321.84,8234.0,8.21,42.0,15.78,6842.0,2049.58,1730.8,2021
2021-10-20,S&P 500,10826.125,4307.24,4372.2,4262.57,726896816.0,4.75,3.16,14.26,7.37,55.0,12613.0,4158.0,1.08,109.21,33.97,2471.24,484.2,4955.0,7.37,2.0,16.78,8326.0,2123.34,1801.89,2021
2021-10-21,S&P 500,3543.76,3588.64,3625.42,3494.25,836824674.0,6.09,3.16,11.89,7.1,115.0,591.0,420.0,1.4,90.13,93.19,1649.82,335.08,8502.0,7.77,24.0,59.62,1822.0,2180.4,1839.17,2021
2021-10-22,NASDAQ,11524.125,4100.4,4663.59,4579.08,307452643.0,2.14,5.75,14.84,2.18,115.0,12359.0,1566.0,1.32,111.49,116.7,1267.54,113.75,6574.0,8.34,37.0,25.24,2028.0,1799.32,1514.92,2021
2021-10-23,NASDAQ,4636.81,4612.16,2921.905,4599.21,965050184.0,-4.98,4.83,4.06,1.8,59.0,12359.0,1081.0,0.81,132.85,119.725,1504.31,192.72,161.0,9.68,38.0,28.31,11406.0,356.44,297.68,2021
2021-10-24,Dow Jones,1130.64,1097.34,1180.22,1068.76,596318935.0,0.87,5.44,12.63,3.72,112.0,12671.0,3261.0,1.38,137.85,122.75,1420.92,480.15,7222.0,3.95,14.0,36.47,10662.0,351.42,290.4,2021
2021-10-25,S&P 500,3561.9,3524.73,3565.39,3517.15,627503111.0,-4.31,9.85,4.4,3.72,113.0,14017.0,1545.0,0.9,87.88,73.2,2185.65,217.17,8195.0,0.86,28.0,52.48,1367.0,137.43,131.94,2021
2021-10-26,NASDAQ,3044.45,2998.29,3067.98,2959.65,177076080.0,-2.76,9.85,7.96,3.51,97.0,7930.0,3329.0,1.03,109.83,47.63,1672.15,472.89,5444.0,8.46,40.0,50.34,8624.0,1091.25,898.02,2021
2021-10-27,NASDAQ,4665.96,4640.44,4669.8,4603.11,533177567.0,-1.68,1.59,13.11,6.24,87.0,21223.0,246.0,1.1,122.07,42.58,1158.65,220.31,3044.0,7.04,12.0,96.48,11695.0,1483.27,1226.62,2021
2021-10-28,Unknown,2251.11,2239.67,2281.02,2234.06,107821964.0,0.08,7.24,3.9,5.51,87.0,8732.0,796.0,1.21,116.28,145.46,1774.82,428.94,6389.0,0.1,29.0,34.93,11391.0,1666.52,1384.55,2021
2021-10-29,NASDAQ,4500.53,4486.79,4503.21,4454.97,914136142.0,7.81,2.84,12.62,7.21,73.0,12880.0,3043.0,1.43,95.29,40.06,1508.26,131.28,9495.0,0.1,24.0,68.19,11239.0,1486.65,1245.05,2021
2021-10-30,NASDAQ,1819.53,1818.03,1856.17,1799.62,65802593.0,7.81,4.68,10.47,7.89,81.0,26957.0,1493.0,0.8,99.21,70.59666666666666,1730.63,378.21,254.0,5.0,40.0,10.51,12862.0,1218.59,1043.34,2021
2021-10-31,NASDAQ,4205.78,4211.31,4236.679999999999,4168.51,744516517.0,3.42,3.26,13.97,5.84,76.0,14686.0,2705.0,1.36,146.01,101.13333333333333,2340.25,228.87,6297.0,7.59,15.0,62.53,7817.0,1171.3,978.13,2021
2021-11-01,Dow Jones,2138.17,2164.79,2202.92,2112.76,756303852.0,-0.96,3.66,11.81,0.85,89.0,4234.0,3998.0,0.94,139.94,131.67,956.33,359.35,6450.0,8.43,16.0,3.31,2445.0,810.13,676.82,2021
2021-11-02,Dow Jones,3468.27,3457.19,3485.16,3450.08,786238770.0,1.36,0.47,2.98,9.93,89.0,12288.0,883.0,0.86,98.73,103.85,873.41,459.69,6450.0,8.95,15.0,76.78,2445.0,810.13,179.94,2021
2021-11-03,Unknown,4387.88,4363.69,4433.68,4346.71,234832863.0,2.6,8.29,11.98,5.195,76.0,27381.0,3067.0,1.2,96.68,149.75,1608.69,461.02,9669.0,6.31,36.0,96.99,6877.0,307.56,240.3,2021
2021-11-04,Dow Jones,3755.266666666667,4070.63,4101.44,3545.79,930767877.0,8.13,3.59,3.55,5.62,113.0,5177.0,911.0,1.01,129.59,120.47,2343.97,400.8,9170.0,0.23,38.0,57.19,9016.0,1107.01,929.34,2021
2021-11-05,Unknown,3122.6533333333336,2764.24,2802.07,2744.87,512849042.0,-1.36,2.19,4.05,2.0,54.0,10074.0,3596.0,0.83,105.515,102.51,1365.43,400.8,8690.0,4.88,24.0,71.89,14113.0,1107.01,1819.39,2021
2021-11-06,NASDAQ,2490.04,2499.65,2506.56,2455.13,309547395.0,5.99,9.81,2.71,4.38,109.0,15087.0,1765.0,1.05,81.44,85.09,1712.25,180.13,8690.0,4.88,9.0,93.55,10177.0,919.88,807.5,2021
2021-11-07,NASDAQ,4862.99,4842.18,4885.56,4799.7,627355907.0,4.65,2.46,2.03,0.91,77.0,27582.0,2595.0,1.17,146.24,36.42,2272.3,422.96,1934.0,2.38,24.0,64.67,12576.0,2281.67,1937.94,2021
2021-11-08,NASDAQ,4752.26,4725.39,4758.98,4681.6,655157781.0,1.5,9.65,4.28,5.98,69.0,18568.0,4298.0,1.09,147.93,29.92,2314.32,458.8,6376.0,1.96,0.0,15.95,6215.0,2170.42,1838.85,2021
2021-11-09,S&P 500,4210.56,4168.57,4247.36,4589.935,306702033.0,-0.64,9.65,10.43,4.76,111.0,18568.0,2599.0,0.94,84.31,33.89,1666.005,118.73,5061.0,9.08,24.0,34.49,4143.0,1238.69,1044.24,2021
2021-11-10,Unknown,4556.51,4531.26,4590.21,4498.27,402340150.0,-2.56,7.73,4.79,3.76,94.0,8962.0,2685.0,1.44,143.94,84.79,1017.69,167.76,1571.0,3.9,24.0,20.0,14454.0,940.89,822.0,2021
2021-11-11,Dow Jones,2327.89,2313.56,2369.29,2268.22,822597951.0,-2.89,7.73,7.77,6.36,118.0,17127.0,3023.0,0.93,149.0,103.55,2435.74,139.38,1754.0,8.83,28.0,9.6,9239.0,1795.61,1545.19,2021
2021-11-12,NASDAQ,2611.49,2654.56,2678.82,2571.07,668442778.0,7.84,8.29,14.1,8.51,118.0,17127.0,2595.0,1.32,87.12,103.19,893.27,453.97,1482.0,6.24,24.0,83.65,5532.0,361.15,1545.19,2021
2021-11-13,S&P 500,3455.88,3485.43,3524.3,3103.5150000000003,984177095.0,-0.82,0.07,4.61,5.12,65.0,22436.0,1796.0,1.29,128.95,101.0,2332.48,124.77,2097.0,3.77,42.0,16.93,3427.0,1305.94,1112.35,2021
2021-11-14,S&P 500,3646.74,3690.08,3695.08,3635.96,188696189.0,-0.28,7.54,2.86,4.07,107.0,7141.0,1180.0,1.23,146.53,111.285,1456.59,183.86,6869.0,2.84,48.0,67.12,4235.0,1737.6,1450.0,2021
2021-11-15,NASDAQ,2012.11,2039.96,2051.46,3521.37,965846038.0,-0.79,0.4,2.55,4.07,79.0,15326.0,2731.0,1.2,87.23,121.57,1525.59,489.3,7121.0,8.49,0.0,80.53,11749.0,1737.6,1427.41,2021
2021-11-16,NASDAQ,3461.68,3446.78,3466.2,3406.78,487813508.0,-2.5,6.81,9.71,6.01,91.0,25506.0,2404.0,1.14,136.0,65.02,847.23,293.7,7121.0,3.31,20.0,97.35,3719.0,1721.3,1429.54,2021
2021-11-17,Unknown,2958.58,2962.92,3004.2,2935.61,611464430.0,4.39,6.81,4.3,1.13,63.0,25134.0,3562.0,1.42,99.77,49.83,2066.55,269.89,4646.0,2.17,16.0,94.54,10150.0,376.88,337.6,2021
2021-11-18,S&P 500,2855.73,2889.48,2900.17,2836.65,487813508.0,4.33,2.59,6.5,8.2,81.0,12111.0,470.0,1.0,90.43,134.07,1927.74,433.38,1004.0,4.55,24.0,12.69,12363.0,1488.34,1297.69,2021
2021-11-19,Dow Jones,4669.94,4710.96,4758.85,4649.98,271905808.0,3.82,0.39,2.52,6.01,87.0,18465.0,2618.0,1.36,126.72,124.78,1155.69,489.87,7762.0,2.2,7.0,63.48,3885.0,536.29,433.54,2021
2021-11-20,Dow Jones,1101.79,1097.58,1124.29,1063.18,897545642.0,2.76,0.77,2.49,1.14,111.0,15604.0,3634.0,1.08,89.24,30.01,1237.32,278.69,667.0,5.97,37.0,56.99,13407.0,1949.66,1614.84,2021
2021-11-21,S&P 500,1002.61,1033.39,1063.16,984.67,577981752.0,-0.31,9.38,8.55,0.86,119.0,9226.0,2157.0,0.88,91.41,21.06,903.57,377.59,6273.0,6.32,7.0,36.52,4028.0,1462.65,1207.05,2021
2021-11-22,NASDAQ,1369.44,1328.41,1322.92,1286.98,487813508.0,-1.15,0.63,12.14,2.48,52.0,23169.0,865.0,1.04,93.67,70.37,1230.17,174.99,3209.0,9.9,16.0,50.34,8231.0,225.03,215.68,2021
2021-11-23,S&P 500,1421.93,1417.56,1582.68,1383.8,82036433.0,-1.73,9.67,12.07,1.7,64.0,5325.0,1567.0,1.04,117.08,102.79,2128.27,352.81,1359.0,2.5,39.0,97.84,10613.0,424.72,338.89,2021
2021-11-24,NASDAQ,1816.26,1797.75,1842.44,1768.88,491891905.0,1.89,4.3,13.05,3.53,56.0,4118.0,2274.0,1.23,115.96,135.21,1988.86,325.97,2584.0,3.6,35.0,37.32,5156.0,2096.55,1788.26,2021
2021-11-25,S&P 500,1336.51,1353.81,1354.42,1335.59,487813508.0,5.36,1.01,7.24,0.71,78.0,26804.0,1017.0,1.0,115.82,61.94,991.33,180.76,6375.0,2.69,7.0,65.73,12129.0,2096.55,335.28,2021
2021-11-26,Dow Jones,1042.86,1024.03,1046.42,974.84,892400751.0,8.05,7.98,7.24,4.93,102.0,15192.0,4530.0,0.9,115.68,141.46,1675.69,436.17,2468.0,3.74,21.0,64.32,11023.0,1382.98,1207.29,2021
2021-11-27,S&P 500,2044.19,2023.31,2080.11,2020.39,328622647.0,9.84,3.49,14.42,8.26,61.0,19892.0,3805.0,1.24,115.54,94.67,1367.79,433.02,7514.0,4.16,41.0,92.56,10717.0,1904.51,1578.97,2021
2021-11-28,NASDAQ,1857.63,1874.84,1917.95,1819.63,74650760.0,8.75,5.0,2.36,3.43,99.0,12498.0,749.0,1.02,115.4,101.435,854.83,257.88,8027.0,4.33,34.0,88.05,7898.0,202.67,153.0,2021
2021-11-29,Dow Jones,4345.77,4367.4,4389.01,4327.7,697041969.0,4.44,6.34,8.24,9.9,79.0,14128.0,3025.0,1.25,140.7,108.2,1218.54,257.88,9441.0,4.69,39.0,88.89,10421.0,2104.59,1807.18,2021
2021-11-30,NASDAQ,3077.54,3101.61,3122.35,3284.95,103968425.0,-3.23,1.42,14.51,8.58,88.0,17980.0,4556.0,0.87,129.47,134.75,1793.36,120.23,5897.0,0.46,4.0,64.06,10421.0,735.59,633.13,2021
2021-12-01,S&P 500,2298.05,2283.73,2324.62,2242.2,690590556.0,9.31,8.5,13.75,2.32,50.0,27438.0,1058.0,1.39,118.24,121.52,1528.635,394.6,4192.0,9.88,28.0,65.92,13147.0,1637.52,1392.39,2021
2021-12-02,Dow Jones,4756.27,4751.82,4770.51,4721.39,539498207.0,6.87,8.9,11.49,4.64,102.0,11132.0,2797.0,1.38,104.35,79.31,1263.91,445.79,1227.0,4.04,13.0,50.34,13844.0,2074.92,1738.56,2021
2021-12-03,NASDAQ,1835.32,1799.37,1881.6,1768.31,665166989.0,2.75,2.22,9.52,3.83,61.0,8622.0,4275.0,0.89,114.88,27.18,995.59,336.08,8431.0,0.73,48.0,5.8,7759.0,1051.55,902.79,2021
2021-12-04,Unknown,4402.46,4428.68,4477.67,4373.74,322996389.0,2.76,8.39,8.36,9.91,52.0,26395.0,614.0,0.92,102.76,47.72,996.15,336.08,9055.0,9.85,2.0,89.79,3953.0,2084.41,1768.16,2021
2021-12-05,S&P 500,4544.73,4589.05,4591.8,4539.03,66827525.0,-1.39,4.33,12.19,4.19,54.0,29253.0,702.0,1.07,128.95,95.87,1717.2150000000001,387.19,9055.0,5.38,42.0,50.86,8643.0,2106.5,1757.24,2021
2021-12-06,S&P 500,4355.42,4374.7,4386.96,4341.17,839891368.0,2.13,8.46,2.81,5.38,84.0,22057.0,2752.0,1.48,111.55,144.02,2438.28,284.51,6864.0,4.8,21.0,96.84,8820.0,1136.7,937.7,2021
2021-12-07,NASDAQ,1030.66,994.1,1072.73,993.54,354842446.0,2.13,5.64,5.3,1.6,50.0,27759.0,3026.0,1.3399999999999999,108.2,40.05,956.98,305.27,1429.0,1.04,3.0,34.17,2334.0,2145.55,1806.47,2021
2021-12-08,Dow Jones,2367.4,2353.75,2398.52,2346.21,219668120.0,-3.33,1.23,4.5,7.43,82.0,28759.0,3026.0,1.2,107.27,49.68666666666666,2342.88,367.19,9755.0,1.6,24.0,63.75,1460.0,1521.68,1293.69,2021
2021-12-09,NASDAQ,2704.565,3897.07,3898.98,3838.94,761908760.0,0.74,7.51,11.11,6.55,65.0,2125.0,1115.0,1.37,111.24,59.32333333333332,2328.02,162.77,946.0,0.2,38.0,2.76,4896.0,1912.85,1629.4,2021
2021-12-10,S&P 500,3041.73,3062.49,3096.89,3022.65,88779724.0,1.62,2.96,7.17,1.43,105.0,1725.0,2942.0,0.82,100.6,68.96,1403.91,127.72,7573.0,5.65,16.0,45.69,10250.0,455.09,377.15,2021
2021-12-11,NASDAQ,3653.24,3681.9849999999997,3716.0,3640.31,903170423.0,5.49,9.76,8.43,9.63,114.0,24042.0,2942.0,0.81,101.64,118.12,2041.35,446.82,8494.0,8.05,24.0,39.74,10712.0,1300.83,1095.68,2021
2021-12-12,NASDAQ,4301.66,4301.48,4302.12,4271.47,868915538.0,4.14,1.36,5.74,1.88,108.0,20830.0,1168.0,1.25,105.39,147.44,1377.17,363.63,5459.0,8.05,42.0,94.47,6281.0,1071.56,873.79,2021
2021-12-13,Dow Jones,2283.42,2724.5199999999995,2330.71,2272.84,729246043.0,2.51,2.3,4.55,5.57,103.0,17439.0,3443.0,1.0,109.14,144.6,1422.87,214.84,1795.0,3.3,25.0,55.82,7178.0,1763.42,1470.59,2021
2021-12-14,S&P 500,1159.25,1147.56,1191.79,1124.38,561233187.0,8.07,6.82,9.22,2.11,59.0,22593.0,2805.0,1.09,137.23,62.98,1438.9,451.07,1795.0,9.49,0.0,88.48,13052.0,2137.06,1826.63,2021
2021-12-15,S&P 500,2709.87,2671.63,2752.86,2648.79,155264819.0,-0.76,6.82,9.22,1.17,62.0,25059.0,3160.0,1.24,93.93,69.07,1244.53,454.45,9194.0,9.49,24.0,90.11,8227.0,309.58,265.75,2021
2021-12-16,NASDAQ,4104.625,1675.49,1679.29,1592.45,826189157.0,9.33,6.11,14.05,2.46,93.0,16686.0,4601.0,0.96,105.76,43.24,854.37,202.56,4412.0,6.95,12.0,61.76,6625.0,1302.62,1102.27,2021
2021-12-17,Unknown,1287.1,1279.79,1330.78,1259.08,661521519.0,-1.61,8.65,3.64,6.01,115.0,16686.0,1207.0,1.31,93.25,52.16,1790.35,376.43,9423.0,6.95,4.0,93.78,1297.0,560.83,477.11,2021
2021-12-18,Dow Jones,2239.15,2265.66,2314.55,2223.78,480024545.0,-4.29,3.71,2.01,0.68,105.0,23476.0,4246.0,1.09,112.95,109.12,1640.4,382.74,7858.0,4.47,21.0,49.84,2401.0,560.83,477.11,2021
2021-12-19,S&P 500,10743.5,4296.73,4305.01,4296.55,581850629.0,2.84,3.71,7.89,6.23,84.0,24061.0,4794.0,1.135,96.08,50.62,845.05,492.06,8908.0,6.49,43.0,81.09,5382.0,1974.07,1671.14,2021
2021-12-20,Dow Jones,3371.36,3370.49,3402.55,3359.91,172528490.0,7.74,0.53,5.31,8.6,86.0,4721.0,2558.0,1.18,111.91,61.65,1325.8533333333332,443.71,8290.0,6.49,23.0,98.99,4629.0,607.35,514.37,2021
2021-12-21,NASDAQ,4262.98,3489.22,4316.68,4243.04,990814609.0,6.61,7.93,10.32,3.37,61.0,1069.0,4508.0,0.85,97.03,144.06,1806.6566666666668,443.71,4354.0,7.99,43.0,63.36,11220.0,975.67,829.86,2021
2021-12-22,Dow Jones,3393.43,3607.95,4042.315,3346.29,521668783.0,0.48,5.64,5.84,6.44,54.0,8592.0,4159.0,1.1,113.06,114.98,2287.46,181.41,7030.0,1.92,0.0,79.56,9761.0,975.67,1025.83,2021
2021-12-23,Unknown,3746.36,3726.68,3767.95,3690.19,487813508.0,6.58,5.01,10.64,9.17,75.0,11617.0,2987.0,0.8,93.77,27.68,2407.59,420.34,2566.0,2.2,2.0,50.34,14549.0,1595.57,1322.45,2021
2021-12-24,S&P 500,2722.12,2758.92,2806.88,2689.49,867962828.0,2.83,1.35,9.36,3.71,82.0,11598.0,3296.0,1.01,133.42,97.79,1539.38,440.25,4606.0,6.53,22.0,72.39,14549.0,1344.99,1107.99,2021
2021-12-25,NASDAQ,2942.36,3069.285,2983.52,2938.72,219593975.0,-1.2,1.3,12.36,1.48,91.0,29343.0,892.0,1.34,128.04,45.69,1980.85,375.39,5450.0,3.27,5.0,46.83,9366.0,1961.89,1107.99,2021
2021-12-26,NASDAQ,3406.22,3379.65,3425.72,3373.2,582035325.0,3.01,0.69,10.19,1.48,115.0,25186.0,4077.0,0.99,115.91,33.23,2253.45,454.16,5587.0,1.67,37.0,90.52,6792.0,723.32,595.22,2021
2021-12-27,Dow Jones,1218.93,1262.01,1273.56,1181.52,189128278.0,-1.88,0.22,7.78,0.9,66.0,29399.0,2298.0,1.02,126.62,114.12,2366.19,333.15,9628.0,8.06,49.0,70.39,12588.0,2284.21,1942.87,2021
2021-12-28,NASDAQ,4825.17,4808.82,4862.59,4797.4,487813508.0,-2.42,2.51,8.36,0.9,87.0,1768.0,248.0,1.22,145.65,83.41,2407.52,162.25,2125.0,0.9,18.0,5.55,13160.0,1956.8,1658.31,2021
2021-12-29,NASDAQ,4196.63,4172.2300000000005,4230.48,4143.42,487813508.0,9.97,3.8,11.52,0.9,95.0,11443.0,4963.0,1.19,110.48,127.1,2082.31,364.27,592.0,7.8,22.0,61.07,1281.0,1540.86,1285.56,2021
2021-12-30,Dow Jones,4553.61,4575.21,4581.7300000000005,4529.85,880553429.0,4.59,1.37,3.87,1.98,68.0,5403.0,564.0,1.26,98.75,81.44,1108.39,400.39,592.0,7.59,21.0,77.0,9094.0,1289.07,1094.37,2021
2021-12-31,Dow Jones,4497.23,4511.16,4545.85,4478.32,54326698.0,8.34,9.6,9.06,2.26,67.0,11195.0,1016.0,1.44,115.27,35.78,2247.31,392.95,6421.0,3.15,18.0,27.34,1277.0,557.45,456.1,2021
2022-01-01,S&P 500,11336.85,4567.0,4601.73,4488.79,811872270.0,0.59,1.3,9.06,1.85,77.0,25529.0,3898.0,1.39,97.39,28.525,1846.87,377.98,6421.0,4.72,24.0,32.53,13191.0,827.05,691.81,2022
2022-01-02,NASDAQ,3127.49,3152.46,3164.58,3085.41,352945265.0,0.59,8.71,8.93,3.43,62.0,21865.0,3898.0,0.87,103.89,21.27,2171.97,475.02,559.0,1.89,40.0,17.19,5599.0,1985.72,1669.93,2022
2022-01-03,Dow Jones,4868.51,4824.13,4874.41,4805.58,630562028.0,0.09,9.16,4.99,9.73,101.0,2515.0,1610.0,1.48,113.52,25.65,2091.55,131.64,6152.0,4.72,48.0,17.22,13738.0,1711.38,1460.57,2022
2022-01-04,NASDAQ,3050.01,3092.27,3105.13,3045.56,820368765.0,2.76,9.47,8.06,7.03,90.0,27226.0,166.0,1.5,113.68,65.57,1042.29,169.1,9481.0,8.54,6.0,62.85,610.0,627.16,551.19,2022
2022-01-05,Dow Jones,6657.75,2705.08,2721.82,2657.96,723854755.0,5.31,0.08,10.47,5.58,60.0,28770.0,1618.0,1.405,105.68,141.3,2143.7,107.32,619.0,7.37,20.0,87.44,4889.0,1268.7,1078.46,2022
2022-01-06,Dow Jones,4934.09,4980.72,5019.24,4901.3,674155416.0,-4.24,2.88,8.58,0.89,63.0,28770.0,2333.0,1.31,131.72,96.94500000000001,1961.12,362.05,8522.0,3.77,14.0,91.46,13579.0,1268.7,1571.62,2022
2022-01-07,NASDAQ,2189.16,2179.51,2235.28,2131.89,588423680.0,4.27,6.96,6.62,2.69,108.0,1179.0,1224.0,0.98,96.01,52.59,1023.45,297.12,3545.0,1.77,11.0,32.28,248.0,735.8,621.05,2022
2022-01-08,Dow Jones,1200.97,1185.64,1214.1,1152.19,936841292.0,-3.18,8.43,9.69,7.66,82.0,26924.0,3688.0,1.48,123.17,90.21,1152.04,267.03,1279.0,4.96,24.0,50.34,11453.0,2010.02,1694.91,2022
2022-01-09,Dow Jones,2428.48,2402.13,2263.48,2398.98,959701253.0,7.57,7.73,9.69,2.19,84.0,18249.0,3231.0,1.19,147.88,86.88,1518.38,377.4,6201.0,0.93,45.0,10.28,9895.0,784.32,666.83,2022
2022-01-10,Dow Jones,3307.93,3286.28,3312.86,3266.05,613703698.0,-4.69,7.11,2.8,4.59,114.0,14918.0,4479.0,1.2,97.02,106.66,1166.23,298.36,2848.0,1.93,42.0,87.3,8707.0,932.73,803.43,2022
2022-01-11,Unknown,2251.11,2239.67,2281.02,2234.06,107821964.0,0.08,7.24,3.9,5.51,114.0,8732.0,796.0,1.21,116.28,145.46,1774.82,428.94,6389.0,0.1,29.0,34.93,11391.0,1074.47,912.27,2022
